:020000040800F2
:10000000000005208DF7010805C9000807C9000890
:1000100009C900080BC900080DC90008000000004C
:10002000000000000000000000000000E1180108CE
:100030000FC900080000000081190108E519010836
:10004000DDF70108DDF70108DDF70108DDF701083C
:10005000DDF70108DDF70108DDF70108DDF701082C
:10006000DDF70108DDF70108DDF70108DDF701081C
:10007000DDF70108DDF70108DDF70108DDF701080C
:10008000DDF70108DDF70108DDF70108DDF70108FC
:10009000DDF70108DDF70108DDF70108DDF70108EC
:1000A000DDF70108DDF70108DDF7010811C90008D7
:1000B000DDF70108DDF70108DDF70108DDF70108CC
:1000C000DDF70108DDF70108DDF70108DDF70108BC
:1000D000DDF70108DDF70108DDF70108DDF70108AC
:1000E000DDF70108DDF70108DDF70108DDF701089C
:1000F000DDF70108DDF70108DDF70108DDF701088C
:10010000DDF70108DDF70108DDF70108DDF701087B
:10011000DDF70108DDF701081DC90008DDF701085A
:10012000DDF70108DDF70108DDF70108DDF701085B
:10013000DDF70108DDF70108DDF70108DDF701084B
:10014000DDF70108DDF70108DDF70108DDF701083B
:10015000DDF70108DDF70108DDF70108DDF701082B
:10016000DDF70108DDF70108DDF70108DDF701081B
:10017000DDF70108DDF70108DDF7010800000000E8
:10018000DDF70108DDF70108DDF70108DDF70108FB
:10019000DDF70108DDF70108DDF70108DDF70108EB
:1001A00029C90008DDF7010835C90008DDF7010895
:1001B000DDF70108DDF70108DDF70108DDF70108CB
:0801C000DDF70108DDF701087D
:1002000010B5054C237833B9044B13B10448AFF350
:1002100000800123237010BD780A00200000000038
:10022000E4F0030808B5034B1BB103490348AFF3DF
:10023000008008BD000000007C0A0020E4F00308F4
:10024000F0B44C1E05464E2C3FD8DFE804F03B3B93
:100250003B3B3E3E3E3E28283B282828282828288D
:1002600028282828283E29292929292929293B28DD
:10027000282828283E28293C3B3E3B29293C3E3E55
:100280002828283B3B3B3B3B283B3B283B3E3E282A
:1002900028283E3E3E2828283B293B292900A2B198
:1002A000D5E90540844210DA2F692601B8190134D6
:1002B0004FF0000CC0F804C06C61B955C0E90223CE
:1002C000F0BC70470AB1002BEAD10020F0BC7047A7
:1002D00010B4C3681C78522C0A460FD04F2C03D0A0
:1002E00008465DF8044B7047016B03310163202120
:1002F0000133C3605DF8044B0023A1E7016B0231B9
:1003000001631F21F4E700BF002A4ED070B50546F7
:100310000E4614462378013B4E2B2CD8DFE803F021
:10032000373737402B2B282837373737373737378A
:10033000373737373737372B373737373737373759
:100340003737303037372B373737372C3737373762
:100350002B28373737373737373737373737372B54
:100360002B372C2C2C2C2B37373737373737370098
:10037000E468002CCED170BDA468002CCAD1FAE785
:10038000A2681378052B03D1336801333360A26868
:1003900031462846FFF7B8FFE468002CBAD1EAE7F7
:1003A0002B6801332B60A268F2E770479AB32DE9FE
:1003B000F0418E180446D0F80031013E4D1E002752
:1003C00016E0D4F80831D4F80C2184F8FF7098476F
:1003D000D4F8243100220133C4F82431B5424FF05F
:1003E0000103C4F8003104F8028084F8048110D0BD
:1003F000FF2B1946204615F8018FE2D01A46B54268
:1004000003F10103C4F8003104F8028084F8048188
:10041000EED1BDE8F0817047A0F11C03042B07D991
:100420004C2805D04E3801288CBF00200120704791
:100430000120704770B4026811786E2918D0A1F1BC
:100440003003092B1ED800260023013203EB83035F
:10045000026001EB43041178A1F13005092DA4F1EC
:100460003003F2D90EB1C4F13003184670BC7047A6
:10047000531C03605178A1F13002092A02D81A46B0
:100480000126E1E70023184670BC7047D0E9053229
:10049000934270B50EDA01691A018C1801330026F7
:1004A000412566600C3083608D54FFF7C3FFA06068
:1004B000204670BD0024204670BD00BF10B5C36843
:1004C0001A785F2A04460DD06E2A0DD00C30FFF743
:1004D000B1FF013008D4E3681A785F2A04D10133F0
:1004E000E36010BD0020FAE74FF0FF3010BD00BF01
:1004F000F8B5C3681A78542A19D10133C360044689
:10050000FFF7DCFF051E12DBD4E90531A26A8B423E
:1005100002F10102A2620ADA21691A018818013384
:1005200000270526476063618E548560F8BD002072
:10053000F8BD00BF2DE9F04104460C30FFF77AFF0B
:10054000071E49DDE56863685B1B9F4242DCA268C9
:10055000EB195207E36004D5EA5D242A04BF013396
:10056000E360092FD4E9056810DCB04532DD21696C
:1005700032018818013600234360666155B3436039
:100580008B54C0E90257E062BDE8F08108221449AB
:10059000284639F09DFC0028E7D12B7A2E2B03D07A
:1005A0005F2B01D0242BE0D16B7A4E2BDDD1236B56
:1005B0001633DF1BB04527630CDD2269094D33017B
:1005C000D0180021013666614160D1541523C0E97D
:1005D0000253D8E70020D6E70020BDE8F08100BF35
:1005E000044604081046040870B5C368C66A1A7841
:1005F000422A04460D460FD10133E3602046FFF73F
:1006000099FF2A4603464B212046FFF719FEE3686F
:100610001A78422A0546EFD0E662284670BD00BF30
:100620002DE9F8430546C0680378532B31D1431CAC
:10063000EB604278A2B3831CEB6042785F2A00F043
:100640008980A2F13004E3B2092B25D800210EE005
:10065000303B99421DD8E9680A78481C22B1E8600D
:100660000A785F2A00F08280A2F130041946E4B2D1
:1006700001EBC103092CA2F1410002EB8303E7D98E
:10068000192806D801EBC10302EB8303373B9942DB
:10069000E1D90020BDE8F883A2F14103192BD5D997
:1006A000AB6803F00803002B14BF0124002401D120
:1006B00000295DD1354B7421914203F1C40005D06E
:1006C0001C338342E5D219789142F9D15869D5E9B2
:1006D0000521A8B18A4257DAD5F810C0D3F818E03E
:1006E00017010CEB070601324FF000094FF0180814
:1006F000C6F804906A610CF80780C6E9020EEE6243
:10070000002C3CD1D3E901642B6B914223442B6331
:1007100038DD29691301C81801324FF0000C182781
:10072000C0F804C06A61CF54C0E90264EB681B786A
:10073000422BAFD101462846FFF756FF0028A8D02C
:10074000D5E908329342A5DAE9695A1C41F8230039
:100750002A629FE700232A6A9A429AD9AA6AE9691B
:100760000132AA6251F82300BDE8F8830133F2E7B1
:10077000EB681B78433B012B98BF0C469AE7D3E903
:100780000364C1E70020D1E70026B8E740F1030881
:10079000C3681A785F2A01D00120704710B55A1C2F
:1007A000044640F80C2F5A785F2A04D0FFF742FE27
:1007B000C043C00F10BD0233E360FFF73BFE0028CB
:1007C00005DB092807DDE3681A785F2A01D00020DD
:1007D00010BD0133E360012010BD00BF70B103788C
:1007E0002F2B0FD1002904DC09E003782F2B09D12E
:1007F00031B1C06801390028F7D17047704701D185
:100800008068704700207047D0F8103133B1096814
:100810005B680029DB6804DB1846DFE70122C0F8CB
:1008200018211846704700BF002942D038B5054648
:100830000C4623784B2B27D8DFE803F02E262626FC
:1008400026302E2B2B26262626262626262626262C
:10085000262626262E262626262626262626262630
:100860002626262E262626262E262626262E2B260B
:100870002626262626262626262626262E2E262608
:10088000262E2E2E26262E2EA1682846FFF7CCFFD8
:1008900018B9E468002CCCD1002038BD04F108015F
:1008A0002846FFF7B1FF0028F6D003782F2BF3D1AD
:1008B00038BD0020704700BF2DE9F0411446D4E94F
:1008C000025752684B1C1344AB4282B00E4680461E
:1008D00014D817B102B0BDE8F081D4E90003324664
:1008E0004146184408F004F8D4E9003233449F54D8
:1008F00063681E44666002B0BDE8F081002FE9D154
:100900001DB9022B4FF0020502D96D00AB42FCD895
:100910002946206839F000FC28B1E7682060A5600E
:10092000002FD7D1D9E70190206839F025F8019B35
:100930000122C4E90033C4E90232CBE738B50446EA
:1009400029B9C3681A7832B15A1CC260197868296B
:1009500012D0762901D0002038BD04F10C052846BC
:10096000FFF768FDE3681A785F2AF4D10133E3608A
:100970002846FFF75FFD03E004F10C00FFF75AFD86
:10098000E3681A785F2AE6D10133E360012038BDBD
:100990002DE9F04188B00A4604461C4901A839F007
:1009A00025FE01A808F0CCF968B301ADD4F80031F8
:1009B0002E18002716E0D4F80831D4F80C2184F85A
:1009C000FF709847D4F8243100220133C4F8243151
:1009D000AE424FF00103C4F8003104F8028084F8FD
:1009E000048110D0FF2B1946204615F8018BE2D068
:1009F0001A46AE4203F10103C4F8003104F8028044
:100A000084F80481EED108B0BDE8F08128460408DE
:100A10002DE9F04FC3681D7883B000228D42044653
:100A2000019200F09981DFF8C094884601AF01255A
:100A3000666B65631A784C2A5CD0542A66D0732A98
:100A400045D0662A1CD15A78702A00F0878020464B
:100A500001F070FA0546002800F08C810378312BF4
:100A600000F09880322B56D0332B71D1E3681A787E
:100A70005F2A00F0DA81204600F038FA0346C1E030
:100A8000A2F13001092900F2E780204601F0FEFBC7
:100A90000546002800F06E81E3681A78492A00F0C4
:100AA000B88066632A4600232E212046FFF7C8FB44
:100AB000386030B3E3681A78424500F10C07B6D1CC
:100AC0000133019DE360284603B0BDE8F08F5A78FA
:100AD000722A00F0AB80702AB9D10233E36020465D
:100AE00000F004FA002302464A212046FFF7A8FB43
:100AF000054603E0204602F013F805466663002D24
:100B0000D0D10025284603B0BDE8F08F2046FFF77E
:100B1000EFFC0546F2E78368032B19D801A252F8CF
:100B200023F000BFB70C0008770A0008510B00083B
:100B3000510B0008742A8AD15B786C2B87D1204630
:100B400000F0FEFDE3685A780546002A40F0238154
:100B500000252846666303B0BDE8F08F9A1CE2606A
:100B60009A78542A40F082800333E3600020D4E96D
:100B700005329342ECDA21691A018D1801334FF0E6
:100B8000000E4FF0060CC5F804E0636101F802C0E6
:100B9000A86086E7D0F808B0236BDBF80820DBF804
:100BA00000A0023A134423635046494607F04CFF25
:100BB000002800F0E480DBF80CB0BBF1030FC7D8CD
:100BC000DFE81BF079000400F70081009AF800309C
:100BD000702B65D06D2B63D04FF0000B5046BD4994
:100BE00007F032FF002840F0C080204600F090FB64
:100BF0000346BBF1000F05D01A4638212046FFF707
:100C00001FFB03462A4636212046FFF719FB0546FF
:100C100074E70133E360204600F07AFB2A4603467E
:100C200004212046FFF70CFB054667E70233E3602B
:100C3000204600F085FD8246204601F027FBE36850
:100C40001A78492A83461ED0034629465246204632
:100C5000FFF7F6FA054651E76F2A40F094805A787C
:100C60006E2A7FF4F4AE0233E3600EE72046FFF70E
:100C700025FC6FF0004398423FF46AAF431C3FF4F9
:100C800067AF013073E70133E360204600F040FBBB
:100C90005A46034604212046FFF7D2FA0346D4E71A
:100CA0009AF801209A4297D1E3681A785F2A95D181
:100CB0000133E36090E72A46002335212046FFF701
:100CC000BFFA05461AE7BAF1000F3FF441AF824977
:100CD000504607F0B9FE002800F0C7809AF80030AF
:100CE000662B00F0ED806E2B7FF432AF9AF8013066
:100CF000772B02D0612B7FF42BAF5F212046FFF7CB
:100D000087FE8246204600F01BFDE3681A78452ADC
:100D1000834600F08680702A00F0C680692A7FF43E
:100D200017AF5B786C2B7FF413AF204600F0DEF832
:100D300003465A463B212046FFF782FA52460346B5
:100D40003A212046FFF77CFA2A46034639212046FD
:100D5000FFF776FA0546D1E60133C3602E2113462C
:100D600003B0BDE8F04FFFF76BBA204600F0BEF8C5
:100D700003463EE72846666303B0BDE8F08F204691
:100D800000F0DEFC3DE7692A7FF4D4AE5A786C2A85
:100D90007FF45DAE00250233E36045212046FFF776
:100DA00037FE2A46034630212046FFF749FA05461A
:100DB000A4E6BAF1000F3FF4CBAEAB681B685A78DB
:100DC000632A3AD09AF80030662B49D1204601F0C8
:100DD000B1F883464149504607F036FE002839D025
:100DE0003F49504607F030FE28B150463D4907F0D4
:100DF0002BFE002868D1204601F048FAE3681A78F3
:100E0000492A824643D053465A4638212046FFF7A6
:100E100017FA2A46034637212046FFF711FA0546FE
:100E20006CE60133E360002383E70133E36045218F
:100E30002046FFF7EDFD0346E4E61B78A3F16302CD
:100E4000012A02D9723B012BBCD8204600F078FC65
:100E50008346BFE745212046FFF7DAFD8246D2E709
:100E6000204600F043F88346B4E7204600F03EF801
:100E70008246204600F03AF88346204600F036F8D5
:100E8000034600287FF455AF666305461BE6013331
:100E9000E360204600F03CFA524603460421204617
:100EA000FFF7CEF98246AEE75A78692A7FF450AE52
:100EB0000233E36045212046FFF7AAFD034638E7E9
:100EC000204601F037F8D3E7204600F00FF88246BD
:100ED00099E700BF2C4604083C4604083046040845
:100EE0003446040838460408484B0408C1680B78A7
:100EF0004C2B67D0542B67D0732B2DE9F04104465F
:100F00001CD0662B3DD14B78702B1DD18B1CC36040
:100F10008B78542B40F09A800331C1600020D4E9D3
:100F2000053293424ADA21691A018D1801330027EC
:100F300006266F6063618E54A8602FE04B78722B99
:100F40006ED0702B00F06081204600F0F3FF054664
:100F5000A0B30378312B39D0322B00F02781332B0B
:100F60002CD1E3681A785F2A00F076812046FFF7DB
:100F7000BDFF03462A4620463621BDE8F041FFF773
:100F80005FB9A3F13002092A41D8204601F07EF969
:100F9000054698B1E3681A78492A2BD02846BDE85F
:100FA000F081742BD0D14B786C2BCDD100F0C8FBE5
:100FB000E1684B780546002B40F0908100252846DB
:100FC000BDE8F08101F0ACBDFFF792BA8768236BF2
:100FD000BA683E68C849023A13442363304607F0B2
:100FE00033FD00285BD0FF68032FE7D8DFE807F068
:100FF0005C38A7640133E360204600F089F92A4693
:10100000034604212046BDE8F041FFF719B96F2BD4
:1010100040F05C814B786E2B96D10231C160B4E711
:101020000231C16000F08CFB0546204601F02EF92C
:10103000E36819784929064600F0D98003462A4614
:1010400020460121BDE8F041FFF7FAB8FFF736FA74
:10105000C34333F0004318BF01307FF460AFADE706
:10106000002E83D03378702B00F0B0806D2B00F011
:10107000AD8000273046A14907F0E6FC002840F08B
:10108000B180204600F044F90346002F3FF472AFD0
:101090001A4638212046FFF7D3F803466AE7204670
:1010A00000F04EFB034665E72A4620460023352123
:1010B000BDE8F041FFF7C4B89149304607F0C4FCE1
:1010C000002800F0D1803378662B00F0F6806E2B7C
:1010D0007FF474AF7378772B02D0612B7FF46EAFFF
:1010E0005F212046FFF794FC0646204600F028FBCF
:1010F000E36819784529074600F0AA80702900F0B6
:10110000D08069297FF45AAF5B786C2B7FF456AF9F
:101110002046FFF7EBFE03463A463B212046FFF709
:101120008FF8324603463A212046FFF789F82A46CF
:10113000034639212046BDE8F041FFF781B8002E73
:101140003FF43CAFAB681B685A78632A68D03378A9
:10115000662B78D1204600F0EDFE074669493046FF
:1011600007F072FC002868D06749304607F06CFC35
:1011700030B13046654907F067FC002840F0A18097
:10118000204601F083F8E3681A78492A06467BD0A6
:1011900033463A4638212046FFF752F82A4603469E
:1011A00037212046BDE8F041FFF74AB88368032B9A
:1011B0003FF604AF01A252F823F000BFA9100008C7
:1011C0006D0F0008BD0F0008BD0F000872789A422D
:1011D0007FF44FAFE3681A785F2A7FF44BAF013397
:1011E000E36046E72046FFF781FE03464DE7013303
:1011F000E360204600F08CF8324603460421204686
:10120000FFF71EF803461AE70231E160FFF76EFEB2
:10121000002302464A212046BDE8F041FFF710B8FE
:101220001B78A3F16302012A02D9723B012B8ED8ED
:10123000204600F085FA074690E745212046FFF753
:10124000E7FB0646A4E72046FFF750FE074685E782
:101250000133E36000235FE70133E360452120466B
:10126000FFF7D6FB034685E62046FFF73FFE06461E
:101270002046FFF73BFE07462046FFF737FE0346B2
:1012800000287FF449AF99E60133E360204600F07F
:101290003FF83246034604212046FEF7D1FF0646BA
:1012A00076E75A78692A7FF489AE0233E3604521F4
:1012B0002046FFF7ADFB03462EE7204600F03AFE3E
:1012C000D5E72046FFF712FE064661E7692B7FF45B
:1012D00068AE4B786C2B7FF437AE00250231E160AD
:1012E00020464521FFF794FB2A460346302120463D
:1012F000BDE8F041FEF7A4BF484B04082C460408A3
:101300003C460408304604083446040838460408BD
:101310002DE9F041C268C76A1378452B82B00446B4
:101320004ED002AD002145F8041D0126493B0F2B8C
:101330003DD8DFE803F037373C323C3C3C3C3C3C9A
:101340003C3C3C3C3C080132D4F83480E2606663AB
:101350002046FFF7CBFDE368C4F834801A78452AAD
:10136000844603F1010327D1E36000232F21624665
:101370002046BCF1000F1FD0FEF762FF286000F18D
:101380000C05C8B1E2681378452BCFD10198E7620C
:101390000132E26002B0BDE8F081204601F0C0FBFE
:1013A0008446E2E7204600F015F88446DDE7204653
:1013B00000F0C6F98446D8E7002002B0BDE8F0810D
:1013C00001320023C2602F211A4602B0BDE8F0416D
:1013D000FEF736BFC3681A78493A012A02D80133AA
:1013E000C36095E7002070472DE9F043C268137889
:1013F0004E3B83B004460C2B46D8DFE803F067452C
:101400004545450E450745454545A40000F03EFFCE
:101410000546284603B0BDE8F0835378742B40F0AE
:10142000D780D0E9053102328B42C26080F2278139
:101430000169C0481A018D180133636100236B6094
:101440008B540323C5E90203204600F01FFF2A4600
:10145000034601212046FEF7F3FE236BE2680333C7
:1014600023631378492B0546D3D1002800F0BA80B6
:10147000D4E90832934280F2B580E1695A1C41F800
:1014800023002262204614E000F000FFE3681B788E
:10149000492B0546BDD1002800F0A480D4E90832CC
:1014A000934280F29F80E1695A1C41F82300204654
:1014B0002262FFF78FFF2A46034604212046FEF7EB
:1014C000BFFE0546284603B0BDE8F0830132C26086
:1014D00001A9012200F0E6FD8046002800F082808C
:1014E00000212046FEF7F4FEE268934E157881460F
:1014F0000027002D00F0B380442D00F09680A5F168
:101500003003DBB21C2B6FD9A5F16103DBB2192BC1
:101510006ED9552D00F0A180532D00F0B280492DD9
:1015200000F0A480542D00F0E680452D00F0E98005
:101530004D2D40F09480002F00F09180531CE3600B
:1015400055781A46D5E70132C260002101F03AF819
:10155000E3681A78452A064644D15A1CE2605A7854
:10156000732A00F0B080642A00F095802046FFF7CF
:101570003BFF054608B30378452B1ED0472B1CD0F4
:101580004FF0FF372046FFF703F958B37B1C14D008
:10159000D4E90532934280F29480206919014218FF
:1015A00001334FF0000E4FF0460CC2F804E06361C7
:1015B00000F801C0C2E9025715462B4632462046C4
:1015C0000221FEF73DFE0546284603B0BDE8F08344
:1015D0000021FFF725F8E3681B78492B05467FF4C7
:1015E00018AF4FE7002514E726FA03F3D9078BD588
:1015F000204600F04BFE5FB3012103463A462046E9
:10160000FEF71EFE0746E268532D13781ED0452BC9
:101610001AD027B3D4E908318B4220DAE16941F8C6
:10162000237001332362157863E7537803F0DF03F7
:10163000542B20460ED000F029FE002FDCD1E268AA
:101640001378452B0746E4D11D4658E71D4650E761
:101650000746D8E700F074F8EFE72046EBE70025EF
:101660002846C8F8005003B0BDE8F083002FF6D03C
:101670000132E2602046FFF74BFE0421BDE7002562
:10168000E2E601212046FEF7CBFF002FB4D1E2684D
:10169000074615782DE70233E3602046FEF70EFF7C
:1016A000071E9FDB2046FFF79FFE054600283FF4FC
:1016B0006FAF0378452B3FF469AF472B3FF466AF1C
:1016C00060E7002579E70233E3602046FFF760F822
:1016D000002887D0D4E905239A4210DA2069174DF3
:1016E000110143180132626100225A6042540E22F5
:1016F000C3E9025262E72046FEF7FAFE9DE70023A7
:101700005CE7C8F80070002F3FF46CAFB9F1000F30
:1017100004D0019BC9F80830CDF804901378452B0C
:101720007FF460AF019D01322846E26003B0BDE85E
:10173000F08300BF50460408FF0308104046040829
:101740002DE9F043C2681378722B83B004465FD052
:10175000562B5DD04B2B5BD0442B51D0A3F13001E5
:101760004A2900F29E80DFE811F0110111011101F8
:1017700011011101110111011101110111019C004F
:101780009C009C009C009C009C009C001E029C00F5
:101790003B019C009C00350149019C009C009C0081
:1017A0009C009C0006021101570165019C00730119
:1017B0008101A501CC019C009C009C009C001101B2
:1017C0009C009C009C009C009C009C00E401E401A7
:1017D000E401E401E401E401E401E401E401E401E1
:1017E0009C00E401E401E401E4019C009C009C00F5
:1017F000E401E4012701E401E401E401E401E4017E
:10180000537803F0DF014F2902D0773B012B4DD8ED
:10181000002201A9204600F045FC0546002840D0E2
:10182000E3681B78462B204619D100F00FFD286095
:10183000002836D00378019A1F3B012B13D9002AC8
:101840002FD0D4E908318B422BDAE06940F823200D
:10185000591C019D2162284603B0BDE8F083FFF7C3
:101860006FFF2860E4E7836882602A6801922B603A
:10187000019AE4E70123456B4363FFF737FB656398
:101880000246002342212046FEF7DAFC054601907D
:1018900038B1E3681A7822B15A1CE2601B78452BF4
:1018A0007BD00025284603B0BDE8F083531CC360FD
:1018B0005378002BF5D0931CC3605378463B302BF4
:1018C000EFD801A151F823F0851D0008A3180008E6
:1018D000A3180008A3180008A3180008A3180008FC
:1018E000A3180008A3180008A3180008A3180008EC
:1018F000A3180008A3180008A3180008A3180008DC
:1019000075180008A3180008A3180008A3180008F9
:10191000A3180008A3180008A3180008A3180008BB
:10192000A3180008A3180008A3180008A3180008AB
:10193000A3180008611D0008A31800083D1D000839
:10194000151D0008ED1C0008C51C0008A3180008A0
:101950009D1C0008391E0008A3180008A3180008E1
:10196000A3180008A3180008ED1D0008A31800081C
:10197000871C0008A3180008A31800085F1C0008B3
:1019800075180008A3180008251C00082046FFF75A
:101990002BFD05460190002D83D0D4E908329342F7
:1019A000BFF67FAFE16941F82350019D5A1C2846DC
:1019B000226203B0BDE8F0830132E2602046FEF708
:1019C000B9FD0023024628212046FEF739FC0546D2
:1019D0000190E0E7204600F039FC05460190DAE787
:1019E0000132E2602046FFF7ABFE002302462521CC
:1019F0002046FEF725FC05460190CCE70132E26067
:101A00002046FFF79DFE0023024626212046FEF7D2
:101A100017FC05460190BEE70132E2602046FFF761
:101A20008FFE0023024624212046FEF709FC0546CE
:101A30000190B0E70132E2602046FFF781FE00230B
:101A4000024622212046FEF7FBFB05460190A2E755
:101A50000132E2602046FFF773FE00230246232195
:101A60002046FEF7EDFB0546019094E75378A3F17D
:101A70003002092A05D95F2B03D0413B192B00F214
:101A80000F8200212046FEF7CBFDE36801901A7813
:101A9000492A05467FF4DFAE0133E3602046FFF7B5
:101AA00037FC03462A4604212046FEF7C9FB0546BB
:101AB000019070E72046FEF71BFDE6680190337841
:101AC000492B05467FF467AFA36B002B40F0F581EF
:101AD00000283FF4E6AED4E908218A42BFF6E1AE21
:101AE000E16941F82200013222623178019D4939D1
:101AF0000129D7D80136E6602046FFF709FC0346E6
:101B0000D0E70132E2602046FEF714FDE368019061
:101B10001A78492A054600F0A8812046FFF710FEF2
:101B2000019B024621212046FEF78AFB05460190D3
:101B300031E7D4E90510613BB64D03EB83038142E5
:101B400005EB830380F28B815868266BD4F810C0B4
:101B50000F010CEB070506443046013201314FF00E
:101B6000000E2726C5F804E061610CF80760AB6041
:101B7000E26020636FE60132E2602046FFF7E0FD9D
:101B8000054600283FF48DAE2046FFF7D9FD0346F9
:101B900000283FF486AE2A462B212046FEF750FB54
:101BA00005460190F7E6551CE56053785F2B00F081
:101BB0005A81303B092B00F26581284600E0084637
:101BC000411CE1604378303B092BF8D9D4E9053258
:101BD0009342A1EB0507BFF664AED4F810E04FEADC
:101BE000031C0EEB0C060133002272606361002FB0
:101BF0003FF457AE72600EF80C20C6E902574378E6
:101C00000D465F2B7FF44DAE0135E5602046FFF7B2
:101C100097FD324603462A212046FEF711FB054672
:101C20000190B8E693785F2B00F07881FEF72EFCE8
:101C30000546002D3FF435AEE3681A785F2A7FF43D
:101C400030AE0133E3602046FFF77AFD2A460346B3
:101C50002D212046FEF7F4FA054601909BE6D0E9D7
:101C60000532934280F2FB800069226B190145180E
:101C7000013300266E60083263612726664B4654A6
:101C8000AB602263E7E5FFF75BFD002302464A21D4
:101C90002046FEF7D5FA054601907CE6D0E90532EC
:101CA000934280F2DC800069226B190145180133F0
:101CB00000266E60043263612726584B4654AB60A1
:101CC0002263C8E5D0E90532934280F2C8800069FA
:101CD000226B19014518013300266E6009326361D9
:101CE00027264F4B4654AB602263B4E5D0E905325A
:101CF000934280F2B4800069226B190145180133C8
:101D000000266E600A3263612726464B4654AB605C
:101D10002263A0E5D0E90532934280F2A0800069F9
:101D2000226B19014518013300266E600932636188
:101D300027263D4B4654AB6022638CE5D0E9053243
:101D40009342BFF6AEAD0169384E1A018D180133CA
:101D5000436100230E206B608B54C5E902607AE575
:101D6000D0E905329342BFF69CAD0169304E1A01AD
:101D70008D1801334361002304206B608B54C5E947
:101D8000026068E5D0E905318B4280F2AF800569D9
:101D900018012918013300272C264F600191636137
:101DA0002E549378303BDBB2092B94BF01233B4682
:101DB0008B8140F2AE802046019DFFF7C1FC019B64
:101DC000A8609B68002B3FF46CAD04F10C00FEF79B
:101DD00031FBE268137813B1531CE3601378019D63
:101DE000A3F1730253425341EB8134E5D0E905324C
:101DF000934234DA0069226B190145180133002639
:101E00006E601132636127260A4B4654AB60226331
:101E100021E500BF04F203085CF4030848F403085A
:101E20000CF4030834F4030820F403085C460408A7
:101E30005446040884F40308D0E9053293420EDACC
:101E40000069226B19014518013300266E600832C3
:101E500063612726364B4654AB602263FBE40023C4
:101E600001939B68FFDE0026CEE60133E360204647
:101E7000FFF74EFA2A46034604212046FEF7E0F912
:101E800001904AE60123656B63632046FFF72EF855
:101E90006563064600283FF404ADE5682B78B0E69C
:101EA0002046FFF7A1FA0546019000283FF4F9AC5F
:101EB0000378182B7FF471ADCDE4731CE3602046EA
:101EC000D4F81490D4F82080A76A256BFFF720FA85
:101ED000E2681278492A03460BD02563E660C4F80D
:101EE0001490C4F82080A762019D54E500231B7064
:101EF000FFDE019900293FF4D4ACD4E908208242E6
:101F0000BFF6CFACE06940F8221001322262019A9C
:101F1000C9E504F10C00FEF78DFA4CE7033201230A
:101F2000466BC2604363FEF7E1FF6663054680E6E9
:101F300070F40308F8B5C3681E78864636B35A1C99
:101F4000C2605A781E78002A4AD09A1CC260762E47
:101F5000044693F801C045D1ACF13005EBB2092B32
:101F600015D8FEF7E7FAD4E905318B42024621DAAB
:101F70002669190170180133002747606361CAB1EF
:101F8000322347607354C0E90252F8BDB446234C73
:101F900043200022831A03EBD37302EB630319017E
:101FA000671861580D78B54206D094BF5A1C184680
:101FB0008242EFD10020F8BD49786145F5D1DEE9D4
:101FC00005329342F6DADEF810101A018818013350
:101FD000002531244560CEF814308C548760F8BD5C
:101FE0009446D4E7632ED2D1BCF1760FCFD1D0E99D
:101FF0000D35B3FA83F35B098363FFF7A1FBA36B92
:1020000002462BB933212046FEF71AF9A563F8BD25
:10201000002334212046FEF713F9F7E798F403086C
:1020200030B5C26883B0002301931378002B36D0FB
:10203000452B34D02E2B32D0044601AD15E04F2B6A
:1020400016D0FFF77DFB002302462E2138B3204631
:10205000FEF7F6F8286010B3E268137800F10C057B
:102060004BB1452B07D02E2B05D0522B2046E6D165
:102070005378452BE5D1019888B1C3680BB103B003
:1020800030BD826811782729F9D19268117C09291D
:10209000F5D15168226B521A22638360EFE700206A
:1020A00003B030BD2DE9F04F894683B0C168131EDF
:1020B000019304460B7815BF4FF01E084FF01B0824
:1020C0001D271A2714BF1C2619264D464FF0010A5A
:1020D0001CE0562B3FD04B2B43D04B78002B35D0F8
:1020E0008B1CE3604B78782B41D06F2B45D1236B51
:1020F000093323634E21002300222046FEF7A0F877
:10210000286018B3E1680B7800F10805722B0DD038
:10211000562B0BD04B2B09D0442B46D14A7802F0DA
:10212000DF004F2802D0773A012A3ED84A1C722B92
:10213000E260CED1236B09332363314600230022B2
:102140002046FEF77DF828600028DBD100252846D0
:1021500003B0BDE8F08F236B0933236339460023B6
:10216000CAE7236B0633236341460023C4E7236B8E
:10217000113323634C210023BEE74F2B32D1D4E926
:102180000C3B09332363C4F834A02046FEF7AEFEAF
:10219000C4F834B003460028D8D0E2681178452945
:1021A000D4D10132E2604E21A6E7019A002ACED1B5
:1021B000462BCCD14D45CAD01D241E201C2108E041
:1021C0001B2A0DD0192A00D1197003F108094D45B9
:1021D000BDD0D9F800301A781A2AF1D11C70F4E772
:1021E0001870F2E7772BB1D1236B063323632046B7
:1021F000FFF716FF03460028A8D0E26811784529AA
:10220000A4D10132E2604F2176E700BF70B5C36808
:102210001A784A2A044613D081B12046FFF790FA73
:10222000054680B12046FFF7FBFE60B103462A4613
:1022300020462921BDE87040FEF702B80D46F1E7BF
:102240000133C360E9E7002070BD00BFC3681A789E
:10225000462A18D110B55A1CC2605A78592A04BFB0
:102260000233C36001210446FFF7D0FF0146204638
:10227000FEF72EF8E3681A78452A02D10133E360AD
:1022800010BD002010BD0020704700BF2DE9F041B7
:10229000C1680B78A3F13002092A04463CD9A3F1A6
:1022A0006102192A22D9A3F14302012A69D94C2BD0
:1022B00056D0552B5FD14B786C2B00F0E580742BFA
:1022C00059D14B1CC3604B78742B58D10231C1607B
:1022D000FEF7F4F80028C0F25581D4E905329342A4
:1022E000E768C0F2F3803B78002510E06F2B04D143
:1022F0004B786E2B04BF0231C1602046FFF71AFEF7
:10230000054610B10378312B13D0E3681B78422BBC
:1023100009D02846BDE8F081FEF70CF9E3681B7888
:10232000422B0546F5D129462046BDE8F041FEF78F
:102330005BB98268236B96681068A1490733334400
:10234000236306F081FB0028DFD12046FEF7F2F878
:102350002A46034636212046FDF772FF0546D4E79C
:102360000131C160FEF7E6F8054620B12046FEF7D0
:102370000FFA0028C9D100252846BDE8F0810025C4
:10238000C5E7C26A32B11078E0B9236BD068034464
:1023900023630B78432B18D0442BF0D14B78303B80
:1023A000052BE8D801A050F823F000BF1D24000839
:1023B000E72300082F2400087723000829240008B9
:1023C000232400081828E5D1DFE74B78492B00F0DB
:1023D000B080313B042BCED8DFE813F0ED00510084
:1023E0004C0047002C004FF0020CD4E905308D1C46
:1023F0008342E56080F2D0802669180135180133E8
:1024000000276F606361002A00F0CF8008236F60AF
:10241000335485F808C0EA608B7878E74FF0010CF8
:10242000E3E74FF0050CE0E74FF0040CDDE74FF079
:10243000030CDAE70231E1604FF00508D4E905301A
:10244000834280F2AC8026691801351801330027D9
:102450006F606361002A00F0AB8007236F60335424
:1024600085F80880EA600B7851E70231E1604FF0AF
:102470000408E3E70231E1604FF00308DEE70231D0
:10248000E1604FF00208D9E74B1CC3604B786C2B1E
:102490007FF475AF0231C160FFF7C2FD0646002828
:1024A00070D0E2681378452B7FF469AF0132E260A7
:1024B0002046FEF703F8B0F1000E63DBD4E90532E5
:1024C0009342E0681BDB0378002520E72669226A37
:1024D000D4F824E01901751801334FF0000CC5F849
:1024E00004C0724563614FF047037354A8604DDA2E
:1024F000E36943F82250013222623B7807E72769FB
:10250000226AD4F8248019017D1801334FF0000CA1
:10251000C5F804C0424563614FF045037B54C5E9EB
:10252000026E36DAE36943F8225001322262037800
:10253000EDE64B1CE3608B78313B042B32D8DFE8AF
:1025400003F0031C17120D000331E1604FF0010886
:102550002046FFF7F5F8E26AE1686FE70331E160D2
:102560004FF00508F4E70331E1604FF00408EFE7AE
:102570000331E1604FF00308EAE70331E1604FF017
:102580000208E5E7E36800251B78C0E63B7865466E
:10259000BDE603786546BAE68B780025B7E60B788A
:1025A0000025B4E64B780025B1E68B781546AEE6FB
:1025B0000B781546ABE60231E1604FF001083DE7CC
:1025C0006C4604082DE9F047C3681A78472A044688
:1025D00019D0542A17D00E46FEF706FF05460028EC
:1025E0007DD0002E57D0A368DB0754D400E0AD683F
:1025F0002B78A3F11C02042AF9D9022B00F0868162
:102600002846BDE8F087216B01F1140222631A7895
:10261000542A68D0472A62D15A1CE2605A78002AAC
:102620005DD09A1CE2605A78413A312A57D8DFE8E7
:1026300012F03E0156005600560056005600560055
:1026400056005600560056005600560056005600DA
:10265000560056004A01560059015600E000560047
:1026600056005600560056005600560056005600BA
:1026700056005600560056005600560056005600AA
:10268000560056005600560056005600560056009A
:1026900056005600EB00E3681B78002BB0D0452BAA
:1026A000AED029460B78202B00F218821C2B80F02C
:1026B0001E82042B40F091808A686AB11378082B3F
:1026C00003F1FF3100F28680072B80F0868001291C
:1026D00002D8D268002AF1D101217FE0E76000250D
:1026E0002846BDE8F0875A1CE2605A78002AF6D0E6
:1026F0009A1CE2605B78433B332BF0D801A252F87E
:1027000023F000BF592A0008DF260008DF26000852
:10271000432A0008DF2600082D2A0008172A00088F
:10272000012A0008DF260008DF260008DF2600084F
:10273000DF260008DF260008DF260008DF26000865
:10274000DF260008EB290008D1290008DF26000851
:10275000B7290008A1290008DF260008DF260008A5
:10276000DF260008DF260008DF260008DF26000835
:10277000DF260008DF260008DF260008DF26000825
:10278000DF2600086D290008DF260008DF26000884
:10279000DF260008DF26000847290008DF2600089A
:1027A000DF260008DF260008DF260008DF260008F5
:1027B000DF260008DF260008DF260008DF260008E5
:1027C000DF260008DF260008DF260008DF260008D5
:1027D00021290008342B7FF47FAF00212046FFF72A
:1027E00015FD2A46034603212046BDE8F047FDF7C4
:1027F00027BD2046FEF7F8FD0023024613212046A0
:10280000BDE8F047FDF71CBD04F10C00FDF712FE1A
:1028100001287FF764AFE3681A78002A3FF45FAFBE
:102820005F1CE7601B785F2B7FF459AF0022451EC9
:1028300090464FF040093B78002B3FF450AF242BDB
:1028400040F02A817B78532B00F056815F2B00F0FB
:102850005581242B7FF443AF1946D4E90503E7687B
:10286000984207F10207BFF639AFD4F810C006014D
:102870000CEB06030130C3F80480023D60610CF8E4
:1028800006909960E760002A00F026813F212046EB
:10289000FDF7D6FC024600283FF421AF002DCADC2C
:1028A000204600233E21BDE8F047FDF7C9BC0021CA
:1028B0002046FFF787FE0023024617212046BDE889
:1028C000F047FDF7BDBC2046FEF78EFD05462046CD
:1028D000FDF7DCFD2A46034616212046BDE8F047F9
:1028E000FDF7AEBC9A78002120462AB1DA1CE260DE
:1028F0009B786E2B00F00981FFF764FE00230246EF
:1029000048212046BDE8F047FDF79ABCEA6800E0A0
:1029100092681078FDF780FD0028F9D1EA606FE633
:1029200076212046FEF70AF800283FF4D8AE0021B1
:102930002046FFF747FE0023024610212046BDE84F
:10294000F047FDF77DBC68212046FDF7F7FF002822
:102950003FF4C5AE00212046FFF734FE00230246B7
:102960000F212046BDE8F047FDF76ABC0021204654
:10297000FDF7E4FF00283FF4B2AE00212046FDF74A
:10298000DDFF00283FF4ABAE00212046FFF71AFE22
:102990000023024611212046BDE8F047FDF750BC58
:1029A0002046FEF721FD0023024615212046BDE802
:1029B000F047FDF745BC0F3121632046FEF7C0FE0E
:1029C0000023024609212046BDE8F047FDF738BC48
:1029D0000A3121632046FEF7B3FE002302460A2196
:1029E0002046BDE8F047FDF72BBC2046FEF7A8FEC9
:1029F000002302460D212046BDE8F047FDF720BC2C
:102A00002046FEF79DFE0023024612212046BDE827
:102A1000F047FDF715BC2046FEF792FE0023024664
:102A20000C212046BDE8F047FDF70ABC2046FEF722
:102A3000DBFC0023024614212046BDE8F047FDF7E9
:102A4000FFBB2046FEF77CFE002302460E212046F7
:102A5000BDE8F047FDF7F4BB2046FEF771FE0546E2
:102A600004F10C00FDF7E6FC0028FFF638AEE36841
:102A70001A785F2A7FF433AE0133E3602046FEF715
:102A80005FFE236B591D216302462B4620460B2116
:102A9000BDE8F047FDF7D4BB3E46002104E016F840
:102AA000013F23B1242B02D00131A942F7DBD4E945
:102AB0000530834224DAD4E903C618010133636187
:102AC00033186D1AC3F8048006F800809F600CEB81
:102AD0000107D960E760D6E61A46DFE64C2BA3F182
:102AE0004E0204D0FFF479AE012A3FF676AE896833
:102AF00000297FF4D7AD71E62F21AEE62E21ACE69A
:102B0000E3680B44E36000257AE5FFF75BFD0023F3
:102B1000024649212046BDE8F047FDF791BB00BFC2
:102B2000F8B5C26813784C2B44D1531CC36051785C
:102B30005F29044640D05A290CD10133E3600021BB
:102B40002046FFF73FFDE3681A78452A32D101336A
:102B5000E360F8BDFEF7F4FD60B30378272B32D0B5
:102B6000E66833786E2B37D03C21452B40D00BB331
:102B7000334600E0F5B10133E3601D78452DF9D10E
:102B80009D1BD4E905239A420BDAD4F810E04FEAF2
:102B9000021C0EEB0C03013200275F60626106B17C
:102BA00005BB002302462046FDF74AFBE3681A787E
:102BB000452ACCD00020F8BD931CC36092785A2AD5
:102BC000BBD00020C1E783681A7C002AC8D05A68AD
:102BD000236B9B1A2363C3E7721CE26073783D2169
:102BE0001646C2E75F600EF80C70C3E90265D9E7CC
:102BF0000025C6E712B15368012B03DD0123C0F89D
:102C0000183170472DE9F04F15465A1C6A6099B08B
:102C1000D0F8187104950E4604ABD0F82811059130
:102C20000446C0F82831002F40F0D78028784F287C
:102C300001F2EF82DFE810F0870AB80AB80A4F0AFB
:102C4000C607940767075E0737070F07E706BF0643
:102C500097066F0647061F0647091F09F708CF08A2
:102C6000A7087F0857082F08D609BF09BF09BF0961
:102C700099099909990999099909990999096F096E
:102C80006F09990999091D0A140A06069205720529
:102C90001B057205D304D30488045C043404ED0AD4
:102CA0000C040404B0039C0397038D03880388037A
:102CB000330333030B03FE02DC02AA0282025A0230
:102CC0003202F801ED0AD001A801530105017B0190
:102CD0009909D80099099909AA6893681B685978D5
:102CE000632909D11B78A3F16301012942F21983F9
:102CF000723B012B42F2158305F10C03314620464D
:102D000003F0D2FC8046002842F00084AB681A78B9
:102D1000312A02F092859B68D749186805F094FE25
:102D2000EB689A6818B91378032B02F0D485314602
:102D3000204603F067FCAF68D049BB68D3F8008039
:102D4000404605F081FE8146002842F0D083D4F849
:102D50000071FF2F10D184F8FF003946D4F80831F4
:102D6000D4F80C2120469847D4F82431C4F80091B7
:102D700001334F46C4F824317A1C5B23C4F8002188
:102D8000E35584F80431EB683146DA682046FFF7F2
:102D900031FFD4F80071FF2F11D100263946D4F845
:102DA000083184F8FF60D4F80C2120469847D4F805
:102DB0002431C4F8006101333746C4F824315D235F
:102DC0007A1CC4F80021E35584F80431AB681A7802
:102DD000312A02F0AD8305996A68C4F82811013AD6
:102DE0006A6019B0BDE8F08FA54FAA683146204649
:102DF000FFF700FF07F10808D4F800314FF0000991
:102E000016E0D4F80831D4F80C2184F8FF909847E4
:102E1000D4F824310133C4F8243100220123B84509
:102E2000C4F8003104F802A084F804A101F0F9828A
:102E3000FF2B1946204617F801AFE2D01A4601339E
:102E4000EDE7A9682046FDF7EFFC002802F0E181DC
:102E5000002302782F2A41F0DF858268002A01F0E2
:102E6000DB85C06801330028F3D11946AB680193B4
:102E70004A1E02924FF0000A89460395C4F8207159
:102E8000019A31462046FFF7B5FE029B9F4281F230
:102E9000C6817C4DD4F8003105F1020816E0D4F863
:102EA0000831D4F80C2184F8FFA09847D4F82431D5
:102EB0000133C4F8243100220123A845C4F80031AD
:102EC00004F802B084F804B101F0A981FF2B19467F
:102ED000204615F801BBE2D01A460133EDE76A4FF0
:102EE000D4F8003107F11A084FF0000916E0D4F8C1
:102EF0000831D4F80C2184F8FF909847D4F8243195
:102F00000133C4F8243100220123B845C4F800314C
:102F100004F802A084F804A101F0F182FF2B194605
:102F2000204617F801AFE2D01A460133EDE7574FBC
:102F3000AA6831462046FFF75DFE07F10508D4F880
:102F400000314FF0000916E0D4F80831D4F80C2114
:102F500084F8FF909847D4F824310133C4F8243121
:102F600000220123B845C4F8003104F802A084F817
:102F700004A101F07C82FF2B1946204617F801AB13
:102F8000E2D01A460133EDE7414FD4F8003107F1A2
:102F900016084FF0000916E0D4F80831D4F80C21D7
:102FA00084F8FF909847D4F824310133C4F82431D1
:102FB00000220123B845C4F8003104F802A084F8C7
:102FC00004A101F0F481FF2B1946204617F801AF48
:102FD000E2D01A460133EDE72E4ED4F8003106F167
:102FE0000E074FF0000816E0D4F80831D4F80C2191
:102FF00084F8FF809847D4F824310133C4F8243191
:1030000000220123B742C4F8003104F8029084F88A
:10301000049101F0D581FF2B1946204616F8019F37
:10302000E2D01A460133EDE71B4FD4F8003107F127
:1030300008084FF0000916E0D4F80831D4F80C2144
:1030400084F8FF909847D4F824310133C4F8243130
:1030500000220123B845C4F8003104F802A084F826
:1030600004A101F01481FF2B1946204617F801AF87
:10307000E2D01A460133EDE7304604083048040830
:10308000EB48040804480408CF47040870460408C5
:10309000D3470408DB480408CB480408B94FD4F8E8
:1030A000003107F11C084FF0000916E0D4F8083190
:1030B000D4F80C2184F8FF909847D4F824310133D8
:1030C000C4F8243100220123B845C4F8003104F8C3
:1030D00002A084F804A101F00F81FF2B19462046BD
:1030E00017F801AFE2D01A460133EDE7A64FD4F846
:1030F000003107F11D084FF0000916E0D4F808313F
:10310000D4F80C2184F8FF909847D4F82431013387
:10311000C4F82431002201234745C4F8003104F8E3
:1031200002A084F804A101F08380FF2B19462046F9
:1031300017F801AFE2D01A460133EDE7934FD4F808
:10314000003107F10A084FF0000916E0D4F8083101
:10315000D4F80C2184F8FF909847D4F82431013337
:10316000C4F8243100220123B845C4F8003104F822
:1031700002A084F804A101F06480FF2B19462046C8
:1031800017F801ABE2D01A460133EDE708A8AA68A8
:103190007F4937F02BFA08A805F0D2FD002801F08E
:1031A000B78108AED4F8003137184FF0000816E0A8
:1031B000D4F80831D4F80C2184F8FF809847D4F86B
:1031C00024310133C4F8243100220123BE42C4F863
:1031D000003104F8029084F8049101F09981FF2BEA
:1031E0001946204616F8019BE2D01A460133EDE756
:1031F000D4F8007195F80880FF2F11D100263946C8
:10320000D4F8083184F8FF60D4F80C2120469847A0
:10321000D4F82431C4F8006101333746C4F82431AE
:103220007B1CC4F8003104F8078084F804816A68C4
:103230000599D2E5AA6831462046FFF7DBFC314606
:10324000EA682046FFF7D6FC05996A68C5E5514F44
:10325000D4F8003107F10E084FF0000916E0D4F859
:103260000831D4F80C2184F8FF909847D4F8243121
:103270000133C4F8243100220123B845C4F80031D9
:1032800004F802A084F804A101F04681FF2B19463E
:10329000204617F801AFE2D01A460133EDE7AB68DC
:1032A0001A78272A01F072854FF00008D4F80071CF
:1032B000FF2F12D14FF000093946D4F8083184F8B5
:1032C000FF90D4F80C2120469847D4F82431C4F854
:1032D000009101334F46C4F8243128237A1CC4F8E6
:1032E0000021E35584F80431AA6831462046FFF7EF
:1032F00081FCD4F80031FF2B41F0B885002219463B
:1033000084F8FF20D4F80831D4F80C2120469847DF
:103310002923237084F804312A78D4F82431012138
:1033200001333D2AC4F82431C4F8001101F0BB85F3
:10333000B8F1080F01F056853146EA682046FFF7DC
:1033400059FC05996A6848E50123C4F818316A6890
:1033500043E5EB681A783A2A01F005840123C4F8A2
:1033600018316A6839E50123C4F818316A6834E510
:10337000EB681B78382B3FF4AFAC0123C4F818314D
:103380006A682AE5AB4804088B4804086C480408BE
:10339000284604085B480408D5E9029899F80030EB
:1033A000312B01F03A84332B42F09281D4F8007132
:1033B000FF2F12D14FF0000A3946D4F8083184F8B3
:1033C000FFA0D4F80C2120469847D4F82431C4F843
:1033D00000A101335746C4F824317A1C2823C4F8CD
:1033E0000021E35584F80431D9F8082031462046FD
:1033F000FFF700FCD4F80071FF2F12D14FF0000945
:103400003946D4F8083184F8FF90D4F80C212046CE
:103410009847D4F82431C4F8009101334F46C4F8DA
:10342000243129237A1CC4F80021E35584F804319F
:1034300042463146204603F0E5F805996A68CCE437
:103440003146AA68204603F09DF805996A68C4E4ED
:10345000D24FD4F8003107F109084FF0000916E007
:10346000D4F80831D4F80C2184F8FF909847D4F8A8
:1034700024310133C4F8243100220123B845C4F8B3
:10348000003104F802A084F804A101F05780FF2B5A
:103490001946204617F801AFE2D01A460133EDE78E
:1034A000BE4FD4F8003107F109084FF0000916E0CB
:1034B000D4F80831D4F80C2184F8FF909847D4F858
:1034C00024310133C4F8243100220123B845C4F863
:1034D000003104F802A084F804A101F02680FF2B3B
:1034E0001946204617F801AFE2D01A460133EDE73E
:1034F000D5F808A0AA4EDAF80870D4F8003106F121
:1035000008084FF0000916E0D4F80831D4F80C216F
:1035100084F8FF909847D4F824310133C4F824315B
:10352000002201234645C4F8003104F802B084F8B3
:1035300004B101F02180FF2B1946204616F801BF87
:10354000E2D01A460133EDE7D5E902281AB1314637
:103550002046FFF74FFBD4F80071FF2F12D14FF038
:1035600000093946D4F8083184F8FF90D4F80C21CA
:1035700020469847D4F82431C4F8009101334F46CF
:10358000C4F82431781C7B23C4F800014246E3557B
:103590003146204684F80431FFF72CFBD4F8007143
:1035A000FF2F11D100263946D4F8083184F8FF6086
:1035B000D4F80C2120469847D4F82431C4F800618F
:1035C00001333746C4F824317A1C7D23C4F8002126
:1035D000E35584F804316A680599FFF7FEBBAA68D1
:1035E0001AB131462046FFF705FBEB68002B01F0CE
:1035F0003D85D4F80071FD2F12D94FF0000804F872
:1036000007803946D4F80831D4F80C212046984771
:10361000D4F82431C4F8008101334746C4F824317A
:10362000DFF888814FF0000A08F1020B16E0D4F8A9
:10363000083184F8FFA0D4F80C219847D4F824313D
:103640000133C4F8243101270023C345C4F80071B5
:1036500004F8039084F8049101F0CF80FF2F3946DD
:10366000204618F8019BE2D03B460137EDE7B5F95B
:103670000E30002B41F0A084AA684A4B9168994211
:1036800020D031462046FFF7B5FAD4F80071FF2F5D
:1036900011D100263946D4F8083184F8FF60D4F8F7
:1036A0000C2120469847D4F82431C4F80061013336
:1036B0003746C4F8243120237A1CC4F80021E3558E
:1036C00084F80431B5F90C20D4F80031002A01F057
:1036D000A680354E4FF0000806F1060915E0D4F833
:1036E0000831D4F80C2184F8FF809847D4F82431AD
:1036F0000133C4F8243100220123B145C4F800315C
:10370000A75484F8047101F08381FF2B19462046E9
:1037100016F8017BE3D01A460133EEE718ABD4F874
:10372000142143F8402D0020C4F814310A90D4F835
:103730001031EA680B93314620460995FFF75AFA93
:103740000A9B23B931462A46204602F0E9F8089B35
:10375000C4F8143105996A68FFF73FBB0DF16009A1
:10376000D4F814C149F840CDD4F81031CDF804C0D4
:1037700000226746C4F814910995CDE90A23002F69
:1037800001F02F857B681B78193B022B01F22985FC
:1037900023464FF001084C469C460EE013480408AF
:1037A00007480408A4F20308F4470408044804087E
:1037B0007B681B78193B022B1DD8BB684FEA081E9B
:1037C00018AA02EB0E0B9BB9B8F1030F01F2178593
:1037D00097E80F00ABF1400A8AE80F004BF8404C25
:1037E000012309EB0E04CCF8144108F10108BB6079
:1037F0003F68002FDCD1EA68314660466446FFF737
:10380000F9F90A9B019AC4F81421BBB9B8F1010F68
:103810000CD009EB08180CAF58F80C2C3146A8F165
:103820001008204602F07CF84745F5D13146D4F81F
:10383000143105F10802204602F0CAFD05996A68B4
:10384000FFF7CBBAB20626F06008D4F8143101F1C4
:103850005A82AA681AB116F0400601F0C3854146A3
:1038600005F10C02D4F81431204602F087FB0599CB
:103870006A68FFF7B2BACB4FD4F8003107F11508E8
:103880004FF0000916E0D4F80831D4F80C2184F880
:10389000FF909847D4F824310133C4F82431002232
:1038A0000123B845C4F8003104F802A084F804A14B
:1038B00000F08987FF2B1946204617F801AFE2D0A8
:1038C0001A460133EDE7B84FD4F8003107F110087C
:1038D0004FF0000916E0D4F80831D4F80C2184F830
:1038E000FF909847D4F824310133C4F824310022E2
:1038F0000123B845C4F8003104F802A084F804A1FB
:1039000000F06A87FF2B1946204617F801AFE2D076
:103910001A460133EDE7A54FD4F8003107F112083C
:103920004FF0000916E0D4F80831D4F80C2184F8DF
:10393000FF909847D4F824310133C4F82431002291
:103940000123B845C4F8003104F802A084F804A1AA
:1039500000F02787FF2B1946204617F801AFE2D069
:103960001A460133EDE7924FD4F8003107F10D0804
:103970004FF0000916E0D4F80831D4F80C2184F88F
:10398000FF909847D4F824310133C4F82431002241
:103990000123B845C4F8003104F802A084F804A15A
:1039A00000F00887FF2B1946204617F801ABE2D03C
:1039B0001A460133EDE77F4FD4F8003107F11808BC
:1039C0004FF0000916E0D4F80831D4F80C2184F83F
:1039D000FF909847D4F824310133C4F824310022F1
:1039E0000123B845C4F8003104F802A084F804A10A
:1039F00000F09986FF2B1946204617F801AFE2D058
:103A00001A460133EDE76C4FD4F8003107F108088E
:103A10004FF0000916E0D4F80831D4F80C2184F8EE
:103A2000FF909847D4F824310133C4F824310022A0
:103A30000123B845C4F8003104F802A084F804A1B9
:103A400000F0A686FF2B1946204617F801AFE2D0FA
:103A50001A460133EDE7594FD4F8003107F10B084E
:103A60004FF0000916E0D4F80831D4F80C2184F89E
:103A7000FF909847D4F824310133C4F82431002250
:103A80000123B845C4F8003104F802A084F804A169
:103A900000F0CC85FF2B1946204617F801ABE2D089
:103AA0001A460133EDE7D4F80071FF2F12D14FF021
:103AB00000083946D4F8083184F8FF80D4F80C2186
:103AC00020469847D4F82431C4F800810133474692
:103AD000C4F824317E237A1CC4F80021E35584F80D
:103AE00004313146EA682046FFF784F805996A6890
:103AF000FFF773B93146EA682046FFF77BF805996E
:103B00006A68FFF76AB9D5F80880D4F80031B8F1CF
:103B1000000F00F08B872A4E4FF0000906F1060ACD
:103B200015E0D4F80831D4F80C2184F8FF909847B8
:103B3000D4F824310133C4F8243100220123B245E2
:103B4000C4F80031A75484F8047100F08F86FF2B6D
:103B50001946204616F8017BE3D01A460133EEE7FA
:103B6000D4F81C31002B40F0D18605F10801204625
:103B7000FCF74AFE0246002801F0718203782F2BE1
:103B800001F06282D4F810713B68C4F810313146FC
:103B90002046FFF72FF8C4F8107105996A68FFF7FF
:103BA0001CB900BF1747040803470408EF46040880
:103BB000E0460408BB460408AF460408A4460408CF
:103BC0008448040800237107D4F81491D4F8448180
:103BD000C4F81431C4F84451AF6805D53B781BB91B
:103BE000FA68062A01F033843A4631462046FFF748
:103BF00001F894F804313C2B01F00682D4F80071EE
:103C0000FF2F12D14FF0000A3946D4F8083184F85A
:103C1000FFA0D4F80C2120469847D4F82431C4F8EA
:103C200000A101335746C4F824313C237A1CC4F860
:103C30000021E35584F804313146EA682046FEF756
:103C4000D9FF94F804313E2B01F06F80D4F8007155
:103C5000FF2F11D100263946D4F8083184F8FF60CF
:103C6000D4F80C2120469847D4F82431C4F80061D8
:103C700001333746C4F824313E237A1CC4F80021AE
:103C8000E35584F80431C4F81491C4F844810599CB
:103C90006A68FFF7A2B8DA4FD4F8003107F11108CB
:103CA0004FF0000916E0D4F80831D4F80C2184F85C
:103CB000FF909847D4F824310133C4F8243100220E
:103CC0000123B845C4F8003104F802A084F804A127
:103CD00000F0EB84FF2B1946204617F801AFE2D025
:103CE0001A460133EDE7C74FD4F8003107F1150844
:103CF0004FF0000916E0D4F80831D4F80C2184F80C
:103D0000FF909847D4F824310133C4F824310022BD
:103D10000123B845C4F8003104F802A084F804A1D6
:103D200000F0CC84FF2B1946204617F801AFE2D0F3
:103D30001A460133EDE7B44FD4F8003107F1190802
:103D40004FF0000916E0D4F80831D4F80C2184F8BB
:103D5000FF909847D4F824310133C4F8243100226D
:103D60000123B845C4F8003104F802A084F804A186
:103D700000F08984FF2B1946204617F801AFE2D0E6
:103D80001A460133EDE7A14FD4F8003107F11608C8
:103D90004FF0000916E0D4F80831D4F80C2184F86B
:103DA000FF909847D4F824310133C4F8243100221D
:103DB0000123B845C4F8003104F802A084F804A136
:103DC00000F06A84FF2B1946204617F801AFE2D0B5
:103DD0001A460133EDE78E4FD4F8003107F113088E
:103DE0004FF0000916E0D4F80831D4F80C2184F81B
:103DF000FF909847D4F824310133C4F824310022CD
:103E00000123B845C4F8003104F802A084F804A1E5
:103E100000F02784FF2B1946204617F801AFE2D0A7
:103E20001A460133EDE77B4FD4F8003107F10F0854
:103E30004FF0000916E0D4F80831D4F80C2184F8CA
:103E4000FF909847D4F824310133C4F8243100227C
:103E50000123B845C4F8003104F802A084F804A195
:103E600000F00884FF2B1946204617F801AFE2D076
:103E70001A460133EDE7684FD4F8003107F11A080C
:103E80004FF0000916E0D4F80831D4F80C2184F87A
:103E9000FF909847D4F824310133C4F8243100222C
:103EA0000123B845C4F8003104F802A084F804A145
:103EB00000F0C583FF2B1946204617F801AFE2D06A
:103EC0001A460133EDE7554FD4F8003107F11108D8
:103ED0004FF0000916E0D4F80831D4F80C2184F82A
:103EE000FF909847D4F824310133C4F824310022DC
:103EF0000123B845C4F8003104F802A084F804A1F5
:103F000000F0A683FF2B1946204617F801AFE2D038
:103F10001A460133EDE7D4F81C71D5F80890002F4C
:103F200040F0AE8599F80020052A01F0808199F8CB
:103F30000030232B00F0A0852A789A4200F09C855F
:103F4000242B01F06281D4F814C1A94618ABD4F82F
:103F5000102143F840CD0021CDE90A12CDF824907C
:103F6000C4F81431D9F8082010E0002218ABD4F8B6
:103F7000141143F8401DD4F8101109950020C4F81D
:103F80001431CDE90A01A946002AEBD0314620467A
:103F9000FEF730FE0A9B23B94A463146204601F01F
:103FA000BFFC089BC4F814310FB1C4F81081059907
:103FB0006A68FEF712BFD4F814C16346BCF1000F63
:103FC000C3D0996851B95A681278A2F1190EBEF19E
:103FD000020F01F2FC80904201F0F0801B68002B80
:103FE000EFD1B2E7D5E90267002F3EF4F6AE3744D1
:103FF000D4F80031013F013E4FF0000827E000BF38
:10400000BB470408A3470408874704086F47040810
:104010005B4704084B4704082F4704081B47040864
:10402000D4F80831D4F80C2184F8FF809847D4F8EC
:1040300024310133C4F8243100220123B742C4F8EB
:10404000003104F8029084F8049100F0CE83FF2B35
:104050001946204616F8019FE2D01A460133EDE7D3
:104060003146AA682046FEF7C5FD05996A68FEF745
:10407000B4BE16F00406A86840F00585D0E90073C8
:10408000002B3EF4AAAE07EB030808F1FF38D4F882
:104090000031013FB14615E0D4F80831D4F80C21C5
:1040A00084F8FF909847D4F824310133C4F82431C0
:1040B00000220123B845C4F80031A65484F80461F5
:1040C00000F04585FF2B1946204617F8016FE3D015
:1040D0001A460133EEE7D5F80880D4F8143102937C
:1040E0000022C4F81421B8F1000F25D0D4F8103103
:1040F00001930DF12009234617464446924649464E
:10410000AB4698462578019B0A602846C1E9014ADA
:10411000CB6001370A46FCF77FF9002800F0C8871A
:10412000A468002C01F05780042F01F11001E9D19F
:1041300044465D46C8F814210123C4F81831059996
:104140006A68FEF74ABE16F00406AF6840F00584C0
:10415000EB68002B3EF441AE07EB030808F1FF3893
:10416000D4F80031013FB14615E0D4F80831D4F855
:104170000C2184F8FF909847D4F824310133C4F817
:10418000243100220123B845C4F80031A65484F834
:10419000046100F0E084FF2B1946204617F8016FF8
:1041A000E3D01A460133EEE7AA6831462046FEF70F
:1041B00021FD16F0040900F08186D4F80071FF2F6C
:1041C00012D14FF000083946D4F8083184F8FF8046
:1041D000D4F80C2120469847D4F82431C4F8008143
:1041E00001334746C4F824312E237A1CC4F8002139
:1041F000E35584F80431EF683B78462B00F03A87AA
:104200003A4631462046FEF7F5FC05996A68FEF706
:10421000E4BD0123C4F818316A68FEF7DEBD01373A
:104220004F457EF42BAE039D05996A68FEF7D5BD18
:104230003146AA682046FEF7DDFC05996A68FEF75C
:10424000CCBD3146AA682046FEF7D4FCD4F80071F4
:10425000FF2F11D100263946D4F8083184F8FF60C9
:10426000D4F80C2120469847D4F82431C4F80061D2
:1042700001333746C4F824317A1C2923C4F80021BD
:10428000E35584F804316A680599FEF7A6BDD4F8B1
:104290001C31AA68D34F01333146C4F81C31204683
:1042A000FEF7A8FCD4F81C21D4F80031013AC4F878
:1042B0001C21BE1C4FF0000815E0D4F80831D4F8DA
:1042C0000C2184F8FF809847D4F824310133C4F8D6
:1042D000243100220123B742C4F8003104F80290CF
:1042E00084F8049111D0FF2B1946204617F8019B42
:1042F000E3D01A460133EEE73146AA682046FEF7BE
:1043000079FC05996A68FEF768BDEA68B64901322A
:1043100008A836F06BF908A804F012FD28B308AE1F
:10432000D4F8003137184FF0000815E0D4F8083100
:10433000D4F80C2184F8FF809847D4F82431013355
:10434000C4F8243100220123BE42C4F8003104F82D
:10435000029084F804910AD0FF2B1946204616F8E3
:10436000019BE3D01A460133EEE7D4F80031FF2B6E
:1043700010D10026194684F8FF60D4F80831D4F82B
:104380000C2120469847D4F82431C4F80061013349
:10439000C4F82431D4F800210599501C7D23C4F8B9
:1043A0000001A35484F804316A68FEF716BD314653
:1043B000AA682046FEF71EFC05996A68FEF70DBD47
:1043C000AA688949013208A836F010F908A804F053
:1043D000B7FC002871D008AED4F8003137184FF080
:1043E000000815E0D4F80831D4F80C2184F8FF80D7
:1043F0009847D4F824310133C4F824310022012332
:10440000B742C4F8003104F8029084F8049156D001
:10441000FF2B1946204616F8019BE3D01A460133BC
:10442000EEE73146EA682046FEF7E4FBD4F8007177
:10443000FF2F11D100263946D4F8083184F8FF60E7
:10444000D4F80C2120469847D4F82431C4F80061F0
:1044500001333746C4F824317A1C5D23C4F80021A7
:10446000E35584F804316A680599FEF7B6BC314615
:10447000EA682046FEF7BEFBD4F80071FF2F11D189
:1044800000263946D4F8083184F8FF60D4F80C21AE
:1044900020469847D4F82431C4F8006101333746E8
:1044A000C4F824317A1C5D23C4F80021E35584F854
:1044B00004316A680599FEF790BCD4F80031FF2BEF
:1044C00010D10026194684F8FF60D4F80831D4F8DA
:1044D0000C2120469847D4F82431C4F800610133F8
:1044E000C4F82431D4F800210599501C7D23C4F868
:1044F0000001A35484F804316A68FEF76EBC3146AB
:10450000AA682046FEF776FB05996A68FEF765BC47
:1045100005996A68FEF761BC3146AA682046FEF735
:1045200069FB05996A68FEF758BC3146EA6820467F
:10453000FEF760FB05996A68FEF74FBCD4F844218A
:104540003AB118ABD4F8101143F8401D0992C4F8E1
:104550001031AA681378042B00F0D6843146204627
:10456000FEF748FBD4F8443113B1089BC4F810316E
:1045700005996A68FEF731BCDAF804603278613A6E
:10458000192A1DD8FF2B10D10026194684F8FF6088
:10459000D4F80831D4F80C2120469847D4F82431B7
:1045A000C4F800610133C4F82431D4F80021202379
:1045B000511CC4F80011A35484F80431DAF80460E3
:1045C000F31913F8013C202B08BF07F1FF37002F28
:1045D00000F0FB86013ED4F8003137444FF000086C
:1045E0001BE000BFD848040828460408D4F8083166
:1045F000D4F80C2184F8FF809847D4F82431013393
:10460000C4F8243100220123BE42C4F8003104F86A
:10461000029084F8049100F0EC80FF2B19462046AC
:1046200016F8019FE2D01A460133EDE73146AA6839
:104630002046FEF7DFFA05996A68FEF7CEBB3146E1
:10464000AA682046FEF7D6FA05996A68FEF7C5BB48
:104650003146AA682046FEF7CDFA05996A68FEF74A
:10466000BCBB3146AA682046FEF7C4FA05996A68C1
:10467000FEF7B3BB3146AA682046FEF7BBFA0599A0
:104680006A68FEF7AABB3146AA682046FEF7B2FA6E
:1046900005996A68FEF7A1BB3146AA682046FEF775
:1046A000A9FA05996A68FEF798BB3146AA682046C0
:1046B000FEF7A0FA05996A68FEF78FBBCF4FEA684C
:1046C00031462046FEF796FA07F10508D4F8003186
:1046D0004FF0000915E0D4F80831D4F80C2184F823
:1046E000FF909847D4F824310133C4F824310022D4
:1046F00001234745C4F8003104F802A084F804A15E
:1047000008D0FF2B1946204617F801ABE3D01A4614
:104710000133EEE73146AA682046FEF76BFA0599A9
:104720006A68FEF75ABBB64FAA6831462046FEF7C4
:1047300061FA07F10408D4F800314FF0000915E0E0
:10474000D4F80831D4F80C2184F8FF909847D4F8B5
:1047500024310133C4F8243100220123B845C4F8C0
:10476000003104F802A084F804A108D0FF2B1946F8
:10477000204617F801ABE3D01A460133EEE7314685
:10478000EA682046FEF736FA05996A68FEF725BB07
:104790003146AA682046FEF72DFA05996A68FEF7A9
:1047A0001CBB3146AA682046FEF724FA05996A68C0
:1047B000FEF713BB3146AA682046FEF71BFA05999F
:1047C0006A68FEF70ABB3146AA682046FEF712FA6D
:1047D00005996A68FEF701BB3146AA682046FEF7D4
:1047E00009FA05996A68FEF7F8BA05996A68FEF74A
:1047F000F4BA05996A68FEF7F0BA3146EA6801939F
:104800002046D4F82461FEF7F5F9D4F82421019B61
:10481000964200F0418405996A68FEF7DEBA794E47
:10482000904606F1060914E0D4F80831D4F80C21BA
:1048300084F8FF809847D4F824310133C4F8243138
:1048400000220123B145C4F80031A75484F8047153
:1048500008D0FF2B1946204616F8017BE4D01A46F3
:104860000133EFE705996A68FEF7B7BA424608A830
:10487000654935F0BBFE08A804F062FA28B308AE1B
:10488000D4F8003106EB00094FF0000814E0D4F82A
:104890000831D4F80C2184F8FF809847D4F82431EB
:1048A0000133C4F8243100220123B145C4F800319A
:1048B000A75484F8047108D0FF2B1946204616F837
:1048C000017BE4D01A460133EFE7D4F80071FF2FE3
:1048D00011D100263946D4F8083184F8FF60D4F8A5
:1048E0000C2120469847D4F82431C4F800610133E4
:1048F0003746C4F824317A1C7D23C4F80021E355DF
:1049000084F804316A680599FEF767BA3F4ED4F817
:10491000003106F105094FF0000815E0D4F8083120
:10492000D4F80C2184F8FF809847D4F8243101335F
:10493000C4F8243100220123B145C4F80031A75442
:1049400084F8047100F0CF80FF2B1946204616F83A
:10495000017BE3D01A460133EEE7EE683E44BE42E7
:104960007EF63BAA4FF0000818E0D4F8083184F82E
:10497000FF80D4F80C2120469847D4F82431013325
:10498000C4F8243100210123C4F8003104F8019057
:1049900084F804910137BE4240F2E180F31B032BFF
:1049A00097F8009002DDB9F15F0F05D0D4F800113F
:1049B000FF29DAD04B1CE7E77B785F2BF6D1BB7879
:1049C000552BF3D1F91C002002E0134603EB001035
:1049D0008E428A46EAD911F8013BA3F130025FFA10
:1049E00082FEBEF1090FA3F1410CEED9BCF1050F17
:1049F000A3F1610200F2C785373BE7E79C47040853
:104A0000D8460408FC470408284604089C460408C5
:104A100005996A68FEF7E1B9AA6801921946002B68
:104A20007EF426AA05996A68FEF7D7B9CE4E06F13C
:104A3000040914E0D4F80831D4F80C2184F8FF807C
:104A40009847D4F824310133C4F8243100220123DB
:104A5000B145C4F80031A75484F8047108D0FF2B85
:104A60001946204616F8017BE4D01A460133EFE7D9
:104A700005996A68FEF7B1B9D4F814C1FFF766BAB0
:104A80000027FFF754BAD0E90267002F3EF4A5A92A
:104A90003744D4F80031013F013E4FF0000915E0E2
:104AA000D4F80831D4F80C2184F8FF909847D4F852
:104AB00024310133C4F8243100220123B742C4F861
:104AC000003104F8028084F8048108D0FF2B1946D5
:104AD000204616F8018FE3D01A460133EEE7059918
:104AE0006A68FEF77AB9AA68A049013208A835F0C9
:104AF0007DFD08A804F024F928B308AED4F80031ED
:104B000006EB00094FF0000814E0D4F80831D4F89F
:104B10000C2184F8FF809847D4F824310133C4F87D
:104B2000243100220123B145C4F80031A75484F890
:104B3000047108D0FF2B1946204616F8017BE4D0FB
:104B40001A460133EFE705996A68FEF746B90599F9
:104B50006A68FEF742B905996A68FEF73EB9059999
:104B60006A68FEF73AB9DB681B783B2B7EF4F6AB3C
:104B700005F10C03AA683146204601F095FD8046F8
:104B8000002840F0A086D5E90272B968D3680868A9
:104B90007749D2F808B0D3E902A903F055FF0028FD
:104BA00000F07486042273492046FBF7FFFBDBF814
:104BB000083003B35A463146204601F023FDD4F8AD
:104BC0000071FF2F10D13946D4F8083184F8FF80E6
:104BD000D4F80C2120469847D4F82431C4F8008139
:104BE00001334746C4F8243120237A1CC4F800213D
:104BF000E35584F80431524631462046FDF7FAFF6A
:104C0000B9F1000F00F063864A463146204601F0B4
:104C1000F9FC05996A68FEF7E0B8D9F808305649FA
:104C2000D3F800A0504603F00FFF98F8003010B9F9
:104C3000032B00F02B85382B00F00C854F49504694
:104C400003F002FF0746002800F013854C49504648
:104C500003F0FAFE002800F03383314620464A462E
:104C600001F090FC4749504603F0EEFE002800F0AA
:104C7000B0835046444903F0E7FE814600287EF4A5
:104C8000D7ABD4F80071FF2F10D184F8FF0039465C
:104C9000D4F80831D4F80C2120469847D4F82431B0
:104CA000C4F8009101334F46C4F82431781C2823FE
:104CB000C4F800014246E3553146204684F80431E9
:104CC000FDF798FFD4F80071FF2F11D10026394667
:104CD000D4F8083184F8FF60D4F80C2120469847B6
:104CE000D4F82431C4F8006101333746C4F82431C4
:104CF0007A1C2923C4F80021E35584F804316A683A
:104D00000599FEF76AB805F10C024146204601F00C
:104D100035F9AA68002A00F0FD8341462046FDF7D8
:104D200069FF05996A68FEF758B8D4F80071FF2F3B
:104D300011D100263946D4F8083184F8FF60D4F840
:104D40000C2120469847D4F82431C4F8006101337F
:104D50003746C4F8243120237A1CC4F80021E355D7
:104D600084F80431FEF772BF7C4804082846040822
:104D70003C4604083848040820480408244804082D
:104D80002C46040828480408484B04089B6893F8FC
:104D90001080B8F1000F3EF489AAB8F1060F40F276
:104DA0003F84B8F1070F7EF481AAEB681A78002AD5
:104DB0007EF47CAADA68012A7EF478AA3C287EF484
:104DC00075AA9B681B78302B00F0B684312B7EF4DB
:104DD0006DAA0422C3492046FBF7E8FA05996A68E0
:104DE000FDF7FBBFD4F80071FF2F12D14FF0000880
:104DF0003946D4F8083184F8FF80D4F80C212046D5
:104E00009847D4F82431C4F8008101334746C4F8E8
:104E100024317A1C5B23C4F80021E35584F8043163
:104E20003146EA682046FDF7E5FED4F80071FF2F11
:104E300011D100263946D4F8083184F8FF60D4F83F
:104E40000C2120469847D4F82431C4F8006101337E
:104E50003746C4F824317A1C5D23C4F80021E35599
:104E600084F804316A680599FDF7B7BF591C2922F7
:104E7000C4F80011E25484F804212B783D2B7EF411
:104E800057AAFF290FD10027D4F8083184F8FF7002
:104E9000D4F80C2120469847D4F82431C4F8007186
:104EA0000133C4F82431D4F800212D23511CC4F857
:104EB0000011A35484F80431FEF73ABA8A4FD4F8AB
:104EC000003107F1020A16E0D4F80831D4F80C21B9
:104ED00084F8FF909847D4F824310133C4F8243182
:104EE00000220123BA45C4F8003104F8028084F896
:104EF00004813FF480A9FF2B1946204617F8018B47
:104F0000E2D01A460133EDE7926831462046FDF7BC
:104F100071FED4F8443113B1089BC4F8103194F8F1
:104F200004313C2B00F0C482D4F80071FF2F12D161
:104F30004FF000083946D4F8083184F8FF80D4F8DF
:104F40000C2120469847D4F82431C4F8008101335D
:104F50004746C4F824313C237A1CC4F80021E355A9
:104F600084F80431AB683146DA682046FDF742FE2A
:104F700094F804313E2B00F07D82D4F80071FF2FAD
:104F800011D100263946D4F8083184F8FF60D4F8EE
:104F90000C2120469847D4F82431C4F8006101332D
:104FA0003746C4F824313E237A1CC4F80021E35567
:104FB00084F80431FFF7DCBA4C4FD4F8003107F124
:104FC00005094FF0000A16E0D4F80831D4F80C2196
:104FD00084F8FFA09847D4F824310133C4F8243171
:104FE00000220123B945C4F8003104F8028084F896
:104FF00004813EF441ABFF2B1946204617F8018B84
:10500000E2D01A460133EDE7D4F80071FF2F12D138
:105010004FF0000A3946D4F8083184F8FFA0D4F8DC
:105020000C2120469847D4F82431C4F800A101335C
:105030005746C4F8243120237A1CC4F80021E355D4
:1050400084F80431FEF7DABDD4F820110029FEF609
:1050500099ADFBF7C3FB024600287EF493AD012314
:10506000C4F818316A680599FDF7B7BE05996A68F2
:10507000FDF7B3BE0D221E492046FBF797F9F968EC
:1050800020460131FBF784FC03221A492046FBF736
:105090008DF9BF68FFF7B4B8D4F8000105996A68C4
:1050A000B8427DF49AAE013BC4F80031FDF795BEDD
:1050B00042465B46AB46BBF1040FA0461D46144674
:1050C000C2F8141100F0A382BBF1020F37D1D8F857
:1050D0000CA09AF80030462B00F0278309EB07124A
:1050E0000C3A20E05448040878460408EC470408C9
:1050F0007C4604088C460408042F3FF41DA89BE856
:105100000F008CE80F0000234EF80C3C4EF810AC5A
:10511000019BDAF808A0C4F814C101374EF804BCAA
:105120004EF8083C72469AF80000FBF775F9A2F1B8
:10513000040B02F1100E02F10C0C0028DCD1EA681D
:1051400031462046FDF756FD98F80030042B04BF89
:10515000069BC4F810313F014FF0200AA84609EB26
:10516000070B5BF8085C0DBBD4F80031FF2B204621
:1051700019460ED1D4F80831D4F80C2184F8FF5028
:105180009847D4F82431C4F800515A1CC4F824219B
:105190002B46591CC4F800115BF80C2C04F803A032
:1051A0003146204684F804A100F0BAFB103FD6D166
:1051B000029BC4F814314546FEF7C1BF3146AA68C8
:1051C0002046FDF717FD05996A68FDF706BE0F46F4
:1051D000A946FEF7BBBE44465D46C8F81411FEF76B
:1051E000ABBFEA6831462046FDF704FD0A9B019AF1
:1051F000C4F81421002B3EF419ABFEF71FBB0123AA
:105200006446CCF81831FEF719BBD9F80820FEF730
:10521000ADBE3146AA68204601F0F4F90322BF4929
:105220002046FBF7C3F805996A68FDF7D6BDD4F8A8
:1052300030E1D4F82C21BEF1000F17DD1068814554
:1052400000F0A78102F1080BBC460191704604E012
:1052500052F83C10894500F09D810CF1010C60452D
:10526000DA460BF1080BF3D101998646D4F83431B4
:105270009E4580F244830EF1010302EBCE0CC4F88C
:105280003031D4F8100142F83E900CF1040C0028A3
:1052900000F05B82D4F83C21D4F840319A4202F10C
:1052A000010E80F22C83D4F83831C4F83CE103EBD2
:1052B000C20342685A60CCF8003000689C46E6E7BA
:1052C0000646474601E0FF681FB33B782F2B20D1ED
:1052D000BB68F3B11A784A2A18BF0136F3D199682E
:1052E0002046FBF7A1FA002800F0EF8103782F2B6E
:1052F00040F0EB81836853B1002304E002782F2A49
:1053000005D182681AB1C06801330028F6D11E4465
:10531000D9E731462046FBF73BFB05996A68FDF764
:105320005CBD3146204601F02DF9D4F80071FF2F05
:1053300012D14FF000083946D4F8083184F8FF80C4
:10534000D4F80C2120469847D4F82431C4F80081C1
:1053500001334746C4F824317A1C3C23C4F80021A9
:10536000E35584F80431EB6831469A682046FDF72E
:1053700041FC02226A492046FBF718F8EB683146E7
:10538000DA682046FDF736FCD4F80071FF2F11D102
:1053900000263946D4F8083184F8FF60D4F80C218F
:1053A00020469847D4F82431C4F8006101333746C9
:1053B000C4F824317A1C2923C4F80021E35584F869
:1053C00004316A680599FDF708BD05996A68FDF71B
:1053D00004BD424631462046FDF70CFC05996A683B
:1053E000FDF7FBBC18A9204641F8403DD4F8103128
:1053F000C4F8141141460A960B930995FDF7FAFB80
:105400000A9E089BC4F81431EEB9D4F80071FF2F3E
:1054100010D13946D4F8083184F8FF60D4F80C2153
:1054200020469847D4F82431C4F800610133374648
:10543000C4F8243120237A1CC4F80021E35584F8F1
:105440000431FEF70CBA05996A68FDF7C6BC354908
:10545000B86835F0EDF800287EF4C6AB3146EA684E
:105460002046FDF7C7FB02222F492046FAF79EFF90
:10547000FEF709BCD4F80071FF2F11D10026394680
:10548000D4F8083184F8FF60D4F80C2120469847FE
:10549000D4F82431C4F8006101333746C4F824310C
:1054A00020237A1CC4F80021E35584F8043164E514
:1054B000D4F80071FF2F12D14FF000083946D4F80C
:1054C000083184F8FF80D4F80C2120469847D4F89E
:1054D0002431C4F8008101334746C4F82431202325
:1054E0007A1CC4F80021E35584F804311CE54046D9
:1054F0000E4903F0A9FA002840F0FB81EB68314621
:10550000DA68204601F07EF8FDF760BC05996A680C
:10551000FDF763BC05996A68FDF75FBC784804082D
:105520002C480408904604089846040830460408AD
:105530009B689A68012A7DF44EAC5B681B783E2B11
:105540007DF449ACD4F80071FF2F11D10026394603
:10555000D4F8083184F8FF60D4F80C21204698472D
:10556000D4F82431C4F8006101333746C4F824313B
:105570007A1C2923C4F80021E35584F804316A68B1
:105580000599FDF72ABC052A00F2A980573BFFF7D1
:105590001DBA92461A4601E0526842B31168894525
:1055A00003D08D42F8D19A42F6D009F10801204685
:1055B000FBF72AF9814698B199F800302F2B7EF439
:1055C000B6ACD4F820110029FEF6B6AC4846FBF77D
:1055D00005F9814600287EF4AAAC0FB1C4F8108109
:1055E0000123C4F818316A680599FDF7F6BBDAF8AB
:1055F0000430D4F81081C4F8103109F108012046B4
:10560000FBF702F9012781460028D5D1E6E718AB60
:10561000019A43F8482DCDF81C80C4F810318EE56E
:10562000EB6893F80090B9F1000F7DF43FAE3D2890
:1056300000F0E6803146EA682046A8F10208FDF74E
:10564000D9FAB8F1040F00F2D780DFE808F0B4937C
:105650008A813500D8F808203146204600F0D2FF74
:105660004A463146204600F08DFF05996A68FDF7ED
:10567000B4BB41462046FBF7D7F8A8B103782F2BDF
:1056800012D1836883B1C0680137F6E7D8F80830D3
:105690001A78012A7FF4D2AAD8F80C201278292A85
:1056A00008BF9846FFF7CABA39462046FBF770F99B
:1056B00005996A68FDF791BB032294492046FAF7E1
:1056C00075FE05996A68FDF788BB00231E44FAE55C
:1056D0004A463146204600F055FFFDF7A9BE5F2B34
:1056E000D4F800117FF464A9FF283FF661A9FF29CF
:1056F0005FFA80F90FD1D4F8083184F8FF80D4F82C
:105700000C2120469847D4F82431C4F80081013395
:10571000C4F8243100214B1CC4F80031574604F86A
:10572000019084F80491FFF735B9DAF808A0BAF1CE
:10573000000F3EF401ADD1E4052275492046FAF789
:1057400035FE05996A68FDF748BBCCF800002CE7E8
:10575000022270492046FAF729FE05996A68FDF78A
:105760003CBB02226C492046FAF720FE05996A6884
:10577000FDF733BBD4F80071FF2F11D10026394655
:10578000D4F8083184F8FF60D4F80C2120469847FB
:10579000D4F82431C4F8006101333746C4F8243109
:1057A0007A1C6C23C4F80021E35584F804316A683C
:1057B0000599FDF712BBD4F80071FF2F11D1002617
:1057C0003946D4F8083184F8FF60D4F80C2120461B
:1057D0009847D4F82431C4F8006101333746C4F83F
:1057E00024317A1C7523C4F80021E35584F8043170
:1057F0006A680599FDF7F1BA05996A68FDF7EDBA8F
:10580000D4F80071FF2F10D13946D4F8083184F84C
:10581000FF90D4F80C2120469847D4F82431C4F8DE
:10582000009101334F46C4F824312D237A1CC4F86B
:105830000021E35584F80431FCE69A689168012957
:105840007DF469AA526812783E2A7DF464AAD4F8DD
:105850000071FF2F10D184F8FF003946D4F80831C9
:10586000D4F80C2120469847D4F82431C4F800819C
:1058700001334746C4F8243128237A1CC4F8002198
:10588000E35584F80431AB68FDF745BA5A46314612
:10589000204600F0B7FE3A463146204600F072FE40
:1058A00052463146204600F0ADFE03221B492046F9
:1058B000FAF77CFD4A463146204600F0A3FE0599E2
:1058C0006A68FDF78ABA05996A68FDF786BA05998C
:1058D0006A68FDF782BAD3681B78292B1CBF0123A5
:1058E000C4F8183192683146204600F08BFEFDF76F
:1058F00022BA3A463146204600F044FEFEE5012336
:10590000C4F818316A68FDF768BA00BF484804084F
:105910004C48040844480408404804083448040833
:105920001378033B2DE9F047154604460E464C2BF1
:1059300000F2C882DFE813F07500C602C602C60294
:10594000C602C602C602C602C602C602C602C60217
:10595000C602C602C602C602C602C602C602C60207
:10596000C602C6027A00A100C8007A00A100C800E1
:10597000EE000A01260148016601790252029F02E7
:10598000C602C602C602C6028401C602CC01C60215
:10599000C602C602C602C602C602C602C602C602C7
:1059A000C602C602C602C602C602C602C602C602B7
:1059B000C602C602C602C602C602C602C602C602A7
:1059C000C602C602C602C602C602F401C6022A0206
:1059D0004D00D74FD0F8003107F106084FF000090D
:1059E00016E0D4F80831D4F80C2184F8FF909847D9
:1059F000D4F824310133C4F824310022012347456F
:105A0000C4F8003104F802A084F804A100F05F8219
:105A1000FF2B1946204617F801ABE2D01A46013396
:105A2000EDE7AA68BDE8F047FDF7E4B8C14DD0F84E
:105A3000003105F10906002716E0D4F80831D4F842
:105A40000C2184F8FF709847D4F824310133C4F84E
:105A5000243100220123AE42C4F8003104F8028050
:105A600084F8048100F0EA80FF2B1946204615F8DF
:105A7000018FE2D01A460133EDE7AF4DD0F8003187
:105A800005F10906002716E0D4F80831D4F80C21F6
:105A900084F8FF709847D4F824310133C4F82431D6
:105AA00000220123AE42C4F8003104F8028084F8D9
:105AB000048100F0C380FF2B1946204615F8018FA2
:105AC000E2D01A460133EDE79C4DD0F80031AE1D0F
:105AD000002716E0D4F80831D4F80C2184F8FF70C0
:105AE0009847D4F824310133C4F82431002201232B
:105AF000B542C4F8003104F8028084F8048100F053
:105B00009D80FF2B1946204615F8018BE2D01A46DE
:105B10000133EDE7D0F80011FF290FD10025D0F8AF
:105B2000083180F8FF50D0F80C219847D4F8243180
:105B3000C4F8005101332946C4F8243120224B1CFB
:105B4000C4F80031625484F804215DE0D0F80011FB
:105B5000FF290FD10025D0F8083180F8FF50D0F888
:105B60000C219847D4F82431C4F800510133294658
:105B7000C4F8243120224B1CC4F80031625484F84C
:105B8000042154E1D0F80011FF290FD10027D0F8EB
:105B9000083180F8FF70D0F80C219847D4F82431F0
:105BA000C4F8007101333946C4F824314A1C20235B
:105BB000C4F80021635484F804313146EA68204671
:105BC000BDE8F047FDF716B811F0040636D1D0F85D
:105BD0000011FF290ED1D0F8083180F8FF60D0F80D
:105BE0000C219847D4F82431C4F8006101333146C0
:105BF000C4F824312A234A1CC4F80021635484F8D1
:105C000004311BE0D0F80031FF2B40F0A9810025C2
:105C10001946D4F80C21D4F8083184F8FF502046F6
:105C20009847D4F824315A1CC4F824212B4601216A
:105C30002622C4F80011E25484F80421BDE8F0875C
:105C400090F80431282B19D0D0F80011FF2940F02A
:105C50008B810027D0F80831D0F80C2180F8FF7034
:105C60009847D4F8243101333946C4F8243101224D
:105C70002023C4F80021635484F80431AA68304D0D
:105C800031462046FCF7B6FFEE1CD4F80031002761
:105C900015E0D4F80831D4F80C2184F8FF70984747
:105CA000D4F824310133C4F8243100220123AE4258
:105CB000C4F8003104F8028084F80481BED0FF2BC0
:105CC0001946204615F8018BE3D01A460133EEE75A
:105CD0001C4FD0F8003107F10A084FF0000916E018
:105CE000D4F80831D4F80C2184F8FF909847D4F800
:105CF00024310133C4F8243100220123B845C4F80B
:105D0000003104F802A084F804A100F01E81FF2BEA
:105D10001946204617F801ABE2D01A460133EDE7E9
:105D2000094DD0F8003105F11106002725E000BF2C
:105D300038490408F74804080349040810490408CE
:105D40005C4904086049040817490408D4F808317C
:105D5000D4F80C2184F8FF709847D4F8243101332B
:105D6000C4F8243100220123AE42C4F8003104F803
:105D7000028084F804813FF461AFFF2B194620466E
:105D800015F8018FE2D01A460133EDE7774FD0F8CE
:105D9000003107F109084FF0000916E0D4F8083186
:105DA000D4F80C2184F8FF909847D4F824310133BB
:105DB000C4F82431002201234745C4F8003104F817
:105DC00002A084F804A100F08280FF2B194620462F
:105DD00017F801AFE2D01A460133EDE7644DD0F871
:105DE000003105F10806002716E0D4F80831D4F890
:105DF0000C2184F8FF709847D4F824310133C4F89B
:105E0000243100220123AE42C4F8003104F802809C
:105E100084F804813FF412AFFF2B1946204615F891
:105E2000018FE2D01A460133EDE7D0F80031514D31
:105E30000027AE1C16E0D4F80831D4F80C2184F801
:105E4000FF709847D4F824310133C4F8243100227C
:105E50000123B542C4F8003104F8028084F80481BB
:105E60003FF4ECAEFF2B1946204615F8018BE2D02B
:105E70001A460133EDE7404DD0F8003105F10A062E
:105E8000002716E0D4F80831D4F80C2184F8FF700C
:105E90009847D4F824310133C4F824310022012377
:105EA000B542C4F8003104F8028084F804813FF45C
:105EB000C5AEFF2B1946204615F8018BE2D01A46D5
:105EC0000133EDE72A46BDE8F047FCF793BEEA68E8
:105ED000002A3FF4B3AEFF2B44D100271946D4F873
:105EE0000C21D4F8083184F8FF7020469847D4F884
:105EF0002431EA68591CC4F824113B4601212825A5
:105F0000C4F8001120463146E55484F80451FCF7EA
:105F100071FED4F80011FF2920D10025D4F80831F2
:105F2000D4F80C2184F8FF5020469847D4F8243147
:105F300001332946C4F8243101222923C4F8002161
:105F4000635484F80431BDE8F0873146AA682046DE
:105F5000FCF750FED4F80011FF29DED04A1CECE714
:105F6000591C65E6591CCAE74A1C81E62B490408FE
:105F70004349040840490408504904082DE9F843FE
:105F800004460E4617461D46D3B19B68C3B92A4640
:105F90000120DFF8C8C101E093688BB953681B7812
:105FA000193BDBB2122B00FA03F106D811EA0C0FF1
:105FB00040F0C78011F4606F54D11268002AEBD111
:105FC0000023D4F81481C4F8143131462A462046FF
:105FD00000F0C6F8D4F80011FF2940F0A480002397
:105FE00084F8FF30D4F80C21D4F8083120469847C3
:105FF0002823237084F80431D4F824313A68591CDA
:106000000123C4F82411C4F80031002A00F097805D
:1060100031462046FCF7EEFDD4F80031FF2B40F06E
:106020008E8000271946D4F80C21D4F8083184F862
:10603000FF7020469847D4F824315A1CC4F8242114
:106040003B4601222920C4F800213146E0542A466B
:1060500084F804010123204600F082F8C4F814817A
:10606000BDE8F88394F80431D4F8001103F0FD0280
:10607000282A1ED0202B1CD0FF2912D1002384F8FF
:10608000FF30D4F80C21D4F8083120469847D4F8D2
:10609000243120220133C4F82431227001214A1C0A
:1060A0001AE04B1C2022C4F80031625484F8042109
:1060B0001946FF29F3D14FF00008D4F80831D4F87D
:1060C0000C2184F8FF8020469847D4F8243101330E
:1060D0004146C4F8243101222823C4F80021635426
:1060E0004FF0000984F80431D4F81481C4F81491F5
:1060F0004B462A463146204600F032F8D4F80031AB
:10610000FF2B23D11946D4F80C21D4F8083184F898
:10611000FF9020469847D4F8243129220133C4F84F
:1061200024312270012128224B1CC4F80031625412
:1061300084F804213A68002A3FF470AF68E75A1CDB
:1061400080E794F80431D4F8001193E72922591C10
:10615000C4F80011E25484F804213DE7073104003B
:10616000002A00F0AC802DE9F04F1F46D0F818311E
:1061700089B005464BBB884614464FF0010902E042
:10618000D5F818310BBBA368E3B9D4F804A09AF88A
:106190000060304617B9FAF73FF998B9E368C4F8D8
:1061A0000890292ED5F810B1C5F810315246414655
:1061B00028460DD02A2E15D0022E1DD0FFF7B0FB99
:1061C000C5F810B12468002CDAD109B0BDE8F08F11
:1061D00023680AF10C02FFF7D1FEC5F810B109B02F
:1061E000BDE8F08F23680AF1080200F0F1F8C5F865
:1061F00010B109B0BDE8F08F0026D5F81471DAF8B7
:106200000820C5F81461FCF7F5FCC5F8147118F006
:1062100004072FD0D5F80011FF2940F0CF80D5F822
:106220000831D5F80C2185F8FF6028469847D5F845
:10623000243101333146C5F8243101222E23C5F81B
:1062400000216B5485F804316368DC6820784628A7
:1062500002D135E0A4682078FAF7DEF80028F9D1F9
:10626000224641462846FCF7C5FCC5F810B109B0E6
:10627000BDE8F08F524ED5F8003106F1020915E065
:10628000D5F80831D5F80C2185F8FF709847D5F876
:1062900024310133C5F8243100220123B145C5F86A
:1062A000003105F802A085F804A1CDD0FF2B1946D6
:1062B000284616F801ABE3D01A460133EEE77047E3
:1062C000404ED5F8003106F10D074FF0000915E0FA
:1062D000D5F80831D5F80C2185F8FF909847D5F806
:1062E00024310133C5F8243100220123B742C5F817
:1062F000003105F802A085F804A108D0FF2B19464B
:10630000284616F801ABE3D01A460133EEE7E268FF
:106310002D49013201A834F069F901A802F010FDFD
:1063200028B301AED5F8003137184FF0000915E059
:10633000D5F80831D5F80C2185F8FF909847D5F8A5
:1063400024310133C5F8243100220123BE42C5F8AF
:10635000003105F802A085F804A10AD0FF2B1946E8
:10636000284616F801ABE3D01A460133EEE7D5F81C
:106370000031164E4FF00009F71C16E0D5F8083131
:10638000D5F80C2185F8FF909847D5F824310133D2
:10639000C5F8243100220123B742C5F8003105F8C1
:1063A00002A085F804A13FF455AFFF2B19462846FB
:1063B00016F801ABE2D01A460133EDE74A1C3DE77F
:1063C000784604087C460408284604088C460408DD
:1063D0002DE9F84F04460F4690465BB11E469D6876
:1063E000002D42D01B68002BF9D132463946204699
:1063F000FFF7B6FED4F80011FF2940F0B18000236A
:1064000084F8FF30D4F80C21D4F80831204698479E
:10641000D4F8243120220133C4F82431227001231E
:106420005B22591CC4F80011E25484F80421D8F806
:106430000020002A40D1FF2945D10025D4F8083199
:10644000D4F80C2184F8FF5020469847D4F8243122
:1064500001332946C4F8243101225D23C4F8002108
:10646000635484F80431BDE8F88F5B681B782A2BED
:106470002BD12B46324639462046FFF771FED4F821
:106480000031FF2BCCD10022194684F8FF20D4F82C
:106490000831D4F80C21204698475B23237084F8F8
:1064A0000431D4F82431D8F8002001330121C4F894
:1064B0002431C4F8001132B139462046FCF79AFB6A
:1064C000D4F80011B7E74A1CC7E7DFF8B490D4F856
:1064D000003109F1020A16E0D4F80831D4F80C2191
:1064E00084F8FF509847D4F8243100220133C4F8CF
:1064F0002431CA454FF00103C4F8003104F802B05A
:1065000084F804B110D0FF2B1946204619F801BBBE
:10651000E2D01A46CA4503F10103C4F8003104F879
:1065200002B084F804B1EED1002332463946204649
:10653000FFF716FED4F80031FF2B19D100221946BF
:1065400084F8FF20D4F80831D4F80C21204698476D
:10655000D4F8243129220133C4F8243122700121D6
:1065600020224B1CC4F80031625484F8042188E7CF
:106570002922591CC4F80011E25484F804213BE795
:10658000744804082DE9F0411578312D03D0BDE899
:10659000F041FCF72FBB9368D3E901567EB32E443C
:1065A0000446D0F80031013E013D002716E0D4F842
:1065B0000831D4F80C2184F8FF709847D4F82431BE
:1065C00000220133C4F82431B5424FF00103C4F86E
:1065D000003104F8028084F8048110D0FF2B1946A2
:1065E000204615F8018FE2D01A46B54203F10103A7
:1065F000C4F8003104F8028084F80481EED1BDE8CB
:10660000F08100BF1378012B2DE9F041044641D9F8
:10661000302B3FD0062B3DD0D0F80071FF2F0E4617
:1066200015463ED14FF000083946D0F80831D0F871
:106630000C2180F8FF809847D4F824310133474675
:10664000C4F8243101222823C4F800213146E3553F
:106650002A46204684F80431FCF7CCFAD4F800111D
:10666000FF291CD10025D4F80831D4F80C2184F876
:10667000FF5020469847D4F8243101332946C4F806
:10668000243101222923C4F80021635484F8043101
:10669000BDE8F0812046BDE8F041FCF7ABBA4A1CEA
:1066A000F0E77A1CCFE700BF2DE9F04F926812683F
:1066B0001678662E83B003D0002003B0BDE8F08FBB
:1066C0001B68D3E9028999F800303B2B00F0108158
:1066D000002301934FF0FF33D0F82071C0F8203130
:1066E00053784C3B0D460446262B3AD8DFE803F09E
:1066F000B03939393939B03939393939393939391C
:1067000039393939393939393939393939393939F9
:106710008939393939393F00424629462046FFF741
:1067200031FF019A29462046FFF76CFFD4F800118B
:10673000FF2940F0EA800025D4F80831D4F80C2174
:1067400084F8FF5020469847D4F824310133294675
:10675000C4F8243101222923C4F80021635484F8A9
:1067600004310120C4F8207103B0BDE8F08FD0F8E7
:106770000011FF2940F0CB800026D0F80831D0F876
:106780000C2180F8FF609847D4F82431013331465A
:10679000C4F8243101222823C4F800212046635480
:1067A0004A46294684F80431FFF72CFF2946594D03
:1067B00042462046FFF7E6FE2E1DD4F800314FF08A
:1067C000000815E0D4F80831D4F80C2184F8FF80D3
:1067D0009847D4F824310133C4F82431002201232E
:1067E000AE42C4F8003104F8029084F80491B8D0A5
:1067F000FF2B1946204615F8019BE3D01A460133BA
:10680000EEE7454ED0F8003106F1040A17E04FF0EC
:10681000000384F8FF30D4F80C21D4F808319847ED
:10682000D4F824310133C4F8243100220123B245C5
:10683000C4F8003104F802B084F804B15ED0FF2B34
:106840001946204616F801BBE1D01A460133EEE79F
:10685000D0F80031FF2B10D100261946D0F80C21BA
:10686000D0F8083180F8FF609847D4F82431C4F894
:1068700000615A1CC4F824213346591C4FF0280CDF
:106880004A46C4F80011204604F803C0294684F89B
:1068900004C1DFF88890FFF7B5FE4246294620463E
:1068A000FFF770FE09F1030AD4F80031002616E064
:1068B000D4F80831D4F80C2184F8FF609847D4F854
:1068C00024310133C4F8243100220123D145C4F816
:1068D000003104F802B084F804B13FF41DAFFF2B7F
:1068E0001946204619F801BBE2D01A460133EDE7FC
:1068F000D9F80C300193D9F80890EBE642462946C6
:106900002046FFF73FFE4A460CE74A1C23E74A1C95
:1069100041E700BF744904086C490408784804083A
:106920002DE9F04FE5B090F800A0BAF15F0F00AF8D
:1069300005468846164600F0F3800822BB492846E3
:1069400033F076FE48B92B7A2E2B00F0D8805F2BDF
:1069500000F0D580242B00F0D2804FF000092846AB
:1069600002F0EEF94201830008320A33ADEB020D6A
:1069700023F007030024EB462918ADEB030D112289
:106980004300B9F1010FC7F81CB0C7F828D0FD606B
:10699000BD61386339617B627A613C62FC62C7E940
:1069A0000D44C7E90F447C6400F0A080C0F0BF80B4
:1069B000EA7AB9F1020F05F10B0A14BF4FF044094E
:1069C0004FF043095F2AC7F818A000F0B98050467D
:1069D0007B6002F0B5F97B68002B40F32381002334
:1069E0000122CBF804303A62002800F01B81CBE989
:1069F00002A08BF80030494600235A4607F10C00EC
:106A0000F9F71EFCBC690546204602F099F92318E7
:106A1000BB6114F80090B9F1000F6AD1002D68D065
:106A200007F148042A4607F5BE7107F5C470C4F89B
:106A30000881C4F80C61C4F8009184F80491C4F88A
:106A40001091C4F81491C4F82091C4F82491C4F8AA
:106A50001891C4F81C91C4F82891C4F82C91C4F87A
:106A60003091C4F83491C4F83891C4F83C91C4F81A
:106A70004091F9F749FCD4F83431D4F84061C4F8B6
:106A80004491012B06FB03F61A46B8BF0122D2003F
:106A9000012E334602F10802B8BF0123E846DB00AD
:106AA000ADEB020D083369462A46ADEB030D2046D7
:106AB000C4F82C111121C4F838D1C4F84061FCF796
:106AC00099F8D4F80011D4F8083104F80190204660
:106AD000C546D4F80C219847D4F81801B0FA80F0D4
:106AE000400907F5CA77BD46BDE8F08FBAF15F0FE0
:106AF00033D0002007F5CA77BD46BDE8F08F6B7A2A
:106B0000442B02D0492B7FF428AFAA7A5F2A7FF466
:106B100024AF492B14BF4FF003094FF002091EE7C1
:106B200043785A2B7FF409AF4FF0010917E707F1BB
:106B30000C00FAF705FEBB69054693F800906AE77A
:106B40002A7B5A2A7FF443AF0D35214607F10C000A
:106B5000BD61FBF737FD83464DE76B785A2BC8D1F3
:106B60000235494607F10C00BD61FBF72BFD7B693F
:106B7000DB07054652D5B86990F80090B9F12E0FA1
:106B80007FF449AF4378A3F16102192A3AD95F2B08
:106B900038D0303B092B41D8037802462E2B12D136
:106BA0005378303B092B0ED89378A3F13001092993
:106BB00002F10202F2D812F8013FA3F130010929D3
:106BC000F9D92E2BECD0D7E908139942BA6117DA1C
:106BD000D7F81CE04FEA011C0EEB0C030131121A2E
:106BE0005C6039620CD05C600EF80C40C3E90202B4
:106BF0002A464D2107F10C00F9F722FB0546BAE7BA
:106C00000023F5E7811C0A4611F8013BA3F1610C52
:106C1000BCF1190FF7D95F2BF5D0BFE7BB6993F82B
:106C20000090F8E64FF0000BE5E600BF04460408CC
:106C30002DE9F04184B080B301B172B3002417464E
:106C40000E466A462B491D46CDE90044CDE9024473
:106C5000FFF766FE002847D0039B009CABB9DDF828
:106C600008806CB3B6B1204602F06AF83B689842DF
:106C70001CD3304632F080FEC7F8008095B1002367
:106C800020462B6004B0BDE8F08134B34FF001081A
:106C9000002EE8D1002FEFD1F0E713B16FF0020220
:106CA0001A600024204604B0BDE8F081421C214651
:106CB000304601F01DFE204632F05EFE3446DDE730
:106CC000002DEED0B8F1010F09D000246FF00103C0
:106CD00020462B6004B0BDE8F081002DE1D04FF0DC
:106CE000FF332B600024DDE7009832F045FE002DD5
:106CF000EBD1D6E7B908000860B108B539B1FFF7A4
:106D00000FFE00280CBF6FF00100002008BD6FF0DF
:106D1000020008BD6FF00200704700BF81F0004123
:106D200002E000BF83F0004330B54FEA41044FEA70
:106D3000430594EA050F08BF90EA020F1FBF54EA0B
:106D4000000C55EA020C7FEA645C7FEA655C00F0A7
:106D5000E2804FEA5454D4EB5555B8BF6D420CDD78
:106D60002C4480EA020281EA030382EA000083EAFB
:106D7000010180EA020281EA0303362D88BF30BD9B
:106D800011F0004F4FEA01314FF4801C4CEA1131F1
:106D900002D0404261EB410113F0004F4FEA033350
:106DA0004CEA133302D0524263EB430394EA050FDB
:106DB00000F0A780A4F10104D5F1200E0DDB02FA4A
:106DC0000EFC22FA05F2801841F1000103FA0EF2DE
:106DD000801843FA05F359410EE0A5F120050EF1A4
:106DE000200E012A03FA0EFC28BF4CF0020C43FAD5
:106DF00005F3C01851EBE37101F0004507D54FF0E2
:106E0000000EDCF1000C7EEB00006EEB0101B1F531
:106E1000801F1BD3B1F5001F0CD349085FEA300077
:106E20004FEA3C0C04F101044FEA445212F5800F82
:106E300080F09A80BCF1004F08BF5FEA500C50F11F
:106E4000000041EB045141EA050130BD5FEA4C0C02
:106E5000404141EB010111F4801FA4F10104E9D18B
:106E600091F0000F04BF01460020B1FA81F308BF82
:106E70002033A3F10B03B3F120020CDA0C3208DD4E
:106E800002F1140CC2F10C0201FA0CF021FA02F129
:106E90000CE002F11402D8BFC2F1200C01FA02F199
:106EA00020FA0CFCDCBF41EA0C019040E41AA2BFBE
:106EB00001EB0451294330BD6FEA04041F3C1CDA86
:106EC0000C340EDC04F11404C4F1200220FA04F0A6
:106ED00001FA02F340EA030021FA04F345EA030150
:106EE00030BDC4F10C04C4F1200220FA02F001FA12
:106EF00004F340EA0300294630BD21FA04F0294694
:106F000030BD94F0000F83F4801306BF81F480112C
:106F10000134013D4EE77FEA645C18BF7FEA655C9F
:106F200029D094EA050F08BF90EA020F05D054EA71
:106F3000000C04BF1946104630BD91EA030F1EBF76
:106F40000021002030BD5FEA545C05D1400049417A
:106F500028BF41F0004130BD14F580043CBF01F56D
:106F6000801130BD01F0004545F0FE4141F4700153
:106F70004FF0000030BD7FEA645C1ABF194610462E
:106F80007FEA655C1CBF0B46024650EA013406BF2F
:106F900052EA033591EA030F41F4002130BD00BFEE
:106FA00090F0000F04BF0021704730B54FF48064AB
:106FB00004F132044FF000054FF0000150E700BF2C
:106FC00090F0000F04BF0021704730B54FF480648B
:106FD00004F1320410F0004548BF40424FF0000178
:106FE0003EE700BF42004FEAE2014FEA31014FEABB
:106FF00002701FBF12F07F4393F07F4F81F060510A
:10700000704732F07F4208BF704793F07F4F04BF54
:1070100041F40021704730B54FF4607401F0004531
:1070200021F000411CE700BF50EA010208BF704791
:1070300030B54FF000050AE050EA010208BF704782
:1070400030B511F0004502D5404261EB41014FF4EB
:10705000806404F132045FEA915C3FF4D8AE4FF0F3
:1070600003025FEADC0C18BF03325FEADC0C18BFD6
:10707000033202EBDC02C2F1200300FA03FC20FA27
:1070800002F001FA03FE40EA0E0021FA02F1144474
:10709000BDE600BF70B54FF0FF0C4CF4E06C1CEA8D
:1070A00011541DBF1CEA135594EA0C0F95EA0C0FFE
:1070B00000F0DEF82C4481EA030621EA4C5123EA71
:1070C0004C5350EA013518BF52EA033541F48011A0
:1070D00043F4801338D0A0FB02CE4FF00005E1FB53
:1070E00002E506F00042E0FB03E54FF00006E1FB9D
:1070F00003569CF0000F18BF4EF0010EA4F1FF04E0
:10710000B6F5007F64F5407404D25FEA4E0E6D411F
:1071100046EB060642EAC62141EA55514FEAC52030
:1071200040EA5E504FEACE2EB4F1FD0C88BFBCF5AC
:10713000E06F1ED8BEF1004F08BF5FEA500E50F15D
:10714000000041EB045170BD06F0004646EA010123
:1071500040EA020081EA0301B4EB5C04C2BFD4EB55
:107160000C0541EA045170BD41F480114FF0000E4E
:10717000013C00F3AB8014F1360FDEBF002001F0BC
:10718000004170BDC4F10004203C35DA0C341BDC36
:1071900004F11404C4F1200500FA05F320FA04F008
:1071A00001FA05F240EA020001F0004221F000413C
:1071B00010EBD37021FA04F642EB06015EEA430EAF
:1071C00008BF20EAD37070BDC4F10C04C4F12005DF
:1071D00000FA04F320FA05F001FA04F240EA020092
:1071E00001F0004110EBD37041F100015EEA430E63
:1071F00008BF20EAD37070BDC4F1200500FA05F283
:107200004EEA020E20FA04F301FA05F243EA020301
:1072100021FA04F001F0004121FA04F220EA020010
:1072200000EBD3705EEA430E08BF20EAD37070BD56
:1072300094F0000F0FD101F00046400041EB010136
:1072400011F4801F08BF013CF7D041EA060195F018
:10725000000F18BF704703F00046520043EB0303D2
:1072600013F4801F08BF013DF7D043EA06037047BF
:1072700094EA0C0F0CEA135518BF95EA0C0F0CD0CA
:1072800050EA410618BF52EA4306D1D181EA030110
:1072900001F000414FF0000070BD50EA410606BF0A
:1072A0001046194652EA430619D094EA0C0F02D14F
:1072B00050EA013613D195EA0C0F05D152EA033694
:1072C0001CBF104619460AD181EA030101F00041B2
:1072D00041F0FE4141F470014FF0000070BD41F0FB
:1072E000FE4141F4780170BD70B54FF0FF0C4CF4D5
:1072F000E06C1CEA11541DBF1CEA135594EA0C0FF4
:1073000095EA0C0F00F0A7F8A4EB050481EA030E40
:1073100052EA03354FEA013100F088804FEA033327
:107320004FF0805545EA131343EA12634FEA0222F5
:1073300045EA111545EA10654FEA00260EF00041B6
:107340009D4208BF964244F1FD0404F5407402D208
:107350005B084FEA3202B61A65EB03055B084FEA99
:1073600032024FF480104FF4002CB6EB020E75EB96
:10737000030E22BFB61A754640EA0C005B084FEABE
:107380003202B6EB020E75EB030E22BFB61A75463B
:1073900040EA5C005B084FEA3202B6EB020E75EB86
:1073A000030E22BFB61A754640EA9C005B084FEAFE
:1073B0003202B6EB020E75EB030E22BFB61A75460B
:1073C00040EADC0055EA060E18D04FEA051545EAFA
:1073D00016754FEA06164FEAC30343EA52734FEAA3
:1073E000C2025FEA1C1CC0D111F4801F0BD141EA1C
:1073F00000014FF000004FF0004CB6E711F4801F81
:1074000004BF01430020B4F1FD0C88BFBCF5E06F60
:107410003FF6AFAEB5EB030C04BFB6EB020C5FEA70
:10742000500C50F1000041EB045170BD0EF0004EC5
:107430004EEA113114EB5C04C2BFD4EB0C0541EAF7
:10744000045170BD41F480114FF0000E013C90E6F4
:1074500045EA060E8DE60CEA135594EA0C0F08BFB8
:1074600095EA0C0F3FF43BAF94EA0C0F0AD150EAB7
:1074700001347FF434AF95EA0C0F7FF425AF10464A
:1074800019462CE795EA0C0F06D152EA03353FF472
:10749000FDAE1046194622E750EA410618BF52EAEF
:1074A00043067FF4C5AE50EA41047FF40DAF52EAC3
:1074B00043057FF4EBAE12E74A0011D212F5001239
:1074C00011D20DD56FF47873B3EB62520ED44FEA3C
:1074D000C12343F0004343EA505323FA02F07047BC
:1074E0004FF00000704750EA013002D14FF0FF30FA
:1074F00070474FF0000070474FEA4102B2F1E0439D
:1075000024BFB3F5001CDCF1FE5C0DD901F0004C8A
:107510004FEAC0024CEA5070B2F1004F40EB8300DA
:1075200008BF20F00100704711F0804F21D113F106
:107530003872BCBF01F00040704741F480114FEA3F
:107540005252C2F11802C2F1200C10FA0CF320FAC8
:1075500002F018BF40F001004FEAC1234FEAD323E5
:1075600003FA0CFC40EA0C0023FA02F34FEA43034F
:10757000CCE77FEA625307D150EA01331EBF4FF0D8
:10758000FE4040F44000704701F0004040F0FE40F3
:1075900040F40000704700BF7BB972B90029BEBF3C
:1075A00000204FF0004106E008BF00281CBF6FF02C
:1075B00000414FF0FF3001F043B9ADF1080C6DE927
:1075C00004CE002909DB002B1ADB00F04DF8DDF8B2
:1075D00004E0DDE9022304B07047404261EB410161
:1075E000002B1BDB00F040F8DDF804E0DDE90223AE
:1075F00004B0404261EB4101524263EB43037047E8
:10760000524263EB430300F02FF8DDF804E0DDE9BC
:10761000022304B0404261EB41017047524263EBE8
:10762000430300F021F8DDF804E0DDE9022304B0B3
:10763000524263EB4303704753B94AB9002908BF6C
:1076400000281CBF4FF0FF314FF0FF3001F0F8B8B9
:10765000ADF1080C6DE904CE00F006F8DDF804E0A9
:10766000DDE9022304B070472DE9F047089E044687
:107670008846002B4BD18A42154667D9B2FA82F26E
:107680004AB1C2F1200701FA02F320FA07F7954048
:1076900047EA030894404FEA154E230CB8FBFEF767
:1076A0001FFA85FC0EFB178843EA084307FB0CF121
:1076B000994209D9EB1807F1FF3080F01B819942FC
:1076C00040F21881023F2B445B1AA4B2B3FBFEF0D8
:1076D0000EFB103344EA034400FB0CFCA44509D91B
:1076E0002C1900F1FF3380F00781A44540F204819A
:1076F00002382C4440EA0740A4EB0C0400271EB1DA
:10770000D4400023C6E900433946BDE8F0878B42E8
:1077100009D9002E00F0EB800027C6E900013846A9
:107720003946BDE8F087B3FA83F7002F47D18B4283
:1077300002D3824200F2FA80841A61EB0303012033
:107740009846002EE0D0C6E90048DDE702B9FFDE2A
:10775000B2FA82F2002A40F08F80491B4FEA154EA0
:107760001FFA85F80127B1FBFEFC230C0EFB1C1150
:1077700043EA014308FB0CF1994207D9EB180CF1DD
:10778000FF3002D2994200F2CD808446591AA3B24A
:10779000B1FBFEF00EFB101443EA044408FB00F8B2
:1077A000A04507D92C1900F1FF3302D2A04500F201
:1077B000B6801846A4EB080440EA0C409FE7C7F1E6
:1077C000200CBB4022FA0CFE4EEA030E01FA07F42D
:1077D00020FA0CF521FA0CF34FEA1E482543B3FBBF
:1077E000F8F92C0C08FB19331FFA8EFA44EA03430C
:1077F00009FB0AF49C4202FA07F200FA07F10BD9DE
:107800001EEB030309F1FF3080F087809C4240F2B9
:107810008480A9F1020973441B1BADB2B3FBF8F0DD
:1078200008FB103345EA034400FB0AFAA24508D9D5
:107830001EEB040400F1FF336BD2A24569D9023874
:10784000744440EA0940A0FB0289A4EB0A044C45B9
:10785000C2464B4654D351D0002E69D0B1EB0A0535
:1078600064EB030404FA0CFCFD40FC404CEA050503
:10787000C6E90054002747E7C2F1200320FA03F7C6
:10788000954001FA02F021FA03F34FEA154E38430E
:10789000010CB3FBFEF71FFA85F80EFB173341EA24
:1078A000034107FB08F38B4204FA02F407D9691875
:1078B00007F1FF3C2FD28B422DD9023F2944CB1A2E
:1078C00081B2B3FBFEF00EFB103341EA034100FB33
:1078D00008F38B4207D9691800F1FF3C17D28B429D
:1078E00015D902382944C91A40EA07473BE7374609
:1078F000304609E70746E7E61846FBE64145ABD2C6
:10790000B8EB020A69EB0E0201381346A4E76046A1
:10791000E9E7184695E76746D1E781467CE70238F4
:107920002C4447E7ACF1020C2B442FE7384608E71C
:107930003746E9E603685A004CBF43F0004323F0A2
:1079400000431844704700BF61B32DE9F84F01F1BF
:10795000FF3A90460646D146002707EB090404EBA0
:10796000D4746410E50071190846FFF7E3FFA245DF
:10797000834605F10800304409D0FFF7DBFFC3451B
:1079800000F1FF3005D8404509D2671CE5E7C34543
:1079900005D9A74202D004F1FF39DEE700210846ED
:1079A000BDE8F88F08467047012807D0022807D0A5
:1079B000044B00280CBF184600207047024870474F
:1079C0000248704795800008998000089D80000853
:1079D00030B5254B83B004468D1E4BB301A9284614
:1079E000AFF30080F0B101992A46FFF7ADFF0146E1
:1079F000C0B1FFF79FFF4B68A064012B2ED0002B76
:107A000001F1040026DBFFF795FF0023C4E913030F
:107A10000368002B12DBFFF78DFF0023206118465F
:107A200003B030BD002323610923184603B030BDE5
:107A30000E490F48091AC9100191D5E7C3F3036035
:107A4000FFF7B2FF002814BF002309232061184666
:107A500003B030BD0123C4E91303D9E70023236138
:107A60000523184603B030BD00000000E45A0408A6
:107A70004C5904080368DA0710B5044606D49B077E
:107A800000F1480009D500F05FFC2368590709D5CB
:107A90001A070ED5DB0613D510BD00F04DFC236888
:107AA0005907F5D404F1D00000F056FC23681A07FA
:107AB000F0D404F5A87000F057FC2368DB06EBD483
:107AC00004F5E870BDE8104000F092BC036803B113
:107AD00003441846704700BF09207047704700BF35
:107AE00070B504460D4608E02B6C63612A46236995
:107AF000214601209847082808D1296C2046FFF725
:107B000067FF06460028EFD031F020FB0728FBD1A5
:107B10003046296CFFF7E2FF281D00F001FC00BF92
:107B20002DE9F0470C1D054617460FCCADF5727DCB
:107B300003AE0FC60FCC0FC60FCC0FC694E80F00D4
:107B400002ACD5F80C80D5F8189086E80F00002319
:107B5000236021E0236C6B614FF4F07221467AA818
:107B600000F0C6FE2B697AAA294630469847889BC2
:107B7000CDE900498246636431462B462A460120FE
:107B8000C0470746F8B94FF4F0727AA9204600F0D2
:107B9000AFFEBAF1080F1CD1216C2846FFF718FF81
:107BA000002F08BF0926074618BF0A260028D1D093
:107BB000A36B46F01001CDE900492A466364012019
:107BC0002B46C04700B1092738460DF5727DBDE848
:107BD000F087BAF1070FF6D13846216CFFF77EFF28
:107BE00003A800F09DFB00BF406C7047F0B5CB6B65
:107BF0000B640D1D0F4606460FCDF9B001AC0FC446
:107C00000FCD0FC40FCD0FC495E80F004FF0FF3517
:107C100084E80F00009506E033696A4631469847CC
:107C20000828044608D110993046FFF7D1FE0028F5
:107C3000F2D0092079B0F0BD6846FFF71BFF062C93
:107C4000F7D139463046FFF74BFF00BF30B4DD6B4C
:107C5000C160826119461D64002230BC60E700BF2C
:107C600070B5C66843690B64BEB903690A46044629
:107C70000D46014602209847072807D0082803D15F
:107C800029462046FFF72CFF31F060FA3046296C78
:107C9000FFF724FF281D00F043FB0122FFF740FF00
:107CA00031F054FAC2681AB1CA6B0A64002237E78D
:107CB0009CE700BF704700BF836813B101460120F5
:107CC00018477047042907D8DFE801F003080608C1
:107CD00008000BB90F2A03D9022070470120704712
:107CE00000EB820218465368009A1360704700BF89
:107CF00010B584B0002303AC0A4600941946FFF780
:107D0000E1FF039804B010BD042907D8DFE801F0B3
:107D10000308060808000BB90F2A03D90220704790
:107D20000120704700EB8200009A126842601846FA
:107D3000704700BF10B584B004AC002344F8042D94
:107D40000A4600941946FFF7DFFF04B010BD00BFDC
:107D5000F0B5D36B1364151D07460E460FCDADF578
:107D60000F7D17AC0FC40FCD0FC40FCD0FC495E816
:107D70000F004FF0FF3584E80F00169510E016A8AD
:107D8000FFF7D8FF314616A8B84716AA694678B952
:107D9000049B08209847052804460AD0092807D0E4
:107DA00026996846FFF714FE6A460C210028E6D0A3
:107DB000092416A8FFF75EFE20460DF50F7DF0BDE5
:107DC0002DE9F04F0D46C96C89B00C1D164600F028
:107DD000030B0A6806941F46002B68D0130CD9B217
:107DE00012048DF81D30022304EB810405928DF8F6
:107DF0001C302B6DBBF1020F08BFAC6B13F00103FD
:107E000046D1019300F008030093D4F80090B9F133
:107E1000000F00F0F380022F45D0B4F80090B4F8C2
:107E200002800434AB6C28F0010A0F2130469A44DA
:107E3000FFF75EFF824534D829F0010353448342A3
:107E400094BF002001204FEA480808F0020809F01A
:107E5000010948EA0908B8F1010F3AD031D3B8F165
:107E6000020F1AD1236823F0004ABBF1000F66D13C
:107E700030B1009A002A6CD0BAF1000F00F0908067
:107E8000002B00DA04340AF1010304EB8304BCE79D
:107E9000304605A900F046FB78B1092009B0BDE8DD
:107EA000F08F0020CFE7D4F804800834BAE712023C
:107EB00003230592ADF81C309BE7082009B0BDE80C
:107EC000F08FBBF1000F02D0002840F0B4800434E2
:107ED0009BE7BBF1000F18D1A8B1D4E90023991C8E
:107EE0004FEAD272D9D005F158010133049100F064
:107EF000B580201DFFF7EAFD04AB014628462FF0B0
:107F00009FF8002867D108347FE70D213046D5F867
:107F10002080FFF7EDFE8045F5D1AB6A9C42F2D19F
:107F20002046FFF707FD0F2102463046FFF702FF0C
:107F300030462A460021FFF7FDFE0720AEE70D215F
:107F40003046D5F82080FFF7D3FE804532D0236835
:107F500096E7BAF1000F23D005F1580304F10408A5
:107F6000CDF808B0DDF800900397A3461C4602E068
:107F70005745B94640D040460494FFF7A7FD04ABEF
:107F80000146002228462FF05BF809F1010708F1AD
:107F900004080028ECD0D1455C46DDE902B7D6D113
:107FA00030460D21FFF7A4FE049B2862C5E9093481
:107FB000062073E7AB6A9C42C9D104224FF0000847
:107FC000A318C5E90AA8C5E90C23236843454DDB7E
:107FD0000123019357E780460D213046FFF788FEC5
:107FE000B8F1020F28623ED12B46049A43F82C2F99
:107FF0006B62AC62062051E75C46D1E705A93046CA
:1080000000F090FA00287FF448AF019B002B3FF46A
:1080100054AF0F213046FFF76BFE0E21024630466B
:10802000FFF788FE30461A4A0F21FFF783FE07202C
:1080300009B0BDE8F08F2046FFF77CFC043407460A
:10804000AC6328462FF054F800283FF426AF3046A2
:108050003A460F21FFF76EFE07201FE730460D213D
:10806000FFF746FE2862049B6B62C2E70AF101003B
:1080700004EB8000FFF75EFC0F2102463046FFF75D
:1080800059FE30462A464146FFF754FE072005E7D1
:10809000417A0308002393E6012391E602238FE649
:1080A0002DE9F0410546C4B0042906D8DFE801F007
:1080B0004D2B05030900032B5FD0022044B0BDE81F
:1080C000F081002BF9D1102AF7D82B68DC0600F1DB
:1080D000F48022AC2046019200F094F9A86B019A3A
:1080E0000023012606FA03F1114203D0016844F887
:1080F000231004300133042BF4D1A863204600F090
:1081000077F90020DAE7012B4FEA124697B252D0F6
:10811000052BD2D106EB0708B8F1200FCDD80F2ED2
:1081200040F29980B846002F40F0DB80AA6BAA632A
:108130000F2E40F2BE80B8F1000F02D002A800F06E
:108140000BF9002044B0BDE8F081002BB5D1AC6B39
:1081500097B2281D012606FA03F1394203F1010303
:1081600002D0216801600434102B00F10400F2D128
:1081700012F40050E5D1AC63A0E7160C97B2F319E6
:10818000102B9AD82B681A075DD422AC204600F039
:108190000DF904EBC601AB6B3FB103EBC7021868E6
:1081A00041F8040B04339342F9D12046AB6300F04D
:1081B000DBF8002082E7F219102A3FF67EAF0F2E7F
:1081C0003FF67BAF2A68D10708D5284622F0030284
:1081D00040F8482B019300F0B3F8019B019322ACC7
:1081E000204600F0ADF8A96B019B002F00F09580B0
:1081F0007F0004EBC6044FF00008043C01EB87024B
:1082000051F8040B44F8040F9142F9D1B8F1000F72
:108210000FD002AC102E314638BF102104EBC10143
:10822000843902EBC80452F8040B41F8040F94425D
:10823000F9D1012B7FF47BAF22AC0432AA63204634
:1082400000F07AF87DE723F008032B6005F5A870AD
:1082500000F0ACF899E7B8F1100F2A6843D9D007BD
:10826000A8F110080BD5284622F0010242F00202C4
:1082700040F8482B019300F06BF82A68019B5107E6
:1082800025D40F2E04D822A8019300F061F8019B99
:10829000019302AC204600F063F8C6F110010029FA
:1082A000AA6B019BB6DD22AC4F0004EBC60411465D
:1082B000A3E722A800F048F83DE723F010032B6065
:1082C00005F5E870019200F09DF8019A01E7284653
:1082D00022F0040240F8D02B019300F041F8019BFA
:1082E000CFE72A68CBE7D0070AD5284622F001025B
:1082F00042F0020240F8482B019300F029F8019B5C
:10830000019322AC204600F023F8B846A96B019BEC
:10831000002F7FF46DAF0A4609E70A468DE700BFDC
:1083200000F1340191E838009C46A6464CF8045D03
:1083300090E8FF0FE54600BD90EC210B704700BFB1
:1083400080EC210B704700BF90EC200B704700BF02
:1083500080EC200B704700BFD0EC200B704700BFB3
:10836000C0EC200B704700BFF0EC0201F0EC0211F2
:10837000F0EC0221F0EC0231F0EC0241F0EC0251A1
:10838000F0EC0261F0EC0271F0EC0281F0EC029191
:10839000F0EC02A1F0EC02B1F0EC02C1F0EC02D181
:1083A000F0EC02E1F0EC02F1704700BFE0EC0201FA
:1083B000E0EC0211E0EC0221E0EC0231E0EC0241E1
:1083C000E0EC0251E0EC0261E0EC0271E0EC0281D1
:1083D000E0EC0291E0EC02A1E0EC02B1E0EC02C1C1
:1083E000E0EC02D1E0EC02E1E0EC02F1704700BF0A
:1083F000B0FC0181B0FC0191B0FC01A1B0FC01B165
:10840000704700BFA0FC0181A0FC0191A0FC01A16C
:10841000A0FC01B1704700BFEC4600B52DE900504B
:108420002DE9FF1F4FF000032DE90C0001A9FFF714
:10843000DDFBDDF840E012B0704700BFEC4600B550
:108440002DE900502DE9FF1F4FF000032DE90C002E
:1084500001A9FFF705FCDDF840E012B0704700BF4E
:10846000EC4600B52DE900502DE9FF1F4FF0000349
:108470002DE90C0001A9FFF715FCDDF840E012B072
:10848000704700BFEC4600B52DE900502DE9FF1FF5
:108490004FF000032DE90C0001ABFFF7D7FBDDF82F
:1084A00040E012B0704700BFEC4600B52DE9005027
:1084B0002DE9FF1F4FF000032DE90C0001AAFFF783
:1084C00047FCDDF840E012B0704700BF027A82B985
:1084D000437AABB14268013B10B443721368032185
:1084E000141D01721A02446002605DF8044B180EFC
:1084F00070470368013A02721A020260180E704750
:10850000B020704700B585B003AA00230092194639
:108510000C22FFF7D7FB039805B05DF804FB00BF02
:10852000F0E700BF2DE9F043054685B00E464FF059
:1085300000083046FFF7CAFFB028044600F0B180BB
:10854000070620D500F0F003802B65D0902B36D0A5
:10855000A02B78D0B02B47D0C02B00F08A8000F041
:10856000F803D02B0BD100F00702013242F40022B5
:10857000052301212846FFF793FD0028D9D00920C3
:1085800005B0BDE8F0830DF10C0900231946870002
:10859000CDF800900D222846FFF794FBFFB2039B15
:1085A000CDF80090043760064CBFDF1BFF18002396
:1085B00019460D2228460397FFF7A6FBB9E700F0FE
:1085C0000D030D2BDBD003AF002300F00F02194683
:1085D00000972846FFF776FB0023009719460D22E7
:1085E0002846FFF791FBA4E7B1285FD0B22800F03E
:1085F000CC80B3287ED000F0FC03B42BBFD000F0B9
:1086000007020132012342F4002219462846FFF7EF
:1086100047FD00288DD0B2E73046FFF757FF240210
:108620000443B4F5004FAAD024010023A2B2194696
:108630002846FFF735FD0028A1D114F4004F18BFDC
:108640004FF0010875E7C24302F007034FF47F6261
:108650001A41010702F47F624FF0000348BF42F461
:10866000804219462846FFF71BFD00283FF461AF02
:1086700085E7C62851D0C7285AD000F0F803C02B90
:1086800069D0C82875D0C9287FF479AF3046FFF784
:108690001DFF020300F00F0002F4702201300243BC
:1086A00066E7B8F1000F14D0002069E73046FFF705
:1086B0000DFF00283FF463AF10F0F0037FF45FAFCD
:1086C000024619462846FFF7EBFC00283FF431AF7D
:1086D00055E703AC43460E22414600942846FFF777
:1086E000F1FA0094284643460F224146FFF70CFB5F
:1086F000404645E73046FFF7E9FE010300F00F0072
:1087000001F47021421C01230A4328461946FFF751
:10871000C7FC00283FF40DAF31E73046FFF7D6FE27
:10872000010300F00F0001F47021421C0323EBE76A
:108730003046FFF7CBFE024600283FF420AF10F092
:10874000F0037FF41CAF04212846FFF7A9FC0028A2
:108750003FF4EFAE13E700F00F020132032342F4BF
:10876000202219462846FFF79BFC00283FF4E1AE83
:1087700005E73046FFF7AAFE00F0F00200F00F0315
:108780001032013343EA0232F2E600230DF10C0904
:108790000D221946CDF800902846FFF793FA30468F
:1087A000FFF794FE02064FF002070CD5039B00F082
:1087B0007F00B840034430460393FFF787FE03066B
:1087C00007F10707F2D4039BCDF8009000F07F0477
:1087D00003F50172BC400023144419460D222846BB
:1087E0000394FFF791FAA4E610B5C36C84B05A68FD
:1087F00003208DF80C00DC798DF80D40120208334F
:10880000084601A901920293FFF78CFE04B010BD47
:1088100008B5FFF785FE806C08BD00BF08B5FFF7FF
:108820007FFEC06CC37900EB8300083008BD00BF39
:1088300008B530F08BFC00BF08B5FFF7F9FF00BFAB
:10884000704700BF000000000000000000000000B2
:1088500001F0FF01102A2BDB10F0070F08D010F8F1
:10886000013B013A8B422DD010F0070F42B3F6D1F5
:10887000F0B441EA012141EA014122F007047FF00E
:1088800000070023F0E80256083C85EA010586EA65
:10889000010685FA47F5A3FA87F586FA47F6A5FAA1
:1088A00087F68EB9EED1F0BC01F0FF0102F00702AD
:1088B00032B110F8013B013A83EA010313B1F8D158
:1088C0000020704701387047002D06BF3546033839
:1088D000073815F0010F07D1013015F4807F02BF72
:1088E000013015F4C03F0130F0BC0138704700BFC3
:1088F000844641EA000313F003036DD1403A41D3AB
:1089000051F8043B40F8043B51F8043B40F8043B69
:1089100051F8043B40F8043B51F8043B40F8043B59
:1089200051F8043B40F8043B51F8043B40F8043B49
:1089300051F8043B40F8043B51F8043B40F8043B39
:1089400051F8043B40F8043B51F8043B40F8043B29
:1089500051F8043B40F8043B51F8043B40F8043B19
:1089600051F8043B40F8043B51F8043B40F8043B09
:1089700051F8043B40F8043B51F8043B40F8043BF9
:10898000403ABDD2303211D351F8043B40F8043B99
:1089900051F8043B40F8043B51F8043B40F8043BD9
:1089A00051F8043B40F8043B103AEDD20C3205D3A9
:1089B00051F8043B40F8043B043AF9D2043208D0A1
:1089C000D2071CBF11F8013B00F8013B01D30B8813
:1089D00003806046704700BF082A13D38B078DD0F1
:1089E00010F003038AD0C3F10403D21ADB071CBFC3
:1089F00011F8013B00F8013B80D331F8023B20F82D
:108A0000023B7BE7043AD9D3013A11F8013B00F865
:108A1000013BF9D20B7803704B7843708B788370ED
:108A200060467047000000000000000000000000E9
:108A30000000000000000000000000000000000036
:108A4000A2EB0300704700BF02780B78012A28BF11
:108A50009A42F5D16DE9044540EA0104CDE9026787
:108A60006FF0000C4FEA447212B380EA010414F074
:108A7000070F6AD100F0070420F0070004F0030597
:108A800021F007014FEAC505F0E8042314F0040FB4
:108A9000F1E804670CFA05F462EA040266EA0406E7
:108AA0000AD063EA0403624667EA0407664603E005
:108AB000F0E80423F1E8046782FA4CF582EA060440
:108AC000A4FA8CF46CBB83FA4CF583EA0705A5FA8B
:108AD0008CF595B950E9022351E9026782FA4CF509
:108AE00082EA0604A4FA8CF483FA4CF583EA0705BB
:108AF000A5FA8CF52543DBD09CB92DBAB5FA85F4DF
:108B000024F0070427FA04F1DDE9026723FA04F3ED
:108B100003F0FF0001F0FF01FDE80445A0EB0100B8
:108B2000704724BAB4FA84F424F0070426FA04F156
:108B3000DDE9026722FA04F202F0FF0001F0FF0112
:108B4000FDE80445A0EB0100704714F0030F3CD191
:108B500010F0030428D150F8082B51F8083B82FA92
:108B60004CF582EA0305A5FA8CF55DB950F8042CA2
:108B700051F8043C82FA4CF582EA0305A5FA8CF51B
:108B8000002DE8D02DBAB5FA85F424F0070423FAB5
:108B900004F122FA04F202F0FF0001F0FF01FDE807
:108BA0000445A0EB010070474FEAC40420F0030025
:108BB00050F8082B21F0030151F8083B0CFA04F49B
:108BC00062EA040263EA0403C9E710F003041AD05E
:108BD000A1EB040120F00300E40750F8042B06D0B9
:108BE0000FD28B785FFAA2F4E41A06D12BB1CB78BE
:108BF0005FFAB2F4E41A00D11BB920465DF8104BBD
:108C0000704701F1040150F8042BCC0721F0030157
:108C100051F8043B48D824D222F07F4482FA4CF524
:108C200094EA1325A5FA8CF50AD165B951F8043BED
:108C300084EA0204B4EB036F0ED150F8042BEBE787
:108C40004FEA132355E035F07F454DD10878FDE814
:108C50000445C0F1000070474FEA126203F0FF03C1
:108C600047E002EA1C4482FA4CF594EA1345A5FA5F
:108C70008CF50AD165B951F8043B84EA0204B4EBDF
:108C8000034F0CD150F8042BEBE74FEA134330E0CD
:108C900015EA1C4528D10B884FEA124229E04FEA19
:108CA000124203EA1C4324E002F0FF0482FA4CF56E
:108CB00094EA1365A5FA8CF50AD165B951F8043B1D
:108CC00084EA0204B4EB032F09D150F8042BEBE73C
:108CD0004FEA13630DE015F0FF0F05D10B684FEA63
:108CE000122223F07F4304E04FF00000FDE804452A
:108CF000704712BA1BBA82FA4CF482EA0304A4FA4F
:108D00008CF5B5FA85F402FA04F203FA04F34FEA9B
:108D10001260FDE80445A0EB1360704700000000FE
:108D20000000000000000000000000000000000043
:108D30000000000000000000000000000000000033
:108D400090F800F06DE9024520F007016FF0000C8B
:108D500010F0070491F820F040F049804FF0000433
:108D60006FF00700D1E9002391F840F000F108000E
:108D700082FA4CF2A4FA8CF283FA4CF3A2FA8CF346
:108D80004BBBD1E9022382FA4CF200F10800A4FAAD
:108D90008CF283FA4CF3A2FA8CF3E3B9D1E9042301
:108DA00082FA4CF200F10800A4FA8CF283FA4CF338
:108DB000A2FA8CF37BB9D1E9062301F1200182FAF2
:108DC0004CF200F10800A4FA8CF283FA4CF3A2FAF8
:108DD0008CF3002BC6D0002A04BF04301A4612BA06
:108DE000B2FA82F2FDE8024500EBD2007047D1E909
:108DF000002304F00305C4F100004FEAC50514F098
:108E0000040F91F840F00CFA05F562EA05021CBF68
:108E100063EA050362464FF00004A9E74FF0FF3C08
:108E200006E000BF4FF0010C02E000BF4FF0010C64
:108E30004DF804CD4FEA410C7FEA6C5C4FEA430CDD
:108E400018BF7FEA6C5C1BD001B050EA410C0CBF2C
:108E500052EA430C91EA030F02BF90EA020F00208E
:108E6000704710F1000F91EA030F58BF994208BFF5
:108E700090422CBFD8176FEAE37040F001007047B2
:108E80004FEA410C7FEA6C5C02D150EA013C07D109
:108E90004FEA430C7FEA6C5CD6D152EA033CD3D054
:108EA0005DF8040B704700BF8446104662468C464E
:108EB0001946634600E000BF01B5FFF7B7FF002881
:108EC00048BF10F1000F01BD4DF808EDFFF7F4FFAA
:108ED0000CBF012000205DF808FB00BF4DF808ED35
:108EE000FFF7EAFF34BF012000205DF808FB00BF58
:108EF0004DF808EDFFF7E0FF94BF012000205DF87A
:108F000008FB00BF4DF808EDFFF7CEFF94BF01202E
:108F100000205DF808FB00BF4DF808EDFFF7C4FF27
:108F200034BF012000205DF808FB00BF4FEA410C70
:108F30007FEA6C5C02D150EA013C0AD14FEA430C53
:108F40007FEA6C5C02D152EA033C02D14FF0000090
:108F500070474FF0010070474FEA410212F50012CE
:108F600015D211D56FF47873B3EB625212D94FEA70
:108F7000C12343F0004343EA505311F0004F23FA5A
:108F800002F018BF404270474FF00000704750EAAF
:108F9000013005D111F0004008BF6FF0004070476C
:108FA0004FF00000704700BF7047043870477047AB
:108FB000C0680368DB6A1847A0F10400FFF7F8BF38
:108FC00010B5044610212EF003F9204610BDA0F183
:108FD0000400F5E70022C1608260044A10B502F186
:108FE000080424320460426010BD00BFD8F80308B2
:108FF0007047704770477047034B10B504460360D5
:1090000000F003F9204610BD10F9030810B504461E
:10901000FFF7F2FF4FF4867120462EF0D9F8204674
:1090200010BD000010B5044600F078F9044B20464E
:1090300023600023C4F80431C4F8083110BD00BF18
:1090400010F9030800F0E2B80B12094AC9B210B5D2
:109050000446C0F80811C0F804311021E4301FF0B4
:109060009BFA04F19800BDE810401DF054B800BF11
:10907000F63004080022C0E90022704710B5002332
:109080000446011D06481A46006808F081FA30B906
:10909000206861680368BDE810409B68184710BDF0
:1090A000986A0120704700F598730868496803C3FF
:1090B0007047704700F0A8BA10B504464FF4AE717F
:1090C0002EF086F8204610BD10B50446D0F85801A1
:1090D000FFF7D4FF2046BDE810401CF025B810B5BE
:1090E0000446D0F8400158B10368DB68984738B1AE
:1090F000D4F8400103689B6898470023C4F84031C6
:1091000010BD000010B5044600F046FA014B2046A1
:10911000236010BD48F9030890F8252012B10368B8
:109120005B69184770470020704781807047C18095
:1091300070470181704741817047704770477047A1
:1091400070477047C388D21A8388C91A036812B25D
:1091500009B210B45DF8044B5B6D18474FF6FF730E
:1091600083814FF0FF3303621368C361106070475F
:1091700090F825201AB190F8242002B118607047A9
:1091800070477047704730B585B003680446018169
:109190006D460146D3F884303C342846984795E81C
:1091A000070084E8070005B030BD30B585B003681E
:1091B000044641816D460146D3F884303C3428464C
:1091C000984795E8070084E8070005B030BD002205
:1091D000028042808280C280704780F836107047DB
:1091E00070B50368044615461B6B984723682946EB
:1091F00020465B6EBDE8704018470020704708B5F8
:10920000FFF78AFF08BD806C704770477047704752
:1092100010B5044608212DF0DBFF204610BD10B527
:1092200004464C212DF0D4FF204610BD10B5044655
:109230004FF482712DF0CCFF204610BD70B503684D
:1092400004468DB25E6B114B1B682BB9104B6C2121
:10925000104A11482FF082FF1049828D09889142EF
:1092600003D80F4B6D210B4AF3E713F812200D4B77
:109270001B6853F8220003681B6B9847291A334672
:10928000204609B2BDE87040184700BFC460012005
:1092900034FA03082CFB030876FA0308C86001209F
:1092A000B7FA0308CC60012000224FF0FF31826042
:1092B000C0E90021704700000A4A02600022828053
:1092C000C280028142818281C28102824282C26165
:1092D0000284428480F82420C0E90522012280F81B
:1092E000252070471040040870B5036804461546F1
:1092F0001B6B98472368294620465B6BBDE870408E
:10930000184770B50368044615469B6B9847236859
:1093100029462046DB6BBDE8704018472DE9F04F29
:10932000044689B000251DF0CBFC2746644B26225D
:109330002946E56304F16C0847F8403B384630F0B5
:109340005DFE3846FFF7B8FFFF265E4B4FF6FF7A0B
:10935000262229462364404684F866600DF12009E0
:10936000A566ADF818A030F049FE4046DFF880B1A0
:10937000FFF7A2FF544B84F8946004F19806E3666B
:10938000404639F8083DA4F89230494619F04BFAA6
:1093900026222946304630F031FE3046FFF78CFF5A
:1093A0004FF47F033846A4F8C4A0C4F8CC302A4652
:1093B000464B2946A4F8D8A0C4F89830A4F8DAA0FF
:1093C00004F1040AC4F8C0B0C4F8C85084F8D050FE
:1093D00084F8D150A4F8D450A4F8D650C4F8DC5086
:1093E000C4F8E050FFF780FF4FF4887238464FF41E
:1093F000F071FFF786FF4FF07F4339465046A36672
:1094000002AF019316F024FA2A4629464046FFF798
:109410006BFF49464046ADF8185019F004FA414632
:10942000504616F015FA222262213046FFF75CFF03
:1094300016224FF48E713046FFF763FF019B3846CA
:10944000A4F8CC50C4F8C8303146D4F89830D3F8DA
:109450008430984704F1D40397E8070083E80700B5
:109460001B4B04F1E4071B682BB91A4B60211A4A05
:109470001A482FF073FE1A4B1B881BB9194B612138
:10948000154AF5E7184B2946186800F0AFFB174A54
:109490000346102138461FF07FF801234946304625
:1094A000C4F8E070ADF81C30CDF818B019F0F4F83D
:1094B0005046314616F0CCF9204609B0BDE8F08F91
:1094C00000FB0308D83E0408403F0408ACF9030839
:1094D000C460012034FA030867FB030876FA030826
:1094E000C8600120B7FA0308D0600120983304084F
:1094F0009CF9030870477047704741607047704798
:109500000123037270477047704710B4C468034664
:1095100041686210E4079B6801EB020048BF8A586B
:109520005DF8044B48BFD358184743682BB1836894
:109530002BB9C06800F00100704718467047012041
:10954000704710B504460C212DF042FE204610BD98
:1095500010B504464FF4AE712DF03AFE204610BD12
:1095600010B5044610212DF033FE204610BD10B575
:109570001BF058FD0368BDE81040DB6B1847000086
:10958000044B1B6893F858200AB1D86C00B998684E
:10959000704700BF6C600120F8B5044617460E46C0
:1095A0001BF006FE144B0025C4F854711C602946BC
:1095B000124BC4F83C512360114BC4F84051C4F81D
:1095C0004431104BC4F848511868C4F84C51C4F8E1
:1095D0005051C4F8586103689B689847284600F0CA
:1095E000CBFAFFF7CDFF25F060FAFFF7C9FF25F0B2
:1095F000D7FA2046F8BD00BFC0600120C0FB0308B9
:10960000A8FB03086C600120064BC0F84801C0F8B5
:109610004C310023C0F8503100F5A273C0F840313E
:10962000704700BF699700082DE9F047074690682A
:109630009946884603681546DDF820A01B6A9847BE
:10964000B0F5867F05D2424BA321424A42482FF013
:1096500085FD686803681B6A98470F2803D83F4B4D
:10966000A4213C4AF2E7E86803681B6A98470B2884
:1096700003D83B4BA521374AE8E71BF0D3FC043065
:109680001BF0F5FCD9F8000010B10368DB689847BF
:10969000D9F8000010B103681B689847386810B10A
:1096A00003685B699847D8F8000010B103685B68ED
:1096B0009847386810B103681B689847D8F80000CD
:1096C00010B103689B689847E868002103685B6AEB
:1096D0009847044620B1002343600372214B036086
:1096E000A868002103685B6A9847064608B1FFF73F
:1096F00099FC6868002103685B6A9847054610B1C9
:109700003146FFF767FCC9F80040C8F800503E60DA
:10971000E5B12B1DCAF800303046C5F808A0336803
:10972000F563DB6898472B6828461B6898472146F5
:1097300030461DF071FC236820461B69984723685A
:1097400020465B6998472846BDE8F0872B46E1E74D
:1097500030FC030845FE0308BEFC0308FFFC0308B9
:10976000A2FD030814FC030807B5D0F8583100F532
:109770009E710093044BD0F854210448FFF754FF26
:1097800003B05DF804FB00BFB4600120B0600120AD
:1097900013B5002249B102AB019203F8052D02680E
:1097A000946801AAA04702B010BD0846FBE7C08933
:1097B0007047008A7047C088704780887047807AF9
:1097C00000F07F007047807AC00970470020704722
:1097D00000207047406A7047806A704770478B88E6
:1097E000C069DB0A0A6850F823001044704710B5BE
:1097F000C2B1137BB3B1547BD27A240204F4E06487
:109800001443026A98B202EB840213888B4202D19D
:1098100092F9020010BD05D80138043280B2002848
:10982000F3D1F7E70020F5E710B504462C212DF021
:10983000CFFC204610BD000030B58BB00446BDF80B
:1098400060500895BDF85C5007959DF850500695FE
:109850009DF84C5005959DF8485004959DF844504E
:1098600003959DF8405002959DF83C500195BDF838
:10987000385000951DF02AF8064B20462360159BB2
:10988000E361169B2362199B63621A9BA3620BB070
:1098900030BD00BF54FF030830B5174D8FB02C7892
:1098A000BFF35B8F14F0010422D128462DF0A6FAF5
:1098B000F0B13F23012211490993114B0A940893F7
:1098C000104B05941048CDE906430423CDE903323B
:1098D0000A23CDE90B440093CDE90144FFF7ACFF27
:1098E00028462DF0A7FA094A094907482DF06AFCD5
:1098F00005480FB030BD00BF940A0020E438049042
:10990000205604081C560408980A00200000002075
:10991000DD97000810B5002404600C6014601C6022
:1099200010BD000030B5174D8FB02C78BFF35B8FA2
:1099300014F0010422D128462DF060FAF0B13F2343
:10994000012211490993114B0A940893104B059475
:109950001048CDE906430423CDE903322823CDE99D
:109960000B440093CDE90144FFF766FF28462DF034
:1099700061FA094A094907482DF024FC05480FB04F
:1099800030BD00BFC40A00200C39049018560408EA
:1099900038580408C80A002000000020DD9700089D
:1099A00030B5184D8FB02C78BFF35B8F14F00104E5
:1099B00024D128462DF022FA00B33F23BF221249BA
:1099C0000993124B0A940893114B019407930123B6
:1099D00010480493CDE905330423CDE90243142351
:1099E000CDE90B4400931923FFF726FF28462DF0FD
:1099F00021FA094A094907482DF0E4FB05480FB050
:109A000030BD00BFF40A00201C390490245604081D
:109A10003C580408F80A002000000020DD970008E8
:109A2000704710B5044604212DF0D2FB204610BD2E
:109A3000012908B508D003D3022909D0002002E08B
:109A400000F012F8006808BD00F00EF84068FAE770
:109A500000F00AF88068F6E700487047C8FF03087E
:109A6000012070470220704700487047240B0020F7
:109A700010B5054CFFF794FF2060FFF753FF6060BF
:109A8000FFF70AFFA06010BD240B002000207047E4
:109A9000002070470EB403B503AB002153F8042B2C
:109AA00001931CF00DFA02B05DF804EB03B07047AF
:109AB0000CB407B504AB53F8042B01931CF000FA67
:109AC00003B05DF804EB02B07047000010B5436CC2
:109AD000044673B3038F2BB9184BC521184A194894
:109AE0002FF03CFBC38E00EB43035B8C0BB31DF0EC
:109AF000ABFF238F012B03D8134BCB21134AEEE787
:109B0000E28E40F63F10531C9BB2092B194688BFCA
:109B1000A3F10A0104EB4101498C814209D10A2BCE
:109B200004EB420228BF0023508C04EB430358840B
:109B300051842046BDE810401DF088BEDCFF0308BC
:109B400009010408E5FF0308290004083700040898
:109B50001DF045BE10B586B002AC84E806001A467A
:109B60000AAB214605930193099B0093089B1AF0C9
:109B7000F7FD06B010BD000038B5D8B9114B12483A
:109B80001B681249BBB11A689C681A441C440260E5
:109B90005A681A440A606CB10D4B00221A80FFF714
:109BA00063FF0546FFF75EFF0A4B1C600A4B1D6012
:109BB0000A4B188038BD0A4B03600A4B0B600A4BF6
:109BC0001C68E8E7300B0020340B0020380B002025
:109BD0003C0B0020C4600120CC600120C860012043
:109BE000A0430490904304909C430490044B1B6852
:109BF00053F82100034B1B6803EB4000704700BF84
:109C0000380B0020340B0020012380F8781080F8F6
:109C1000793070470020704741640031024B18BF13
:109C200001211970704700BF696001200020704752
:109C3000836B0BB10846184770474FF6FF707047AB
:109C4000406803689B69184700207047B1F90430E9
:109C5000838001207047704780F82610704790F885
:109C60002600704710B50022B1F90840B1F90A107A
:109C7000028042808480C18010BD00220280428028
:109C80008280C2807047017770470162704780F818
:109C90002410704780F825107047012070479830D5
:109CA00070478C307047843070470000034B90221F
:109CB00083F85A2383F85823704700BF00E100E07F
:109CC000094A0A49D3680A48C3F30A03013B9BB215
:109CD0000B801169C1F30A01013901801364536BD0
:109CE00043F0010353637047006801409E0B00205E
:109CF0009C0B0020014B986A704700BF84680140AC
:109D0000024B0122996243F8602C7047846801403D
:109D1000144AF0B55369DB0323D50023C2F884301D
:109D2000BFF34F8FD2F8803043F6E076C3F3C90417
:109D3000C3F34E33A5075B0103EA060C2846214610
:109D40004CEA0007013900F14040C2F874724F1C20
:109D5000F6D1203B13F1200FEED1BFF34F8FBFF3AD
:109D60006F8FF0BD00ED00E070477047704770479F
:109D70003823002201FB0333C25490F838300BB96A
:109D8000036C83647047704780F84C10704710B5BF
:109D9000044658212DF01CFA204610BD10B504468B
:109DA0002C212DF015FA204610BD10B50446BC211B
:109DB0002DF00EFA204610BD10B531B90A4B40F215
:109DC000D2210A4A0A482FF0C9F9C0E90F1200321D
:109DD000084918BF01220A7019460268BDE8104000
:109DE000D2F88C20104700BFB504040850130408B3
:109DF000ED0404086860012008B5094B1B888B42FC
:109E000003D8084B1B88934205D9074B9E21074A6C
:109E100007482FF0A3F9074B1980074B1A8008BD9C
:109E20005E60012060600120520404080D130408E4
:109E3000ED040408646001206660012008B531B1BA
:109E4000044B40F29711044A04482FF087F990F828
:109E5000390008BDD8020408B9080408EC02040857
:109E600010B531B1064B40F29111064A06482FF069
:109E700075F9406811460368BDE810401B6B184730
:109E8000D8020408AA0D0408EC02040808B529B198
:109E9000034B7A21034A04482FF060F9006908BD9A
:109EA000D802040813110408EC02040808B529B10B
:109EB000054B8321054A06482FF050F94161816026
:109EC000C0E9063208BD00BFD80204084F0A0408E2
:109ED000EC02040838B5044615F0A3FF23685D6E54
:109EE0001BF0A0F801462046A8472368084A2046F0
:109EF000D3F888500023A2F57F31A847054B064AC6
:109F00005A60064A1A649A644FF4FF225A6438BDB4
:109F100000FC03C0440B0020DC13002000F40BC045
:109F200015F066BF15F070BF15F02CBF16F09BB88A
:109F300010B5044616F0C2FC23682046D3F8AC30B6
:109F4000BDE81040184790F87A301BB140680368AC
:109F50001B6818471846704710B590F8784090F87D
:109F600034100C4B8C421A7809D03AB90A490B4A82
:109F700008881488108001220C801A7010BD002AF5
:109F8000FCD0064A0449148808880C8010800022FE
:109F9000F3E700BF62600120606001205E60012085
:109FA00010B5044629B1274BA421274A27482FF092
:109FB000D5F8052A34D8DFE802F003292F34393EDA
:109FC000406803681B69984750B34FF0FF31606DDC
:109FD00007F032F90023012294F83E1084F83B3058
:109FE00084F83920A360636101B1226284F83E30B5
:109FF0006362E36A2BB90123206D84F83A3007F0DD
:10A0000007FA606DBDE8104007F046B9002380F8FC
:10A01000393084F83E3003E00362002383604361FB
:10A0200010BD0362002383604361F2E7002380F8E0
:10A0300039300123EDE7003318BF012380F83D30AC
:10A04000EEE700BFD80204082C050408EC0204085F
:10A0500070B50446164629B1304BE721304A3148E5
:10A060002FF07CF890F8393033B12F4B1B6893F800
:10A070006B20436913444361E36A002B4CD0E269CF
:10A08000D4E905315943A3685343994220D2236A46
:10A09000002B41D04FF0FF31606D07F0CDF8236AFF
:10A0A0000BB10023E362E36AF3B90125606D07F0A9
:10A0B000F3F894F839300BB9236A3BB1E36A2BB952
:10A0C0000123206D84F83A3007F0A2F9284670BDCC
:10A0D00094F84C000028DDD0CB1AB3FBF2F30BB997
:10A0E0006362D7E7013BFBE70022A36294F83C5090
:10A0F0003046E262E2682261A2680132A260336304
:10A1000033685B699847002DCFD194F83D30002B20
:10A11000CCD184F83950C9E70125CAE7D802040830
:10A120000C070408EC0204086C600120034B4FF09C
:10A1300080629A604FF080729A60704700E100E0A0
:10A14000084B4FF08062C3F88820BFF34F8FBFF3F6
:10A150006F8F4FF08072C3F88820BFF34F8FBFF32B
:10A160006F8F704700E100E038B5034690F8380083
:10A1700030B11E4B40F2F5111D4A1E482EF0EEFF85
:10A1800001229860D86083F83D2083F838204FF48E
:10A19000F07258619861D861186258629862D8620A
:10A1A0001863586383F8390083F83A0083F83B005A
:10A1B00083F83C0083F83E00CA864FF4887281F829
:10A1C00034000A8708639A6C186102F5FF24D3E90A
:10A1D000101529448C4203D9074B5821074ACCE774
:10A1E0001A6302F57F329C645A6338BD2803040861
:10A1F000170C0408EC02040858030408640F040850
:10A20000002370B583800646104B114D03602A6809
:10A2100092F8581009B1D06C00B990680368DB6AF5
:10A2200098472B68B0FA80F4D86C640928B10368A9
:10A23000DB6A9847002808BF01242CB9054B2C2164
:10A24000054A06482EF08AFF304670BDBC0104085E
:10A250006C60012098030408D4120408F603040873
:10A2600070B5294E3578BFF35B8F15F0010548D1E5
:10A2700030462CF0C3FD002843D0244C244B04F17D
:10A2800034002561E58425856585A585C4E900350B
:10A29000C4E902551CF049FA04F1580018F0E2F83C
:10A2A0001C4B2046A3651C4B40F8843BFFF7A8FFDE
:10A2B0001A4B3046C4F89050C4F884302433C4F8A4
:10A2C0009C50C4F88C306423C4F8A450A4F8A03087
:10A2D000002384F8A850C4F8AC30C4F8B030C4F8F7
:10A2E000B430C4F8B8300E4B84F8A95084F8AA50A2
:10A2F000C4F898302CF09EFD0A4A20460A492CF0FA
:10A3000061FF024870BD00BF400B0020A00B002081
:10A31000143E0408DC01040854020408C83D040883
:10A32000A83D0408000000206B9D000810B5144CE7
:10A33000236823B3134B144A1B6C11888B4213D12F
:10A34000124B198802F0BCFF226892F86A30013380
:10A3500082F86A3000F03AFB206816F0AFFA00206D
:10A36000BDE8104001F036B902F0AAFF206803688A
:10A370001B6A98470020BDE8104001F05BB910BD92
:10A380006C600120006801409E0B00209C0B0020A7
:10A390002DE9F74304464FF4707894F83A304FF0C3
:10A3A000FF311BB9206D06F0F7FFF6E7606D06F090
:10A3B00043FF266BA36A276AB342656808BF666BD2
:10A3C00037B32B68394628465B6A984700232362D7
:10A3D00084F83B30606D06F05FFF2B684FF4F0723D
:10A3E000CDF8008031465F6928464FF48873B8473E
:10A3F0004FF0FF310746606D06F01EFF94F83B30CA
:10A40000C3B1002384F83B30606D06F045FFC4E71C
:10A41000636A002BDED02B682846D3E9099398475E
:10A42000616A01442846C847A368626A67621344A8
:10A43000A360CFE7E6625FB12B6828469B6A984726
:10A440000138E060002384F83C7084F83A30DBE7A0
:10A450000123E360F6E7000008B50148FFF798FF25
:10A46000440B002010B5044648212CF0B1FE2046D4
:10A4700010BD70B50368044604220D465E6A0023D1
:10A48000B0474FF0FF31606D06F0D6FE382303FB76
:10A490000542D16A09B10021D16203FB05450123C0
:10A4A00085F83B30002385F83930606DBDE8704099
:10A4B00006F0F2BE38B500EB810304460D461146A6
:10A4C00058680368DB68984729462046FFF7D1FFA4
:10A4D00038BD70B50D461146044600EB8502506844
:10A4E000026896681A46B04729462046FFF7C1FF22
:10A4F00070BD000070B5214C0025214E2149204639
:10A5000000F0EAFC3246204920462CF05BFE1F4C4E
:10A5100001201F4B2A46294684F8385084F83950C8
:10A5200084F83A5084F83B5084F83C5084F83D005D
:10A5300084F83E5065602360A56484F84C00C4E94B
:10A540000255C4E90455C4E90655C4E90855C4E9EF
:10A550000A55C4E90C55C4E91055C4E9145506F070
:10A56000C5FE2065284606F025FE32466065204679
:10A570000849BDE870402CF025BE00BFDC13002068
:10A58000000000205C0C00206F9D0008440B0020A0
:10A59000A0020408699D000803685B6C184701204D
:10A5A000704703689B6A18470D4B82B01A6B42F4E0
:10A5B00000021A631A6B02F400020192019A1A69EE
:10A5C00042F400021A611A6922F400021A61054B72
:10A5D000054A1A614FF08062044B9A6002B07047DE
:10A5E00000380240986B0120F9A5000800E100E066
:10A5F00040F2EF3070470000024B1B685868036858
:10A600005B6918476C60012008B50B280BD8DFE8A0
:10A6100000F01206100A0A0A0A08080808080120B1
:10A6200008BD0520FCE7054B6521054A05482EF0CD
:10A6300095FD0020F4E70220F2E700BFB8130408FC
:10A640008A140408D313040808B50A2809D8DFE8D7
:10A6500000F010060E08080808060606060001208D
:10A6600008BD054B8621054A05482EF077FD0020E0
:10A67000F6E70220F4E700BFB8130408D414040876
:10A68000D3130408F8B50C46487FFFF7BDFF054615
:10A69000A77F3846FFF7B8FF06463846FFF7D4FFD6
:10A6A000A38A628BD21A494B1A64A18A628B521A0E
:10A6B0009A61A18A228B521A1A615863A18AE28A8E
:10A6C00042EA01425A642269DA636268DA60226807
:10A6D000402A70D010D8042A3BD0202A6BD0237F88
:10A6E00045EA0365394B45F40035DD61617FA27FA2
:10A6F000914267D0364A4BE0B2F5807F1BD0B2F56D
:10A70000007F23D0802AEAD1A068021DDA62227F6E
:10A7100045EA026545F40035DD615E6222695A61F1
:10A720000278EAB1012A35D02A4B4FF488712A4ABF
:10A730002A482EF013FD217F294A42EA0162DA619C
:10A74000E2681A625E6222695A6120E0217F254A2E
:10A75000F3E7227F45EA026545F40035DD61F1E764
:10A76000D9694288501E21F47F42012122F0100253
:10A7700042EA0022DA61154BDA6942F02002DA611E
:10A78000DA699206FCD410229A600029B2D0164AE7
:10A790001A60F8BDDA69408822F47F42217F0138CF
:10A7A00022F01002FF3942F0100218BF012142EAE4
:10A7B0000022DA61DFE7237F45EA0365034B45F4B6
:10A7C0000035CBE740F20122E2E700BF00B00240D3
:10A7D000010201009E1304084C140408D31304085A
:10A7E0000A000200090002000102020010B5887F81
:10A7F0000C46FFF729FF1C4B5863A18AE28A42EA04
:10A8000001425A642269DA63628BA18A521A1A647D
:10A810002268082A16D1A18A628B521A9A61A18AEB
:10A82000628B521A1A615862104A217F42EA016211
:10A83000DA61E2681A6222695A612269DA600C4AB6
:10A840001A6010BD0022D8611A61E1680A0A48093D
:10A85000C1F3C40102F4784200F4FC6002430A43ED
:10A860009A63044AECE700BF00B00240090001000F
:10A870000102020001020300054B4FF080620360F9
:10A88000044BC3F88820BFF34F8FBFF36F8F70471F
:10A890000414040800E100E010B50446FFF7ECFFE3
:10A8A0004FF45A6120462CF093FC204610BD000066
:10A8B00070B505460A4B0C3000262C4660226860B5
:10A8C0002E726E7244F8203B214616F067F905F5AA
:10A8D0005A63E6602434A342FBD1284670BD00BF12
:10A8E00004140408034B1A68D207FCD423229A608C
:10A8F000704700BF00B0024030B5104C2568ED072E
:10A90000FCD423250904FF2BA56041F001014FF081
:10A91000020565636164E0630AD00949656241EA42
:10A920000363E361074B22626061E060236030BD36
:10A93000E561039BA363044BF8E700BF00B002404E
:10A9400009000100010002000100030001210022B2
:10A9500008B5084606F0CAFC0A4B186028B90A4B2D
:10A9600028210A4A0A482EF0F9FB0022042101207E
:10A9700006F086FD074B186018B9074B2C21034AD7
:10A98000F0E708BD281400201F150408D31504089B
:10A99000681504082414002091150408024B4FF098
:10A9A000FF31186806F0F8BC28140020014B186825
:10A9B00006F02EBD28140020024B0021186806F076
:10A9C000EBBC00BF28140020FFF7F0BF00230348B2
:10A9D00003491A46006806F099BD00BF2414002000
:10A9E0000400002013B50023074C01A91A46206873
:10A9F00006F0CEFD4FF0FF33002201A9206806F0DB
:10AA0000C7FD02B010BD00BF24140020704770477E
:10AA100070477047012070470C2070470C2303FBE0
:10AA20000100083070470C2303FB01000830704719
:10AA3000012070474FF4867070474FF4867303FB14
:10AA40000100083070474FF4867303FB01000830A3
:10AA50007047012070471020704700EB011008304C
:10AA6000704700EB0110083070470846FEF7CCBD78
:10AA7000034B10B50446036014F0D4FE204610BD0D
:10AA80007416040810B50446FFF7F2FF142120469F
:10AA90002CF09EFB204610BD034B10B5044603600E
:10AAA00014F0C0FE204610BD4016040810B5044640
:10AAB000FFF7F2FF4FF48A7120462CF089FB204605
:10AAC00010BD0000034B10B50446036014F0AAFE4D
:10AAD000204610BD0C16040810B50446FFF7F2FF1F
:10AAE000182120462CF074FB204610BD084B10B5F1
:10AAF0000446036000F5A070FFF7BAFF04F12C00D4
:10AB0000FFF7CAFF04F11400FFF7DCFF204610BD79
:10AB1000A816040810B50446FFF7E8FF4FF42E719D
:10AB200020462CF055FB204610BD00002DE9F341D6
:10AB3000FEF792FF00240546FEF792FF23460146EA
:10AB40002246284600941DF0CDFD284B284A204679
:10AB5000284D1A60FFF710F8274B284A28489A60BA
:10AB60001DF028FD2B78BFF35B8FDB0738D4284618
:10AB70002CF044F9002833D0224C234B04F5AE7658
:10AB800004F1140004F12C0804F5A0776060C4F807
:10AB90000880E7602661236014F046FE1B4B4046A8
:10ABA000636114F041FE1A4B3846E36214F03CFE38
:10ABB000184B04F5AA70C4F84031FEF75BFA224640
:10ABC00004F5AA713046FEF79DFA3046FEF71CFDEB
:10ABD00028462CF02FF9104A104920462CF0F2FAA2
:10ABE0000F4802B0BDE8F04100F076BCD060012013
:10ABF000242500202C14002028250020E816002001
:10AC00000800002030140020A81604080C160408C0
:10AC1000401604087416040800000020EDAA00087D
:10AC2000A824002070470000014815F00EB900BFAD
:10AC3000A824002010B5044604212CF0C9FA2046AF
:10AC400010BD10B5044688212CF0C2FA204610BD74
:10AC500010B504461C212CF0BBFA204610BD10B5DF
:10AC600004467C212CF0B4FA204610BD2DE9F041B9
:10AC70003E4C3F4D3F4B22463F4F28463F492B60BD
:10AC80002CF0A0FA3E4E3846FFF712FE22463D4910
:10AC900038462CF097FADFF82881304622F0D4F8B5
:10ACA0002246394930462CF08DFA40461BF0E0FA36
:10ACB0002246364940462CF085FA2246344935482A
:10ACC0002CF080FA3448002301223449C560038502
:10ACD00080F82A30C362038680F8483080F8492023
:10ACE00080F84A3080F84B30436580F8583043662E
:10ACF000816680F86C3080F86D3080F86E302849BD
:10AD0000C0E90176C0E90433C0E90633C0E908337D
:10AD1000C0E90E33C0E91033C0E91333C0E917337B
:10AD200080F86F3080F87A2080F87B201D4A80F808
:10AD3000703010604FF4F07243670A801A4980F84F
:10AD400078300A804FF48872184980F879300A8088
:10AD5000174980F834300A80164A17491370224682
:10AD6000164B0360BDE8F0412CF02CBA0000002027
:10AD700004170020E41A0408081700200DAA000890
:10AD80002825002079A800080FAA000811AA0008A9
:10AD9000219A000808000020A824002001000001DA
:10ADA0005E6001206C600120646001206060012011
:10ADB000666001206260012013AA00080C1A0408D2
:10ADC000E81600204069704790F844007047036B14
:10ADD00023B9C06A003018BF0120704701207047B6
:10ADE00080687047043010B50C460FC884E80F0027
:10ADF00010BD000008B5034A40F21221024B03487F
:10AE00002EF0ACF938190408E3FF030853170408BF
:10AE10002DE9F0431D46436BADF51F7D80460C4682
:10AE20001646002B51D0002203A8DFF8A890CDE9E8
:10AE300001320DF059FB4FF4F4722490502124A8F4
:10AE400007F041F93246214624A808F0FBF8012119
:10AE500024A807F055FA022324A88DF8D83007F06B
:10AE6000FCFABDF898422B9BBDF89C729C42A89EB0
:10AE700028BF1C46419B9F4228BF1F4663001C44BD
:10AE8000F61A479B9F421AD9012201A924A807F06C
:10AE900031FBD8F83430181998420ED959789A787D
:10AEA000C90009EA022201F4FC610A4313F8031BFA
:10AEB00042EAD10225F8022BEEE73544E1E724A867
:10AEC00007F041FA24A807F051F90DF51F7DBDE800
:10AED000F08300BF00F8FFFF0A4A02600022C0E9C9
:10AEE0000522C0E90722C0E90922C0E90B22C0E916
:10AEF0000D12C0E90F2280F84420C0E90322C0E906
:10AF0000012270471818040830B41546026B42B18C
:10AF1000046C806B0C1B204429461A4630BC2FF071
:10AF200087BBC06A0844F7E710B5036B73B1036CC5
:10AF3000826BC91A5318525C98785C780004DB78ED
:10AF400040EA0420104340EA036010BDC36A585829
:10AF5000FBE7036B43B1036CC91A836B5A18585C47
:10AF6000527840EA02207047C36A585A704700007E
:10AF700070B50446006B0D461646D8B1E36B93429C
:10AF800008D209230D4A65210D4884F844300D4B41
:10AF90002EF0E4F80368DB689847206B3246A16B1B
:10AFA00003681B69984710B90D2384F84430A06BDF
:10AFB000256470BDE06A0844FBE700BFC0190408BF
:10AFC00053170408FC1704082DE9F84343690446A5
:10AFD0002BB9214BAA21214A21482EF0BFF8082283
:10AFE0008169FFF7C5FFA16943F2300646F2643775
:10AFF00004312046FFF798FFA169A36A084400F1D5
:10B0000008029A4221D2636909300822013320F0F4
:10B01000010120466361A161FFF7AAFFA5692046EF
:10B020002946FFF796FFA91C81462046FFF791FFAE
:10B03000291D80462046FFF777FFB145DCD1B84592
:10B04000DAD10028D8D0012004E001230020636178
:10B05000236AA361BDE8F8830A170408AA18040844
:10B06000531704082DE9F04F0746ADF51F7D8A46BA
:10B070001446816908229846FFF77AFFBE69384670
:10B08000311DFFF751FF06F108010246054638461B
:10B09000FFF76EFF7B6B064633B93C4B40F2AB11BA
:10B0A0003B4A3C482EF05AF8002203A8CDE9013271
:10B0B0000DF01AFA4FF4F4722490502124A807F0EE
:10B0C00002F82A46314624A807F0BCFF012124A833
:10B0D00007F016F9022324A88DF8D83007F0BDF93F
:10B0E000BAF90260479BB34205D2012201A924A804
:10B0F00007F000FAF6E7BAF900904FEA4808BAF804
:10B1000004502B9B06FB08464D44BAF80240DFF87A
:10B1100088B02DB29D4228BF1D46BAF8063009EB13
:10B12000490A1C44419B24B29C4228BF1C46479BB1
:10B13000A3421FD2012201A924A807F0DBF97B6BEF
:10B140004A465344AA4203F1030311D213F8020CF6
:10B1500013F8011CC0000BEA012100F4FC6001435C
:10B1600013F8030C41EAD00126F812100132E9E786
:10B170004644DCE724A807F0E6F824A806F0F6FF2A
:10B1800001200DF51F7DBDE8F08F00BFB416040847
:10B19000501804085317040800F8FFFF70B503683F
:10B1A000002914BF0D4601250446DB6A9847A842D2
:10B1B00004D223682046DB6A9847054605F1805390
:10B1C000E66910222046013B06EB031606F1080152
:10B1D000FFF7CEFE06F110012046FFF7A5FE236A19
:10B1E000043B0344C4E9055370BD0000002148221C
:10B1F0002DE9F0410446816180F84410FFF7B8FE64
:10B20000A6690423624A31462046FFF77DFE40B11D
:10B210000323604AF22184F844305F4B5F482DF0ED
:10B220009DFF06F1080104235D4A2046A161FFF756
:10B230006BFE30B10423574AFA2184F84430594B4D
:10B24000ECE706F10C010423574A2046A161FFF701
:10B250005BFE074638B105234E4A40F2011184F8DF
:10B260004430524BDAE706F110012046FFF75CFE4E
:10B27000054620B94E4B40F20711464ACEE706F18B
:10B28000140804234B4A20464146FFF73DFE0028A0
:10B2900046D0062384F844300423474A06F11801B7
:10B2A0002046FFF731FE00283CD0072384F84430C5
:10B2B0004544424F0C2220462946FFF759FE05F12E
:10B2C000080604233A4620463146FFF71DFE94F84F
:10B2D0004430002845D1002B53D105F10C0304352F
:10B2E0002046A3612946FFF71FFE304429466062CD
:10B2F0002046FFF719FE0644042220463146FFF798
:10B3000037FE04232E4A31462046FFF7FDFD002874
:10B310003BD10123E6616361A3692362BDE8F0814B
:10B320000127B9E7002FC3D006F120012046FFF71F
:10B33000FBFD4FF47A7306F13001B0FBF3F060606F
:10B340002046FFF7F1FD06F14001A0602046FFF71F
:10B35000EBFD06F14401E0602046FFF7E5FD2061CA
:10B36000A6E773B9A36AAB42B7D9291D2046FFF7F8
:10B37000DBFD08300C22054420462946FFF7F8FD86
:10B380009DE70A2384F84430C8E70B23FAE700BF9F
:10B3900086170408931904088B1704085317040828
:10B3A000A4170408A9170408C1170408C61704083D
:10B3B000DC170408E8170408ED170408F21704085E
:10B3C000F7170408C0E90A2100220263FFF70EBF45
:10B3D000002310B501630446C36208460B689B68EE
:10B3E0009847A0622046BDE81040FFF7FFBE70B44A
:10B3F000BDF80C40BDF810502AB123B1CDE903458A
:10B4000070BCFFF705BD70BC704700002DE9F04F20
:10B410009946436985B004460F4690462BB92A4B9E
:10B4200077212A4A2A482DF099FE08228169FFF7E0
:10B430009FFDA56920462946FFF78BFDA91C834681
:10B440002046FFF786FD291D82462046FFF76CFD4A
:10B4500005F10801A36A064642189A4227D243F230
:10B4600030039B4517D146F264339A4513D190B10E
:10B470000246A1612046FFF77BFD0E9B0146CDF8F9
:10B48000008032462046CDE901933B46FFF7AFFFEF
:10B49000636901336361A36933448EB1A361A36916
:10B4A000626A013323F001039342A3610AD10120B0
:10B4B000236A6061A36180F0010005B0BDE8F08FF0
:10B4C0000833EBE70020F6E70A170408DD18040844
:10B4D000531704087047000038B50446FEF7FAFC1D
:10B4E000084923682046084DD3F88C30984700233C
:10B4F000284684F84A3000F07DF90123256184F85C
:10B50000703038BD00F807C0B0250020FEF7F2BB50
:10B51000FEF7F6BBF8B5FEF707FD134A0023C2F8A5
:10B520008430BFF34F8FD2F8803043F6E076C3F318
:10B53000C904C3F34E33A5075B0103EA060C284692
:10B5400021464CEA0007013900F14040C2F874720C
:10B550004F1CF6D1203B13F1200FEED1BFF34F8FDC
:10B56000BFF36F8FF8BD00BF00ED00E0FEF7DEBC5B
:10B57000FEF79CBBFEF7DABDFEF7E2BDFEF7A0BB0F
:10B5800014F0FABB08B5054B01461B6800B1012158
:10B59000184615F0ADF9012008BD00BF6C60012010
:10B5A00010B504460C212BF013FE204610BD000000
:10B5B00004480023044A43608360044B0449036049
:10B5C0002BF000BEB025002000000020FC1A04086B
:10B5D000D5B40008032823D8DFE800F0020B131AC3
:10B5E000104B102110481A68B2FA82F2520903F087
:10B5F0006DBB0C4B40215A68B2FA82F252090B48DB
:10B60000F5E7084B80219A68B2FA82F25209F6E710
:10B61000044B40210648DA68B2FA82F25209E6E7A2
:10B62000704700BFBC250020000402400008024013
:10B6300000180240032823D8DFE800F0020B131A99
:10B64000104B102110481A68003218BF012203F075
:10B650003DBB0C4B40215A68003218BF01220B48F9
:10B66000F5E7084B80219A68003218BF0122F6E7FF
:10B67000044B40210648DA68003218BF0122E6E791
:10B68000704700BFBC2500200004024000080240B3
:10B690000018024003280FD8DFE800F00206090B6B
:10B6A0001021064803F017BB40210548FAE7802126
:10B6B000FBE740210348F5E7704700BF0004024064
:10B6C000000802400018024008B5032813D8DFE83C
:10B6D00000F0020A0D0F1021084803F0F1FA431E92
:10B6E0005842584108BD40210548F6E78021FBE754
:10B6F00040210448F1E70020F1E700BF00040240C8
:10B70000000802400018024070B50024074D0126D1
:10B71000E0B2FFF7D9FF28B155F82430012B18BF4C
:10B7200045F824600134052CF2D170BDBC25002001
:10B73000024B7020024A1360DB6818471C0000208F
:10B74000CC25002073B50E4C0E461546236813B960
:10B75000002002B070BD1B69702098470028F7D008
:10B760002368702001AA0DF106015B699847BDF8B6
:10B77000043001203360BDF806302B60E9E700BFDC
:10B78000CC25002010B586B0012306AC04F8012DAD
:10B790004FF47A720094CDE901320A46014604481A
:10B7A00002F048FA10B1024802F02BFA06B010BDC0
:10B7B0001C6A01207FB5002306AA4FF47A7C02F8A8
:10B7C000013D012300920A4601460748CDE9013CAC
:10B7D00002F00AFB10B1044802F013FA9DF81700BA
:10B7E00007B05DF804FB00BF1C6A01204068704789
:10B7F00041607047094A136843F080731360A2F5F3
:10B800004E42074B4C3A11680B431360A2F57B6222
:10B81000136843F001031360704700BFFCED00E0C4
:10B8200055CEACC5521A02EB5302B2FBF3F070478F
:10B83000014B1868704700BF041000E010B50368A2
:10B8400004461B6931B19847A26863689B1A184483
:10B85000606010BD9847A060FBE700000F49002022
:10B86000D1F8883043F47003C1F888300C4B1A6863
:10B8700042F001021A6098601A6822F0847222F481
:10B8800080321A60074A5A601A6822F480221A60CD
:10B89000D8604FF000638B60704700BF00ED00E0A0
:10B8A000003802401030002408B5642005F068FC20
:10B8B000FBE70000000000002DE98848E24E4FF051
:10B8C000000BE24DE24CDFF8A483E24F98F8003021
:10B8D000002B74D101220421304603F0F7F9002235
:10B8E0004FF40041284603F0F1F900224FF4807133
:10B8F000204603F0EBF900224FF40041204603F00C
:10B90000E5F9387801F040F800220421304603F0D0
:10B91000DDF901224FF40041284603F0D7F9002257
:10B920004FF48071204603F0D1F900224FF400411A
:10B93000204603F0CBF9387801F026F800220421E4
:10B94000304603F0C3F900224FF40041284603F0CB
:10B95000BDF901224FF48071204603F0B7F90022AF
:10B960004FF40041204603F0B1F9387801F00CF8AB
:10B9700000220421304603F0A9F900224FF40041CF
:10B98000284603F0A3F900224FF48071204603F00B
:10B990009DF901224FF40041204603F097F93878D1
:10B9A00000F0F2FF4FF40071284603F089F9AA4B2A
:10B9B000187000288ED14FF0010388F80030DFF8AE
:10B9C000B092C846A9F800B000220421304603F026
:10B9D0007DF900224FF40041284603F077F9002258
:10B9E0004FF48071204603F071F901224FF40041B9
:10B9F000204603F06BF9387800F0C6FF00220421DE
:10BA0000304603F063F900224FF40041284603F06A
:10BA10005DF901224FF48071204603F057F90022AE
:10BA20004FF40041204603F051F9387800F0ACFFA4
:10BA300000220421304603F049F901224FF400416D
:10BA4000284603F043F900224FF48071204603F0AA
:10BA50003DF900224FF40041204603F037F93878D1
:10BA600000F092FF01220421304603F02FF900225A
:10BA70004FF40041284603F029F900224FF4807169
:10BA8000204603F023F900224FF40041204603F042
:10BA90001DF9387800F078FFB8F800304FF4807165
:10BAA00028460133A8F8003003F00AF96B4B8246B0
:10BAB0001870002888D14021694803F00CF9A9F8D2
:10BAC00000A001220421304603F000F900224FF4C7
:10BAD0000041284603F0FAF800224FF48071204616
:10BAE00003F0F4F800224FF40041204603F0EEF892
:10BAF000387800F049FF00220421304603F0E6F8D0
:10BB000001224FF40041284603F0E0F800224FF4F0
:10BB10008071204603F0DAF800224FF400412046FD
:10BB200003F0D4F8387800F02FFF002204213046CB
:10BB300003F0CCF800224FF40041284603F0C6F889
:10BB400001224FF48071204603F0C0F800224FF428
:10BB50000041204603F0BAF8387800F015FF0022C3
:10BB60000421304603F0B2F800224FF40041284689
:10BB700003F0ACF800224FF48071204603F0A6F8E1
:10BB800001224FF40041204603F0A0F8387800F07D
:10BB9000FBFEB8F800304FF4007128460133A8F8D6
:10BBA000003003F08DF82C4B81461870002888D1A6
:10BBB00040212B482B4F03F08EF801224FF4804197
:10BBC000284603F083F83B68C3F824905A6A092A90
:10BBD000FCD9DFF8A08000224FF480412846C246FD
:10BBE00003F074F800F0CAFEC8F8000002213046E5
:10BBF00003F066F838B9DAF8003003F10A0900F00A
:10BC0000BDFE8145F2D83B68DFF86C905B6AC9F8ED
:10BC1000003000F0B3FEC8F800000221304603F007
:10BC20004FF838B1DAF8003003F1320800F0A6FE20
:10BC30008045F2D83B680C4A5B6AD9F80000136073
:10BC4000181AFBF7ADF919E0002002400004024089
:10BC50000000024010000020F0250020F125002007
:10BC6000001402404C6B0120E8250020EC25002048
:10BC7000F2250020946A0120E425002016A3D3E9D0
:10BC80000023FBF707FA00220D4BFBF703FAFBF743
:10BC900013FC0C4B80B20A220B4918800B4B187016
:10BCA00000020B4B10431A700023088009481A4603
:10BCB000006805F02BFC012005F062FA03E600BFE6
:10BCC0000000E03FE0250020EE250020F4250020C4
:10BCD000F5250020986A01209CC420B07268A13F1D
:10BCE00010B594B030220021022408A82EF086F965
:10BCF0001422002103A82EF081F91B4B192108A85A
:10BD00001A6C42F080521A641B6C184A03F080537C
:10BD10000193019B136823F4404343F48043136071
:10BD20001368012203F440430293029B4FF48033D3
:10BD3000CDE908234FF48003CDE90E439023CDE9EC
:10BD40001244CDE9101301F033FB0F2300202146EC
:10BD5000CDE903344FF48053CDE9050303A80793DD
:10BD600001F008FD14B010BD003802400070004022
:10BD70002DE980489FB010220021012511A8002440
:10BD80002EF03CF902F040FD4FF0104CC24B11A8D0
:10BD9000ADF844501494CDE912C302F057FD1723B7
:10BDA00011A88DF845508DF84C308DF8525002F0A6
:10BDB0004DFD042002F038FDBFF34F8FBFF36F8FAE
:10BDC000B64BC3F85042BFF34F8FBFF36F8F5A6922
:10BDD00042F400325A61BFF34F8FBFF36F8FC3F845
:10BDE0008440BFF34F8FD3F8802043F6E076C2F350
:10BDF000C904C2F34E32A507520102EA060C2846D6
:10BE0000214640EA0C07013900F14040C3F8607256
:10BE10004F1CF6D1203A12F1200FEED1BFF34F8F15
:10BE20005A6942F480325A61BFF34F8FBFF36F8F6C
:10BE300000F086FD0024FFF753FF1422002111A813
:10BE40002EF0DCF8964B4CF2100196481A6B012745
:10BE50004FF010084FF0030A42F010024FF00209B1
:10BE6000914D4FF0040B1A631A6B904E02F01002C2
:10BE70000392039A1A6B42F002021A631A6B02F0E1
:10BE800002020492049A1A6B42F001021A631A6BBE
:10BE900002F001020592059A1A6B42F040021A6301
:10BEA0001A6B02F040020692069A1A6B42F4007274
:10BEB0001A631A6B02F400720792079A1A6B42F027
:10BEC00008021A631A6B02F008020892089A1A6BA9
:10BED00042F480621A631A6B02F480620992099A32
:10BEE0001A6B42F480721A631A6B02F480720A921F
:10BEF0000A9A1A6B42F020021A631A6B02F02002AF
:10BF00000B920B9A1A6B42F080021A631A6B02F0C2
:10BF100080020C920C9A1A6B42F004021A630022FF
:10BF20001B6B03F004030D930D9B02F0CFFE002268
:10BF30004FF401415E4802F0C9FE002204215D4831
:10BF400002F0C4FE012208215B4802F0BFFE01227C
:10BF50004FF48051574802F0B9FE0022C0215748E3
:10BF600002F0B4FE00224021554802F0AFFE4FF42B
:10BF7000407311A94B481394CDE9113402F01EFD12
:10BF800011A94848CDF850A01394CDE9118702F0CB
:10BF900015FD4FF4014311A94548CDE91137CDE90D
:10BFA000134402F00BFD41F2040311A94148CDE90D
:10BFB0001137CDE9134402F001FD082311A93E48D1
:10BFC000119301931494CDE9127402F0F7FC11A9B6
:10BFD00038481394CDE9119402F0F0FCC02211A965
:10BFE0003648CDE91127CDE9134A02F0E7FC40229B
:10BFF00011A9334811920092CDF850A0CDE91274E6
:10C0000002F0DCFC4FF440412648CDE9111711A99C
:10C01000CDE9134402F0D2FC2A482B498480016008
:10C020000762C0E9054400F065FF28492846C5E9D4
:10C030000A44C5E90C44C5E90014C5E9024402F00C
:10C0400053FE39462846224D02F00EFF009A4FF467
:10C050008053204972614FF4C0723046B460B462BC
:10C06000CDF84490C6E906244FF40062C6E90823DF
:10C070000722C6E9001411A9C6E903B8CDE9122BBD
:10C08000CDE9142ACDE9169901F03AF929464FF67F
:10C09000FF72304602941FE01B00000300ED00E039
:10C0A0000038024000040240986B0120DC6B012044
:10C0B0000000024000200240002802400008024028
:10C0C00000180240706A01200030024000B00240B7
:10C0D000D0250020400100A0C5E90078C5E9027420
:10C0E00001F02EF9384600F04FFC29464FF6FF725A
:10C0F0003046C5E90098C5E9027401F021F9019BB9
:10C1000029464FF6FF723046C5E900A8C5E902345A
:10C1100001F016F94FF40C734FF6FF7229460293A3
:10C120003046029B4FF0180AAF60EB60C5E900B8DB
:10C1300001F006F940F22B7130466C4D01F01FF909
:10C140004FF0204343F2D202642040F215261A60D9
:10C1500000F01AFC664B674A28462C62C5E90023AA
:10C16000C5E90247C5E90444C5E9064401F0F0FC0D
:10C170002146284603F036F9214628465E4D03F055
:10C180005DF93422214611A82DF038FF5B4B2821A0
:10C19000352040F2352C2C61AC8685F83640C5E957
:10C1A00000340923C5E905130B23C5E9070340F251
:10C1B0001B132846C5E9096340F21D13C5E9024473
:10C1C000C5E90BC300F076FFFF214FF4806E4FF4FA
:10C1D000F0724FF48873284611941C93ADF87440A4
:10C1E0008DF87640464DCDE916140521CDE918E1CC
:10C1F0004FF04041CDE91224CDE91A12224611A98F
:10C20000CDE9143901F033F83E483F4B0462C0E9F0
:10C2100000374FF4A063C0E902B8C0E904A3C0E945
:10C22000064401F0A7FFDFF820B105F0C1FD05F0DD
:10C2300005FD5C2002F0D4FA13F0A7FA424621462D
:10C2400011A82DF0DBFE472328461094AC60C5E909
:10C2500000B34FF6FF73CDE90E44C5E90334C5E9D9
:10C26000054402F0E3FF4FF4805311A928461193CF
:10C2700003F016F80EA928461094CDE90E4402F0FA
:10C280000BFA03F029F903F026F9284602F036FEEE
:10C2900022464FF480411D4802F018FD04F0E0FEF4
:10C2A0001B4A4946404605F0EBF81A4B1A4A21460C
:10C2B00018601A4804F00EFF194B1A4A21461860FC
:10C2C000194804F007FF194B194A2146186019480C
:10C2D00004F000FF184B194A21461860184804F072
:10C2E000F9FE184B186004F0D5FEFEE71C6A012029
:10C2F000D28C8000005C00409C6A012000680140F4
:10C300004C6B0120106C0120001000A000040240C2
:10C31000A01B0408986A01207C1B0408A9B8000827
:10C32000186A0120581B0408E7F40008486B012034
:10C33000F81B040859A40008D86B0120341B04081A
:10C34000B9B80008446B0120000001400268034BAB
:10C350009A4201D100F006BB704700BF00100040B8
:10C3600070470000214B70B51A6C88B0064642F049
:10C37000100201A903A81A641B6C03F010030293B6
:10C38000029B01F0A9FA069B4BBB01F095FA184CF1
:10C39000184B236040F2E733E360174BB0FBF3F038
:10C3A00001380023606020462361A360A36102F08E
:10C3B0003DFF054680B9204602F0DAFD054658B932
:10C3C000362002F0FFF90F2E0DD82A4631463620CE
:10C3D00002F0C6F9094B1E60284608B070BD01F096
:10C3E0006BFA4000D3E70125F6E700BF00380240B2
:10C3F0005C6C01200010004040420F00140000203F
:10C400000D4B82B00F216FF001001A6C42F0805288
:10C410001A641A6C02F080520092009A5A6C42F42C
:10C4200080425A6400225B6C03F480430193019BB9
:10C4300002B002F095B900BF00380240026882B035
:10C44000084B9A420BD1D3F8302803F5006342F42D
:10C4500080521A631B6B03F480530193019B02B05B
:10C46000704700BF0030024007B50E4B02689A4289
:10C4700015D1A3F5F04305215A201A6B42F40002AE
:10C480001A6300221B6B03F400030193019B02F06B
:10C4900067F95A2003B05DF804EB02F093B903B0DA
:10C4A0005DF804FB00B0024010B5A8B004461422A9
:10C4B000002102A82DF0A2FD8422002107A82DF062
:10C4C0009DFD2268174B9A422AD14FF4803307A86A
:10C4D000079300F06BFA08B1FFF742FF124C4FF4DC
:10C4E000C07201211148236B43F080032363236B47
:10C4F00003F080030093009B1223CDE90223032362
:10C50000CDE90413042302A9069302F057FA236C21
:10C5100043F400032364236C03F400030193019BA1
:10C5200028B010BD005C004000380240001C0240F2
:10C5300008B50A4B02689A420FD1094A802109487E
:10C54000136C23F40003136402F020FB4FF480719A
:10C550000448BDE8084002F019BB08BD005C00407B
:10C5600000380240001C024070B5ACB004461422F2
:10C57000002106A82DF042FD842200210BA82DF0F9
:10C580003DFD2268464B9A4240F0878008230BA865
:10C590000B93642310930223CDE9113301231593E8
:10C5A00000F004FA08B1FFF7DBFE3E4B0024022541
:10C5B0000E265A6C06A93C4842F080625A645A6CB6
:10C5C00002F080620092009A1A6B42F010021A6325
:10C5D0001A6B02F010020192019A1A6B42F4007277
:10C5E0001A631A6B02F400720292029A1A6B42F4F6
:10C5F00080621A631A6B02F480620392039A1A6BC8
:10C6000042F040021A631A6B02F040020492049A4C
:10C610001A6B42F480721A631B6B03F480730593E8
:10C62000059B1023CDE90635CDE908440A9602F0B2
:10C63000C5F94EF6FF7306A91C480A96CDE90635E2
:10C64000CDE9084402F0BAF9F72306A918480A967A
:10C65000CDE90635CDE9084402F0B0F94FF4805336
:10C6600006A91448CDE906350923CDE908440A9303
:10C6700002F0A4F94FF4464306A90F480A96CDE903
:10C680000635CDE9084402F099F9582022460521E3
:10C6900002F066F8582002F095F82CB070BD00BF8B
:10C6A00000680140003802400010024000240240AF
:10C6B0000028024000180240002002402DE9F0410D
:10C6C00014228AB0044600210DEB02002DF096FCE6
:10C6D00022682C4B9A4251D12B4B02250324092668
:10C6E0009A6B4FF0040805A9284842F0020200277F
:10C6F0009A639A6B02F002020192019A1A6B42F05D
:10C7000010021A631A6B02F010020292029A1A6B5C
:10C7100042F002021A631A6B02F002020392039AB9
:10C720001A6B42F008021A631B6B03F008030493B0
:10C73000049BCDE90585CDE9084602F03FF9402389
:10C7400005A91348CDE905350A23CDE907740993F6
:10C7500002F034F905A90E480996CDE90585CDE921
:10C76000077402F02BF94FF4605305A909480996A4
:10C77000CDE90535CDE9077402F020F90AB0BDE82E
:10C78000F08100BF001000A00038024000100240FD
:10C7900000040240000C024008B50C4B02689A42AB
:10C7A00013D10B4A04210B48936B23F002039363CC
:10C7B00002F0ECF94421084802F0E8F94FF4605126
:10C7C0000648BDE8084002F0E1B908BD001000A02D
:10C7D000003802400010024000040240000C0240F9
:10C7E00007B50E4B02689A4215D103F59C3305211B
:10C7F0001B205A6C42F001025A6400225B6C03F069
:10C8000001030193019B01F0ABFF1B2003B05DF816
:10C8100004EB01F0D7BF03B05DF804FB000001405A
:10C82000F0B587B01422002101A82DF0E7FB2A4BB8
:10C830001E68002E4DD10122022703250C241A6008
:10C8400001A9264B26489A6B42F001029A639B6B22
:10C8500003F001030093009B4FF68373CDE904546A
:10C86000CDE9013702F0AAF848F2331301A91D48B7
:10C870000594CDE90137CDE9036502F09FF84CF24C
:10C88000037301A918480594CDE90137CDE9036583
:10C8900002F094F84FF63F0301A914480594CDE93E
:10C8A0000137CDE9036502F089F8282301A9104872
:10C8B0000594CDE90137CDE9036502F07FF808233F
:10C8C00001A90C480594CDE90137CDE9036502F0D3
:10C8D00075F807B0F0BD00BFF82500200038024011
:10C8E0000010024000180240000C024000140240F8
:10C8F000001C0240000802400149002003F01CBF58
:10C9000085B500087047FEE7FEE7FEE7FEE77047E3
:10C91000014802F071BB00BF4C6B0120014802F0DE
:10C920006BBB00BF5C6C0120014800F03FBC00BF46
:10C930009C6A0120014802F007BA00BF986B0120F1
:10C94000074A032008B5136843F48073136001F0AD
:10C95000F5FE0020FFF706FDFFF752FD002008BDA1
:10C96000003C0240034A044B11681B780B441360DF
:10C97000704700BFA86C012011000020014B18680F
:10C98000704700BFA86C012038B50446FFF7F6FFDA
:10C990000546631C1EBF044B1B78E418FFF7EEFF2F
:10C9A000401BA042FAD338BD110000202DE9F74307
:10C9B0000668044616F001060CD0B34B9A6822F4C0
:10C9C00000029A609A68416B0A439A60466BB6FA15
:10C9D00086F67609256815F4002511D0AA4AE16B80
:10C9E000D2F88C3023F440130B43C2F88C30E56B43
:10C9F000B5F5801F13BFB5FA85F5002501266D0931
:10CA00002368DF0210D5A04A216CD2F88C3023F4C1
:10CA100040030B43C2F88C30236CB3F5800F00F059
:10CA20009B81002B08BF0125236813F0807F18BF6E
:10CA30000126980632D5944B944F1A6C42F08052DE
:10CA40001A641B6C03F080530193019B3B6843F411
:10CA500080733B60FFF792FF80463B68D90540F149
:10CA60007D81894F3B6F13F4407340F08281226BCC
:10CA700002F44073B3F5407F834B40F0A081996886
:10CA800022F0704221F4F81122F440720A439A60B5
:10CA9000226B196FC2F30B020A431A672368D80688
:10CAA0000CD5794BD3F88C2022F08072C3F88C20FF
:10CAB000D3F88C20A16B0A43C3F88C202368590457
:10CAC00008D5714A616ED2F8903023F440330B439D
:10CAD000C2F8903023681A0408D56B4AA16ED2F8C8
:10CAE000903023F440230B43C2F890302368DB03DB
:10CAF00008D5654AE16ED2F8903023F440130B4319
:10CB0000C2F8903023689F0308D55F4A216FD2F89E
:10CB1000903023F440030B43C2F89030236858064A
:10CB200008D5594A616CD2F8903023F003030B43C7
:10CB3000C2F890302368190608D5534AA16CD2F880
:10CB4000903023F00C030B43C2F890302368DA05D1
:10CB500008D54D4AE16CD2F8903023F030030B43F6
:10CB6000C2F8903023689B0508D5474A216DD2F85A
:10CB7000903023F0C0030B43C2F8903023685F0568
:10CB800008D5414A616DD2F8903023F440730B43CD
:10CB9000C2F890302368180508D53B4AA16DD2F839
:10CBA000903023F440630B43C2F890302368D904DB
:10CBB00008D5354AE16DD2F8903023F440530B4349
:10CBC000C2F8903023689A0408D52F4A216ED2F813
:10CBD000903023F440430B43C2F8903023685B024B
:10CBE00008D5294AA16FD2F8903023F080630B4317
:10CBF000C2F8903023689F020DD5234AE16FD2F826
:10CC0000903023F000630B43C2F89030E36FB3F130
:10CC1000006F08BF0125236813F0080F18BF012516
:10CC2000580308D5184A616FD2F8903023F040734A
:10CC30000B43C2F890302368190209D5124AD4F880
:10CC40008010D2F8903023F080530B43C2F890301C
:10CC5000012E00F0B88023689A0100F1B480012D04
:10CC600078D1094D2B6823F080532B60FFF786FEA7
:10CC700006462B689F0000F12D8123681D0307D510
:10CC8000E26B4AB104E000BF00380240007000408F
:10CC9000D8021DD5236CDBB99549D1F88830D1F87D
:10CCA000882003F4403302F0E0421343626943EA10
:10CCB0008213A26943EA0263C1F88830D1F88C304C
:10CCC000A26A23F4F853013A43EA0223C1F88C30F4
:10CCD0002368990215D5E36FB3F1006F11D1844A2F
:10CCE000D2F88830D2F8881003F0706301F0E04188
:10CCF0000B43616943EA8113216A43EA0143C2F8A5
:10CD0000883023681A0719D57949D1F88820D1F8D5
:10CD1000883002F0706203F440331343626943EADF
:10CD20008213E26943EA0273C1F88830D1F88C308B
:10CD3000E26A23F440331343C1F88C306C4C23680F
:10CD400043F080532360FFF719FE054623689B00DC
:10CD500040F1C780002009E0012665E6FFF70EFEDE
:10CD6000A0EB080064287FF678AE032003B0BDE88E
:10CD7000F083226B02F4407293423FF478AE3B6F33
:10CD80003A6F23F4407342F480323A673A6F22F4E8
:10CD900080323A673B673B6FDA077FF568AEFFF793
:10CDA000EDFD41F2883980463B6F9B073FF55FAE52
:10CDB000FFF7E4FDA0EB08004845F5D9D5E79A68F0
:10CDC00022F4F81263E64A4E336823F0806333603E
:10CDD000FFF7D4FD074633681B0175D42368DF07CE
:10CDE00012D5636B83B9D6F88430D6F8842003F467
:10CDF000403302F070621343626843EA8213A26810
:10CE000043EA0273C6F8843023681E0303D5E26B3D
:10CE1000B2F5801F05D0D8021ED5236CB3F5800F64
:10CE20001AD1334AD2F88430D2F8841003F4403354
:10CE300001F0E0410B43616843EA8113E16843EA92
:10CE40000163C2F88430D2F88C10636A21F01F01AC
:10CE5000013B0B43C2F88C302368D90111D5244A19
:10CE6000D2F88430D2F8841003F0706301F0E0410E
:10CE70000B43616843EA8113216943EA0143C2F825
:10CE8000843023689A010DD5236962681B0443EA44
:10CE90008213E26843EA0263A26843EA0273144A17
:10CEA000C2F88430124E336843F080633360FFF77A
:10CEB00065FD074633681B013FF5D1AEFFF75EFD08
:10CEC000C01B6428F6D950E7FFF758FDC01B642843
:10CED00081D94AE7FFF752FD801B64287FF6C9AE6F
:10CEE00043E7FFF74BFD401B64287FF62FAF3CE77D
:10CEF0000038024010B5044608B9012010BD437F38
:10CF000003F0FF0213B90277FFF798FA0223637761
:10CF10002379FBB92368144A5A612268936823F085
:10CF20001803936062792368E2B94FF0FF321A6107
:10CF3000002022686169936823F060030B439360CB
:10CF40002268A169936823F080030B439360012357
:10CF50006377D3E7D4E90212204602F099FA002859
:10CF6000E0D0CAE72269E2E7B71DC104F0B5D201FB
:10CF700005684C68EB688432C3F30B4315441C44CA
:10CF80006B6803F470436B6005680E68EB681544CA
:10CF90000136C3F30B43334443EA04436B60056833
:10CFA000CC68EB68C3F30A031C44AB189D6805F416
:10CFB00070459D6005688B68EE6815440133C6F3C3
:10CFC0000A06334443EA0443AB6000250368134474
:10CFD0001C6924F007041C6103680C6913441C617C
:10CFE000046891F83260144491F83170D1F818C097
:10CFF000A369A561046891F83030144443EA0C63D6
:10D0000043EA072343EA0643A361036813445C69C8
:10D0100024F0FF045C6103684C6913445C6104689C
:10D020001444E36923F4E06323F00703E361036836
:10D03000D1E9074613443443DC61036813449C6A16
:10D040009D6203684C6A13449C620B6963B3012BB5
:10D050002CD09C1E022C2BD9072B14BF0124022498
:10D0600003681344DD6A05F0E025DD6203689D185E
:10D07000D1E900639B1B8E6A63437443033343EA25
:10D080000443EB6204681444236B23F4FF6323F02E
:10D09000070323630368C96A1344196301688B5843
:10D0A00043F001038B50F0BD0424D9E70324D7E7F4
:10D0B0000224D5E738B50446002870D090F8A13096
:10D0C00003F0FF021BB980F8A020FFF74DFA226899
:10D0D000022384F8A130936923F07043936122689E
:10D0E000D4E9013091690343E068034320690343B5
:10D0F0000B43936121682B4A8B6813408B60216836
:10D1000060698B6843EA0043A06903438B60216830
:10D11000CB681340CB602168E069CB6843EA0043E9
:10D12000206A0343CB6021680B6913400B612168BF
:10D130000B69606A43EA0043A06A03430B612168FC
:10D140004B691A404A612268E16A536943EA014324
:10D15000216B0B435361216894F83600CA6A94F836
:10D16000355002F07F42CA62226894F83430D16AA6
:10D170000B4343EA052343EA00430020D3622268BD
:10D18000536B43F0060353632268936943F0010332
:10D1900093610123C4F8A40084F8A13038BD0120B4
:10D1A000FCE700BF00F800F07047704770B50368F7
:10D1B00004469E6B5D6B720715D5690713D55A6BD4
:10D1C00022F004025A6304220368DA63D0F8A43020
:10D1D00043F00103C0F8A430002380F8A12080F8B8
:10D1E000A030FFF7E1FFB20717D5AB0715D52268CE
:10D1F0002046536B23F00203536302222368DA6351
:10D20000D4F8A4301343C4F8A430042384F8A13024
:10D21000002384F8A030FFF7C7FFF00711D5E90716
:10D220000FD522682046536B23F00103536301237B
:10D230002268D36384F8A130002384F8A030FDF77E
:10D2400075F8320712D52B0710D522682046536B8C
:10D2500023F00803536308222368DA63012384F868
:10D26000A130002384F8A030FFF79FFF70BDF8B510
:10D2700090F8A03006468C469646012B4FF00200EF
:10D280001DD0342401270D4686F8A10004FB02645A
:10D2900086F8A07038340FCD0FC40FCD0FC40FCD5A
:10D2A0000FC42B683046724661462360FFF75EFE6E
:10D2B000336800205F6286F8A17086F8A000F8BD90
:10D2C00010B590F8A030012B4FF0020314D0046881
:10D2D000012280F8A13080F8A020636B23F00103C5
:10D2E0006363064B196401684B6B13434B63002364
:10D2F00080F8A12080F8A030184610BD00680140D9
:10D3000038B50D460446C8B190F82C3003F0FF0242
:10D310001BB980F82D20FFF783FA0223211D206816
:10D3200084F82C3001F0B8FA62682946206801F0D0
:10D33000E7FA0123002084F82C3038BD0120FCE7F7
:10D3400070B5054690F82C000E46C0B2022810D0E9
:10D3500000F0FB04012C10D10223286885F82C3042
:10D3600001F010FB3368022B04D1052385F82C3023
:10D37000002070BD85F82C40FAE70120F9E738B5A8
:10D38000044690F82C00C0B202280DD094F82C501E
:10D39000EDB2012D09D10223206884F82C3001F070
:10D3A00003FB002084F82C5038BD0120FCE700006E
:10D3B0002DE9F341044608B9012041E00368D8078C
:10D3C00010D4236899075CD42368190700F1A18061
:10D3D00023685A0700F1C280A069002840F0288124
:10D3E00000202DE0904B9A6802F00C02042A07D02E
:10D3F0009A6802F00C02082A0AD15B685A0207D523
:10D40000894B1B689B03DCD56368002BD9D1D3E71C
:10D410006268854BB2F5803F15D11A6842F48032BC
:10D420001A60636803B3FFF7A9FA7F4D06462B68BD
:10D430009F03C6D4FFF7A2FA801B6428F7D9032004
:10D4400002B0BDE8F0813AB91A6822F480321A605D
:10D450001A6822F48022E3E7B2F5A02F1A68F4D10B
:10D4600042F480221A60D8E7FFF788FA6E4D06462C
:10D470002B689803A5D5FFF781FA801B6428F7D99C
:10D48000DDE7694B9A6812F00C0F07D09A6802F03A
:10D490000C02082A11D15B6859020ED4624B1A683B
:10D4A000920702D5E268012A86D11A68216922F022
:10D4B000F80242EAC1021A6086E7E3685A4DBBB13E
:10D4C0002B6843F001032B60FFF758FA06462B68E0
:10D4D0009F0707D52B68226923F0F80343EAC203AC
:10D4E0002B6071E7FFF74AFA801B0228EFD9A6E705
:10D4F0002B6823F001032B60FFF740FA06462B68E8
:10D5000098077FF561AFFFF739FA801B0228F6D93B
:10D5100095E76369444D83B16B6F43F001036B671B
:10D52000FFF72CFA06466B6F9B073FF551AFFFF7ED
:10D5300025FA801B0228F6D981E76B6F23F00103DF
:10D540006B67FFF71BFA06466B6F9F077FF540AFCF
:10D55000FFF714FA801B0228F6D970E7324B1A6CD9
:10D56000D0002AD41A6C012642F080521A641B6C37
:10D5700003F080530193019B2C4D2B68D9051ED5D8
:10D58000A268294B012A2AD11A6F42F001021A67B8
:10D59000A368002B39D0FFF7F1F9234D074641F27C
:10D5A00088382B6F9B072AD5002E3FF415AF1E4AF3
:10D5B000136C23F0805313640EE70026DCE72B681E
:10D5C00043F480732B60FFF7D9F907462B68DA051F
:10D5D000D6D4FFF7D3F9C01B6428F7D92FE73AB99F
:10D5E0001A6F22F001021A671A6F22F00402CEE7C6
:10D5F000052A1A6FF5D142F004021A67C4E7FFF753
:10D60000BDF9C01B4045CCD919E7FFF7B7F9064D66
:10D61000074641F288382B6F9807C5D5FFF7AEF95A
:10D62000C01B4045F7D90AE70038024000700040AF
:10D63000384DAB6803F00C03082B41D02B6802284F
:10D6400023F080732B602ED1FFF798F906462B68E4
:10D65000990122D4D4E907321343626A43F000539C
:10D6600043EA8213E26A43EA0263A26A294C52083F
:10D67000013A43EA02436B602B6843F080732B60EE
:10D68000FFF77CF9054623689A013FF5A9AEFFF73D
:10D6900075F9401B0228F6D9D1E6FFF76FF9801B18
:10D6A0000228D4D9CBE6FFF769F904462B689B0121
:10D6B0007FF596AEFFF762F9001B0228F6D9BEE6A9
:10D6C00001286B683FF4BCAE03F48002E1698A4232
:10D6D0007FF472AE03F03F02216A8A427FF46CAE9F
:10D6E00047F6C072616A1A40B2EB811F7FF464AEE4
:10D6F000A26A03F440315208013AB1EB024F7FF4C1
:10D700005BAEE26A03F07063B3EB026F14BF0120FB
:10D71000002095E600380240134908B58B6803F0F5
:10D720000C03042B03D0082B03D0104800E0104852
:10D7300008BD4A684B68496802F03F0213F4800351
:10D74000C1F388111ABF0A4800230848A1FB000151
:10D75000F9F772FF044B5B68C3F3014301335B00CD
:10D76000B0FBF3F0E4E700BF003802400024F4000F
:10D7700040787D012DE9F0410D46044610B90120A5
:10D78000BDE8F081474A136803F00F038B422AD3A8
:10D7900023689E0732D42368D90746D4414A1368C8
:10D7A00003F00F03AB4269D823685A0772D4236889
:10D7B0001B0707D53C4A2169936823F4604343EA79
:10D7C000C1039360FFF7A8FF374B384A9B68C3F348
:10D7D0000313D35CD840364B1860364B1868FEF7FD
:10D7E000C1FD0020CCE7136823F00F030B43136047
:10D7F000136803F00F038B42C1D1C9E7580704D562
:10D80000294A936843F4E05393602368264A13F04F
:10D81000080F03D0936843F4604393609368A16852
:10D8200023F0F0030B439360B5E761681E4B0129B9
:10D830001A681BD112F4003FA1D09A6841F28838CF
:10D84000194E22F003020A439A60FFF797F8074641
:10D85000B368626803F00C03B3EB820F9ED0FFF74E
:10D860008DF8C01B4045F3D9032089E7022902D176
:10D8700012F0007FE0E712F0020FDDE7136823F0FB
:10D880000F032B431360136803F00F03AB427FF4C5
:10D8900076AF89E7044AE168936823F4E0530B43C9
:10D8A000936084E7003C0240003802401C1B0408DF
:10D8B0000C00002014000020044B054A9B68C3F3B1
:10D8C0008223D35C034A1068D84070470038024076
:10D8D0002C1B04080C0000200F2303600B4B9A68DC
:10D8E00002F0030242609A6802F0F00282609A68D5
:10D8F00002F4E052C2609B68DB0803F4E05303616A
:10D90000034B1B6803F00F030B60704700380240A5
:10D91000003C024003689A69910701D500229A628F
:10D9200003689A69D20703D49A6942F001029A61A6
:10D930007047000030B5039DC1F3090104682B4313
:10D94000606843EA0243054A0B4342EA555223F01A
:10D95000004320EA02000343636030BDFF63FF031E
:10D960002DE9F041036805460F4690469C6914F086
:10D97000100471D0002410222646DA612B689A69BF
:10D98000900664D4002E38D044F0040401202A68A4
:10D990009369D90505D54FF4807144F00104012045
:10D9A000D1615A0506D52A684FF4806144F0080415
:10D9B0000120D1619B0551D52B684FF4007244F0D2
:10D9C0000204DA612846FFF7A5FF2A6801205368A0
:10D9D00023F0FF7323F48B3323F4FF7323F001034D
:10D9E00053606B6C1C4320236C6485F8413000232A
:10D9F00085F8423085F8403032E07A1CBFD0FEF71F
:10DA0000BDFFA0EB0800B84201D8002FB6D12B68AB
:10DA1000596895F842209869D2B200040AD54904A1
:10DA200008D4202A06D05A6842F480425A60FEF791
:10DA3000A5FF80462B689B699B069FD4FEF79EFF3F
:10DA4000A0EB08001928F5D92024012696E7002E1E
:10DA50009AD12022DA6197E7204698E70028B1D1D1
:10DA6000BDE8F08170B504460D46164623689B69F3
:10DA70009B0701D5002070BD324629462046FFF79E
:10DA80006FFFA0B96A1CF1D0FEF778FF801BA84297
:10DA900001D8002DEAD1636C43F020036364202396
:10DAA00084F84130002384F8423084F8403001206B
:10DAB000E1E770B504460D46164623689B699B0650
:10DAC00001D5002070BD324629462046FFF748FFA9
:10DAD00090B9FEF753FF801BA84201D8002DECD16E
:10DAE000636C43F020036364202384F841300023F7
:10DAF00084F8423084F840300120E3E72DE9F0411A
:10DB0000069F0446884616461D462268936938EAF1
:10DB100003030CBF01230023B34201D0002015E012
:10DB20006B1CF3D0FEF72AFFC01BA84201D8002DC2
:10DB3000EBD1636C012043F020036364202384F85D
:10DB40004130002384F8423084F84030BDE8F08151
:10DB500010B50446002852D090F8413003F0FF027F
:10DB60001BB980F84020FEF79FFC2268242384F82C
:10DB70004130136823F001031360D4E9002323F03C
:10DB8000706313612268936823F400439360E36831
:10DB90002268012BA3680CBF43F4004343F4044301
:10DBA0009360E368022B03D123684FF400625A604C
:10DBB00022680020536843F0007343F4004353602D
:10DBC0002268D36823F40043D3602268D4E9043187
:10DBD0000B43A16943EA0123D3602268D4E90731EA
:10DBE0000B4313602268136843F001031360202382
:10DBF000606484F84130206384F8420010BD012045
:10DC0000FCE710B5044698B10268242380F841303F
:10DC1000136823F001031360FEF78AFC00206064A0
:10DC200084F8400084F84100206384F8420010BD6D
:10DC30000120FCE72DE9F74F984690F84130044663
:10DC40000F46202B1646DDF830A0BDF8349040F08A
:10DC5000C780BAF1000F02D0B9F1000F06D14FF41E
:10DC600000736364012003B0BDE8F08F90F840308A
:10DC7000012B00F0B5804FF0010B80F840B0FEF7AB
:10DC80007DFE1923054600905A464FF40041204678
:10DC9000FFF734FF0028E5D1212360635FFA88F2A3
:10DCA000394684F841304023C4F824A084F8423037
:10DCB0004C4B6064204600934FF08073A4F82A9088
:10DCC000FFF738FE2A460E992046FFF7CBFE10BB21
:10DCD000B8F1010F236814D1F6B20022802120464A
:10DCE0009E620E9B0095FFF709FFA0B9638DFF2B85
:10DCF00015D8628D4FF00073009092B22285D2B297
:10DD000012E0320A0E9920469A622A46FFF7AAFECE
:10DD100008B92368E0E7002384F84030A2E7FF2237
:10DD20004FF080730090228539462046FFF702FEAF
:10DD30002A460E992046FFF795FE002892D1626A86
:10DD4000236812789A62636A228D0133013A636212
:10DD5000638D92B2013B22859BB26385638D9BB23A
:10DD6000ABB1A2B9009580210E9B2046FFF7C6FEFD
:10DD700000287FF477AF638DFF2B29D9FF224FF066
:10DD800080730090228539462046FFF7D3FD638DCE
:10DD90009BB2002BCCD12A460E992046FFF789FE74
:10DDA00000287FF45FAF23682022DA6121684B6886
:10DDB00023F0FF7323F48B3323F4FF7323F0010369
:10DDC0004B6084F8412084F8400084F842004AE720
:10DDD000628D4FF00073009092B22285D2B2D2E7EA
:10DDE000022040E7002000802DE9F74F984690F888
:10DDF000413004460F46202B1646DDF830A0BDF812
:10DE0000349040F0C980BAF1000F02D0B9F1000F90
:10DE100006D14FF400736364012003B0BDE8F08FB6
:10DE200090F84030012B00F0B7804FF0010B80F8E4
:10DE300040B0FEF7A3FD1923009005465A464FF463
:10DE400000412046FFF75AFE03460028E4D1222273
:10DE500060633946C4F824A084F84120402284F845
:10DE600042204E4A6064204600925FFA88F2A4F88D
:10DE70002A90FFF75FFD2A460E992046FFF7F2FD34
:10DE800018BBB8F1010F236815D1F6B2002240216A
:10DE900020469E620E9B0095FFF730FEA8B9638D69
:10DEA000FF2B3F4B15D8628D00934FF0007392B259
:10DEB0002285D2B212E0320A0E9920469A622A4690
:10DEC000FFF7D0FD08B92368DFE7002384F840306E
:10DED000A2E7FF2200934FF0807322853946204647
:10DEE000FFF728FD009500220E9B04212046FFF736
:10DEF00005FE002890D123685A6A636A1A70636A23
:10DF0000228D0133013A6362638D92B2013B228517
:10DF10009BB26385638D9BB2ABB1A2B900958021A2
:10DF20000E9B2046FFF7EAFD00287FF475AF638D56
:10DF3000FF2B29D9FF224FF08073009022853946AC
:10DF40002046FFF7F7FC638D9BB2002BCAD12A460F
:10DF50000E992046FFF7ADFD00287FF45DAF2368E2
:10DF60002022DA6121684B6823F0FF7323F48B339E
:10DF700023F4FF7323F001034B6084F8412084F8FD
:10DF8000400084F8420048E7628D4FF00073009033
:10DF900092B22285D2B2D2E702203EE70020008072
:10DFA000002400804B6A2DE9F04733B1B2F1406F95
:10DFB00003D08B6A0468013B23618B690C6A002BD8
:10DFC00067D00568002C35D08B68EB61CC694B6A53
:10DFD00005688F69D1F820C0D1F83480D1F810E0FD
:10DFE0000E68D1E90BA9A4B144EA0A04144344EA37
:10DFF000090444EA08042343CC6843EA0E0343EAD5
:10E000000C0323433B434C69334343EA84436B6132
:10E010002AE04AEA0904144344EA0804234343EA91
:10E020000E0343EA0C033B4333434E6943EA8646FF
:10E030006E612CE04E69CC69D1F80090B604D1F83D
:10E0400024804F6BD1E90BECACB11C43CB6814437B
:10E0500044EA090444EA080444EA0E0444EA0C04CD
:10E060003C431C4334436C61B2F1406F0FD00368F2
:10E070004A689A610BE043EA0903134343EA080341
:10E0800043EA0E0343EA0C033B4333436B61BDE8B1
:10E09000F08744B303688C68DC61CC69D1F82480D4
:10E0A00005688E69D1F820C04B6BD1F810E0D1E93A
:10E0B0000B796CB13C43144344EA09042343CC6814
:10E0C00043EA080343EA0E0343EA0C0323439AE7B7
:10E0D00047EA09042243134343EA080343EA0E03D1
:10E0E00043EA0C03A0E7CD694B6A7DB12B43CD6AAF
:10E0F000046813432B430D6B2B434D6B2B43CD68AF
:10E100002B434D6943EA85436361ADE7002BBED0E5
:10E11000CC6A0068234313430A6B13434A6B1343CF
:10E120004A6943EA82434361B1E72DE9F041069D24
:10E1300004460F461646984621688A683A4214BF3C
:10E1400001220022B24201D1002011E06B1CF4D068
:10E15000FEF714FCA0EB0800A84201D8002DEBD17B
:10E160000423012084F84130636C43F001036364AD
:10E17000BDE8F08137B50446FEF700FC0546002CEB
:10E1800048D094F8412002F0FF033AB984F84030B7
:10E190002046FEF793FA41F28833A3642068A16811
:10E1A0000268013922F4F85242EA01222021026079
:10E1B0000022A36C204600932B46FFF7B6FF20BB3E
:10E1C0002168E569E3680A682B43256A22F07F42EB
:10E1D0002B43656822F0D00243EA056313430B60CA
:10E1E0002168D4E905324D681343226943EA0243AA
:10E1F000094A2A4013434B602268136843F0010325
:10E2000013600123606484F84130002384F84030B7
:10E2100003B030BD0120FBE7FEF8E0FF10B5044677
:10E2200068B10268136823F001031360FEF7B4FAC3
:10E230000020606484F8410084F8400010BD012093
:10E24000FCE72DE9F34704468A469146FEF796FB24
:10E2500094F840308046012B34D00123022784F803
:10E26000403094F84160F6B29E4229D10022034624
:10E27000CDF8009020216264204684F84170FFF7B9
:10E2800054FF0546A8B9024651462046FFF78AFECC
:10E29000DAF824305BB9CDF800904346324639466F
:10E2A0002046FFF742FF054618B92368DF6084F86F
:10E2B0004160002384F84030284602B0BDE8F08772
:10E2C0003D46F6E70225F7E72DE9F7430446984671
:10E2D00089461646FEF752FB94F840300746012B5C
:10E2E00045D0012384F8403094F84150EDB29D426E
:10E2F0003BD142230022CDF800802021626484F8C3
:10E30000413003462046FFF710FF40BB23682046FC
:10E3100032689A62236872685A622368B268DA6265
:10E32000216833690A6843F4800322F440021343EE
:10E330004FF000620B604946F368C9F82830FFF7D8
:10E3400031FECDF800803B462A4608212046FFF7E3
:10E35000ECFE20B923680822DA6084F841500023DB
:10E3600084F8403003B0BDE8F0830220F7E70220D4
:10E37000F8E7F7B5044617460E46FEF7FFFA94F89D
:10E3800040200346012A36D0012284F8402094F828
:10E390004120012A2DD1002282212046626484F886
:10E3A0004110A16C00912021FFF7BFFE0546D0B9B6
:10E3B00022687968136823F008030B4313607B68B5
:10E3C000082B0AD123683A681A6310222368DA609E
:10E3D0002268136843F4801313604FF040623146A3
:10E3E0002046FFF7DFFD002384F84030284603B0C5
:10E3F000F0BD0225F7E70225F8E737B50446FEF73A
:10E40000BDFA054694F8410010F0020038D0002310
:10E4100084F840302368186810F004000BD01A68A4
:10E4200022F004021A60E06B00F0EFF818B1636CA0
:10E4300043F00403636423689A6892061DD51A6842
:10E440000221204642F002021A600122A36C0093CE
:10E450002B46FFF76AFE98B9236802222021DA6072
:10E460000246A36C204600932B46FFF75EFE38B9A8
:10E470002268536923F040635361012384F84130DB
:10E4800003B030BD2DE9F341044688461746FEF738
:10E4900075FA94F840300646012B50D001232568C8
:10E4A00084F8403094F84100C0B2984245D100232E
:10E4B0006364B8F1000F3BD0122384F841302B691C
:10E4C0000133E3622B69C4F824800133A3626B69D2
:10E4D00023F040636B61E36AB3B9009733460122CE
:10E4E00002212046FFF721FE28B923680222204698
:10E4F000DA60FFF782FF012384F84130002384F8BB
:10E50000403002B0BDE8F08100973346012204217B
:10E510002046FFF70AFE0028EDD1636A1B7885F8D4
:10E520002030636A01336362E36A013BE362D2E74E
:10E53000636C43F008036364E0E70220DEE7022037
:10E54000DFE72DE9F341044617468846FEF716FA41
:10E5500025680646AA6994F84030012B53D0012360
:10E5600084F8403094F84100C0B2984249D1002369
:10E570006364B8F1000F3FD0222384F841302B6947
:10E580000133A3632B69C4F83080013363636B6983
:10E5900023F0406343F080636B6123689A61A36B4F
:10E5A000B3B900973346012202212046FFF7BDFD93
:10E5B00028B9236802222046DA60FFF71EFF0123F4
:10E5C00084F84130002384F8403002B0BDE8F08187
:10E5D00000973346012206212046FFF7A6FD0028BA
:10E5E000EDD195F82020236B1A70236B0133236340
:10E5F000A36B013BA363D2E7636C43F0080363643E
:10E60000E0E70220DEE70220DFE770B50446856D13
:10E61000FEF7B4F9064694F83530022B06D0802375
:10E6200001206365002384F8343070BD22681368CC
:10E6300023F0160313602268536923F080035361AB
:10E64000236C0BB9A36C23B12268136823F0080371
:10E6500013602268136823F00103136023681868AD
:10E6600010F0010009D1E26D3F239340AB6001231C
:10E6700084F8340084F83530D7E7FEF77FF9801B43
:10E680000528EBD9202303206365002384F8350097
:10E6900084F83430C9E7000030B590F83C30012BE5
:10E6A0004FF0020341D004680122214D80F83C2044
:10E6B000AC4280F83D306368A26803D005F5806500
:10E6C000AC4203D123F470034D682B430D6823F053
:10E6D00070032B436360164C0368A3421AD0B3F156
:10E6E000804F17D0A4F57C44A34213D004F5806476
:10E6F000A3420FD004F58064A3420BD004F5784404
:10E70000A34207D004F57054A34203D0A4F5943477
:10E71000A34204D1896822F080020A439A6001234F
:10E7200080F83D30002380F83C30184630BD00BFF3
:10E73000000001407047704770470000074A000220
:10E74000D36800F4E06023F4E0631B041B0C43F087
:10E75000BF6343F400330343D360704700ED00E030
:10E76000164B70B5DC684FF0FF36C4F30224C4F1D9
:10E770000705231D042D28BF0425062B06FA05F3E3
:10E780008CBF033C0024002821EA030303FA04F3AE
:10E7900006FA04F422EA040443EA04034FEA0313EA
:10E7A000DBB206DB00F1604000F5614080F8003329
:10E7B00070BD00F00F00024A1354F9E700ED00E0CD
:10E7C00014ED00E0002808DB4209012300F01F00DF
:10E7D00003FA00F0014B43F82200704700E100E02B
:10E7E00000280DDB4309012200F01F00203302FA4C
:10E7F00000F0044A42F82300BFF34F8FBFF36F8F3E
:10E80000704700BF00E100E0BFF35F8F044A536A26
:10E8100023F4803353620022024B5A60704700BFDA
:10E8200000ED00E090ED00E0064A40F00100064BEC
:10E830005860536A43F480335362BFF34F8FBFF382
:10E840006F8F704700ED00E090ED00E04378114AD3
:10E8500093600378E3B14368D360C37A017B1B06FE
:10E8600043EA017301780B43817A43EAC143417B58
:10E8700043EA8143817B43EA4143C17B43EA01434D
:10E88000417A43EA0123017A43EA41031361704765
:10E89000D360FBE790ED00E030B50A684D6AD1E93E
:10E8A00007342343154C92B902682B43224013438B
:10E8B0004A6813438A681343CA6813430A691343B7
:10E8C0004A6913438A6913430360002030BD02681C
:10E8D0002B4322F4F8421343036043684A68234001
:10E8E00013438A681343CA6813430A6913434A6986
:10E8F00013438A6913434360E7E700BF0080FFFFCB
:10E9000030B5CB684D695C1E6B1E1B0543EA0434B1
:10E91000CAB90B688268013B02F07042234313437B
:10E920004A68013A43EA02138A68013A43EA022339
:10E930000A69013A43EA02438A69013A43EA0263F7
:10E940008360002030BD836823F4700323F4704398
:10E9500023438360C3684A6803F07043013A43EA83
:10E9600002130A68013A13438A68013A43EA022310
:10E970000A69013A43EA02438A69013A43EA0263B7
:10E98000C360DEE710B5D1E9003402692343CC68E7
:10E99000920D43EA4423920513438A68013A43EAFD
:10E9A00042130361002010BD436923F47F5323F019
:10E9B0003E0343EA41014161002070472DE9F74FD2
:10E9C0000023DFF8BCC16C4CDFF8B881DFF8B8E198
:10E9D00001250A689D402A40954240F0B4804E6867
:10E9E0005F00032506F00306BD40013EED43012E06
:10E9F00011D8866806EA0509CE68BE4046EA0906CF
:10EA00008660466826EA02094E68C6F300169E40F4
:10EA100046EA090646604E6806F00306032E07D054
:10EA2000C66806EA05098E68BE4046EA0906C66061
:10EA30004E6806F00306022E16D14FEAD30A03F001
:10EA4000070B4FF00F0900EB8A0A4FEA8B0BDAF83D
:10EA5000206009FA0BF926EA09090E6906FA0BF695
:10EA600046EA0906CAF82060066835404E6806F096
:10EA70000306BE40354305604D6815F4403F62D043
:10EA8000DCF8445023F0030603F003074FF00F09AE
:10EA900045F4804506F18046BF00CCF8445006F5A9
:10EAA0009C36DCF8445005F480450195019D09FA37
:10EAB00007F5D6F808A02AEA0509304DA84249D042
:10EAC00005F58065A84247D005F58065A84245D088
:10EAD00005F58065A84243D0404543D0704543D0FA
:10EAE00005F54065A84241D005F58065A8423FD0B4
:10EAF00005F58065A8423DD005F58065A84214BFA4
:10EB00000A250925BD4045EA0905B560D6434D688B
:10EB1000A768ED0254BF37401743A7604D68E76808
:10EB2000AD0254BF37401743E7604D686768AD03D7
:10EB300054BF3740174367604D682768ED0354BFE3
:10EB40003740174327600133102B7FF441AF03B0E8
:10EB5000BDE8F08F0025D5E70125D3E70225D1E7F1
:10EB60000325CFE70425CDE70525CBE70625C9E733
:10EB70000725C7E70825C5E7003C01400000024023
:10EB80000038024000100240001402402DE9F04F0E
:10EB90000022464DDFF81C91DFF81CA1DFF81CB104
:10EBA000012303FA02FE0EEA0104A64567D122F012
:10EBB000030602F0030C0F273D4B06F180464FEA97
:10EBC0008C0C984206F59C3607FA0CF7D6F80880AC
:10EBD00007EA080858D003F58063984256D003F539
:10EBE0008063984254D003F58063984252D003F575
:10EBF0008063984250D0484550D0504550D0584539
:10EC000050D003F5805398424ED003F5806398426C
:10EC10000CBF09230A2303FA0CF3434510D12B68D8
:10EC2000E44323402B606B6823406B60EB68234018
:10EC3000EB60AB681C40AC60B36823EA0707B760C1
:10EC400056000323046802F0070CB3400F274FEA75
:10EC50008C0CDB4307FA0CF71C400460D40800EB73
:10EC60008404266A26EA07072762C4681C40C46039
:10EC7000446824EA0E0444608468234083600132BF
:10EC8000102A8DD1BDE8F08F0023C4E70123C2E72D
:10EC90000223C0E70323BEE70423BCE70523BAE74A
:10ECA0000623B8E70723B6E70823B4E7003C014092
:10ECB000000002400014024000180240001C024004
:10ECC0000369194214BF0120002070470AB1816115
:10ECD00070470904FBE7436901EA030221EA0301E3
:10ECE00041EA02418161704710B5044640B390F893
:10ECF000393003F0FF021BB980F83820FDF7B4FB70
:10ED0000226802236168002084F83930136823F4F4
:10ED100040330B4313602268A168536B23F0070351
:10ED20000B4353632268E168136C23F47F5323F091
:10ED30003F030B4313640123E06384F8393010BDB3
:10ED40000120FCE77047704770B5036804465E68B1
:10ED50001D68F20715D5E90513D51A6822F48072EB
:10ED60001A600122C36B43F00103C36303689A6016
:10ED7000042380F83930002380F83830436903B128
:10ED80009847B20617D5AB0415D52268136823F44B
:10ED900000531360202223689A60E36B43F0020360
:10EDA000E363042384F83930002384F8383063693E
:10EDB0000BB120469847300717D5290515D522688D
:10EDC000136823F400631360082223689A60E36BDE
:10EDD00043F00403E363042384F83930002384F808
:10EDE000383063690BB12046984772070CD56B0524
:10EDF0000AD522682046136823F480631360042236
:10EE000023689A60FFF79EFFB00715D5A90513D5B3
:10EE10002268136823F400731360022223689A6047
:10EE2000E36BE363012384F83930002384F838303E
:10EE300023690BB120469847F20614D5EB0412D58E
:10EE400022682046136823F480531360102223683D
:10EE50009A60E36BE363012384F83930002384F87C
:10EE60003830FFF770FF70BD70B590F83830012B67
:10EE70004FF002032CD0012280F839301E4E80F86A
:10EE800038200A018418D4E9075345EA0343093DB1
:10EE9000012D656A96BF05F07F4543EA05632B4364
:10EEA0000568B9B9696A31400B436B6203688269CE
:10EEB0009A61C369093B012B04D8436A026823F0B5
:10EEC0007F439362012380F83930002380F8383083
:10EED000184670BDE96931400B43EB618318016846
:10EEE0009A690A61DB69093B012BEBD8636A026806
:10EEF00023F07F431362E5E7F0FFFC0090F83D301C
:10EF0000012B2FD10223184A80F83D300368934229
:10EF10001AD0B3F1804F17D0A2F57C42934213D0A0
:10EF200002F5806293420FD002F5806293420BD0CB
:10EF300002F57842934207D002F57052934203D013
:10EF4000A2F59432934207D19968084A0A40062AEA
:10EF500006D0B2F5803F03D01A6842F001021A6071
:10EF600000207047012070470000014007000100A9
:10EF700090F83D30012B34D10268022380F83D30F7
:10EF8000D36843F00103D360174A036893421AD051
:10EF9000B3F1804F17D0A2F57C42934213D002F513
:10EFA000806293420FD002F5806293420BD002F54B
:10EFB0007842934207D002F57052934203D0A2F5F3
:10EFC0009432934207D19968084A0A40062A06D02B
:10EFD000B2F5803F03D01A6842F001021A600020A7
:10EFE00070470120704700BF00000140070001008A
:10EFF000704770477047704710B5036804461A6938
:10F00000910710D5DA6892070DD56FF002021A61E8
:10F010000123037703689B69990700F08880FFF755
:10F02000E8FF0023237723681A69520711D5DA68AD
:10F0300050070ED56FF0040220461A610223237791
:10F0400023689B6913F4407F77D0FFF7D2FF00233A
:10F05000237723681A69110710D5DA6812070DD5CE
:10F060006FF0080220461A61042323772368DB69C6
:10F070009B0768D0FFF7BDFF0023237723681A6939
:10F08000D00611D5DA68D1060ED56FF010022046F1
:10F090001A61082323772368DB6913F4407F58D073
:10F0A000FFF7A7FF0023237723681A69D20708D543
:10F0B000DA68D00705D56FF0010220461A61FDF726
:10F0C00045F923681A69110608D5DA68120605D5CC
:10F0D0006FF0800220461A61FFF72DFB23681A6942
:10F0E000D00508D5DA68110605D56FF48072204680
:10F0F0001A61FFF721FB23681A69520608D5DA68FE
:10F10000500605D56FF0400220461A61FFF773FFE5
:10F1100023681A69910622D5DA6892061FD56FF026
:10F12000200220461A61BDE81040FFF703BBFFF73D
:10F130005FFF2046FFF75EFF73E7FFF759FF2046AA
:10F14000FFF758FF83E7FFF753FF2046FFF752FF13
:10F1500092E7FFF74DFF2046FFF74CFFA2E710BDF7
:10F16000304A0368904212D0B0F1804F0FD0A2F520
:10F170007C4290420BD002F58062904207D002F5AB
:10F180008062904203D002F57842904219D14A68D9
:10F1900023F070031343234A904229D0B0F1804FEB
:10F1A00026D0A2F57C42904222D002F580629042A5
:10F1B0001ED002F5806290421AD002F57842904249
:10F1C00016D0194A904213D002F5806290420FD0B7
:10F1D00002F5806290420BD0A2F59832904207D09F
:10F1E00002F58062904203D002F58062904203D122
:10F1F00023F44073CA6813434A6923F0800313431E
:10F2000003608B68C3620B688362064B984203D02D
:10F2100003F58063984201D10B69036301234361C5
:10F22000704700BF000001400040014010B5044697
:10F2300050B390F83D3003F0FF021BB980F83C203A
:10F24000FDF7CEFA02232068211D84F83D30FFF738
:10F2500087FF0123002084F8483084F83E3084F88A
:10F260003F3084F8403084F8413084F8423084F8EC
:10F27000433084F8443084F8453084F8463084F8CC
:10F28000473084F83D3010BD0120FCE710B50A433B
:10F29000846842EA032324F47F442343836010BD3F
:10F2A00070B590F83C3004460220012B18D00123A1
:10F2B000226884F83D0084F83C30494B9068034054
:10F2C00093600B68402B71D018D8102B0DD008D844
:10F2D0005BB10120012384F83D30002384F83C30E9
:10F2E00070BD202B01D0302BF3D1216843F00703F0
:10F2F0008A6822F0700213438B603CE0702B2FD0A1
:10F300001DD8502B39D0602BE3D123684D68186A83
:10F31000CE6820F01000186299691A6A21F47041D1
:10F3200022F0A00241EA063142EA051299611A620E
:10F330002268936823F0700343F067031AE0B3F583
:10F34000805F18D0B3F5005FC3D1CB682068D1E9E6
:10F350000121FFF79BFF2268936843F4804309E093
:10F36000CB682068D1E90121FFF790FF22689368FC
:10F3700043F0770393600020ACE723684868CE68C9
:10F38000196A1D6A21F00A0125F0010501431D6279
:10F390009A6922F0F00242EA06129A611962226822
:10F3A000936823F0700343F05703E3E7236848684A
:10F3B000CE68196A1D6A21F00A0125F00105014392
:10F3C0001D629A6922F0F00242EA06129A611962FD
:10F3D0002268936823F0700343F04703CAE700BF35
:10F3E0008800FEFF10B590F84130DBB2202B23D10E
:10F3F00090F84020012A1FD00122046880F84020A4
:10F40000242280F84120226822F001022260046850
:10F41000226822F48052226004682268114321602D
:10F4200001680A6842F001020A6080F84130002356
:10F4300080F84030184610BD0220FCE710B590F867
:10F440004120D2B2202A21D190F84030012B1DD08A
:10F450000123046880F84030242380F84130236879
:10F4600023F0010323600468236823F4706343EAF4
:10F470000121216001680B6843F001030B60002348
:10F4800080F8412080F84030184610BD0220FCE78B
:10F490001F2310B513F1FF3306D321FA03F4E40759
:10F4A000F8D5082A15D002D83AB101200EE0102A6A
:10F4B0000DD0182AF9D1062BF7D8036859610168D5
:10F4C00000208B6823F018031A438A6010BD072BB5
:10F4D000F2E70F2BF0E7704708B5FBF7A3FBBDE899
:10F4E0000840FBF723BBFBF79FBB00F108034FF07D
:10F4F000FF3243600361C0E90223002303607047C9
:10F5000000230361704743684B609A688A609A6879
:10F5100051609960086103680133036070470A68AD
:10F52000531C30B50AD103695A684A6091608B60F8
:10F530005960086103680133036030BD00F10803BE
:10F540005C6825689542EFD82346F9E7D0E90121A8
:10F5500003699160D0E9011251605A68824204BF88
:10F5600082685A60002202611A68013A1A601868BB
:10F57000704710B5044602F0C5F9A46B02F0E8F933
:10F58000B4FA84F0400910BD70B51546026C04460B
:10F59000866B42B905689DB9806801F0B1FAA56033
:10F5A0000136A66370BD6DB94068F9F7A1F96368CB
:10F5B000226C1344A2689342636001D323686360A2
:10F5C0000020EDE7C068F9F793F9236CE2685B422D
:10F5D00021681A448A42E2603EBFA2689B18E36039
:10F5E000022DEDD10EB1013EEAE73046D8E70346E1
:10F5F00008461A6C10B462B1D9689C681144A142E3
:10F60000D9605DF8044B24BF1968D960D968F9F74F
:10F610006FB95DF8044B704770B5044602F072F99B
:10F6200094F8455004F124066DB2002D14DCFF233C
:10F6300004F1100684F8453002F08AF902F062F90C
:10F6400094F844506DB2002D12DCFF2384F844304E
:10F65000BDE8704002F07CB9636A002BE7D0304609
:10F6600001F062F908B101F0EFF9013D6DB2DCE79C
:10F670002369002BE9D0304601F056F908B101F0BA
:10F68000E3F9013D6DB2DEE738B50D46044650B9E9
:10F690004FF0500372B683F31188BFF36F8FBFF33F
:10F6A0004F8F62B6FEE702F02DF92268D4E90F30E1
:10F6B00062604343D1181B1A1344A1600021E36028
:10F6C000FF23A16384F8443084F8453095B9236959
:10F6D00063B104F1100001F027F938B10A4B4FF083
:10F6E00080521A60BFF34F8FBFF36F8F02F030F973
:10F6F000012038BD04F11000FFF7F7FE04F12400EB
:10F70000FFF7F3FEF2E700BF04ED00E013B51C467F
:10F7100050B94FF0500372B683F31188BFF36F8F67
:10F72000BFF34F8F62B6FEE753B94FF0500372B686
:10F7300083F31188BFF36F8FBFF34F8F62B6FEE77D
:10F740005AB1B1B94FF0500372B683F31188BFF3C9
:10F750006F8FBFF34F8F62B6FEE751B14FF050038A
:10F7600072B683F31188BFF36F8FBFF34F8F62B60A
:10F77000FEE750230193019B502B0AD04FF050031A
:10F7800072B683F31188BFF36F8FBFF34F8F62B6EA
:10F79000FEE7002908BF2246019B0123226084F86E
:10F7A0004630C4E90F0119462046FFF76DFF9DF86A
:10F7B0001030204684F84C3002B010BDF8B50D462C
:10F7C0001746064650B94FF0500372B683F31188BE
:10F7D000BFF36F8FBFF34F8F62B6FEE748435030E1
:10F7E00001F054FF044660B1002380F8463055B95B
:10F7F000206001212046C4E90F65FFF745FF84F82A
:10F800004C702046F8BD00F150030360F1E713B5DA
:10F8100013460C4650B94FF0500372B683F311886B
:10F82000BFF36F8FBFF34F8F62B6FEE788420AD2F5
:10F830004FF0500372B683F31188BFF36F8FBFF39D
:10F840004F8F62B6FEE70222009200221146FFF7B8
:10F850005DFF00B1846302B010BD10B50C4650B915
:10F860004FF0500372B683F31188BFF36F8FBFF36D
:10F870004F8F62B6FEE788420AD24FF0500372B64D
:10F8800083F31188BFF36F8FBFF34F8F62B6FEE72C
:10F8900002220021FFF792FF00B1846310BD000037
:10F8A0002DE9FF47884601921F46044650B94FF0A4
:10F8B000500372B683F31188BFF36F8FBFF34F8F7E
:10F8C00062B6FEE761B9036C53B14FF0500372B6F4
:10F8D00083F31188BFF36F8FBFF34F8F62B6FEE7DC
:10F8E000022F0DD1E36B012B0AD04FF0500372B6FB
:10F8F00083F31188BFF36F8FBFF34F8F62B6FEE7BC
:10F9000001F0AEF860B9019E5EB14FF0500372B6DF
:10F9100083F31188BFF36F8FBFF34F8F62B6FEE79B
:10F9200000264FF00009DFF8E8A037E0019D1DB97F
:10F9300002F00EF8002050E016B902A801F038F8E5
:10F9400002F006F800F0BCFD01F0DCFF94F8443052
:10F95000FF2B01D184F8449094F84530FF2B01D15E
:10F9600084F8459001F0F4FF01A902A801F02CF8F9
:10F97000002846D101F0C6FFA26BE36B9A422FD15B
:10F9800001F0E6FF019904F1100000F091FF20461C
:10F99000FFF742FE00F034FE50B3012601F0B2FF43
:10F9A000A26BE36B9A4201D3022FBFD13A46414684
:10F9B0002046FFF7E9FD636A1BB104F1240000F063
:10F9C000B3FF38B1124B4FF080521A60BFF34F8F24
:10F9D000BFF36F8F01F0BCFF012004B0BDE8F087DA
:10F9E00001F0B6FF2046FFF717FE00F009FED4E74E
:10F9F0004FF08053CAF80030BFF34F8FBFF36F8FC3
:10FA0000CBE72046FFF708FE00F0FAFD92E700BFC3
:10FA100004ED00E000220B4613B5114600900120D2
:10FA2000FFF774FE044638B1002383601A46036072
:10FA30001946C360FFF734FF204602B010BD38B549
:10FA4000044650B94FF0500372B683F31188BFF3E8
:10FA50006F8FBFF34F8F62B6FEE7856800F0FAFF45
:10FA600085420AD1E368013BE36023B91A4619468F
:10FA70002046FFF715FF012000E0002038BD10B53B
:10FA8000024600210120FFF799FE044638B1002309
:10FA900083601A4603601946C360FFF701FF2046E2
:10FAA00010BD2DE9F843894690461F46044650B9DB
:10FAB0004FF0500372B683F31188BFF36F8FBFF31B
:10FAC0004F8F62B6FEE761B9036C53B14FF050033C
:10FAD00072B683F31188BFF36F8FBFF34F8F62B697
:10FAE000FEE7022F0DD1E36B012B0AD04FF050033C
:10FAF00072B683F31188BFF36F8FBFF34F8F62B677
:10FB0000FEE702F007F8EFF311864FF0500372B6EC
:10FB100083F31188BFF36F8FBFF34F8F62B6A26B71
:10FB2000E36B9A4201D3022F22D194F845503A4612
:10FB3000494620466DB2FFF727FD6B1C13D1636A5F
:10FB40000BB901200BE004F1240000F0EDFE0028C9
:10FB5000F7D0B8F1000FF4D00120C8F8000086F308
:10FB60001188BDE8F88301356DB284F84550E8E7A7
:10FB70000020F4E770B50D46044650B94FF050032D
:10FB800072B683F31188BFF36F8FBFF34F8F62B6E6
:10FB9000FEE7036C53B14FF0500372B683F3118844
:10FBA000BFF36F8FBFF34F8F62B6FEE7036863B991
:10FBB000836853B14FF0500372B683F31188BFF3DB
:10FBC0006F8FBFF34F8F62B6FEE701F0A3FFEFF335
:10FBD00011864FF0500372B683F31188BFF36F8F15
:10FBE000BFF34F8F62B6A26BE36B93421CD994F8BC
:10FBF000453001325BB2A2635A1C10D1636A0BB963
:10FC0000012009E004F1240000F08EFE0028F7D066
:10FC1000002DF5D00120286086F3118870BD0133D6
:10FC20005BB284F84530EBE70020F5E72DE9F043BF
:10FC300085B00F460446019250B94FF0500372B69A
:10FC400083F31188BFF36F8FBFF34F8F62B6FEE768
:10FC500061B9036C53B14FF0500372B683F311884E
:10FC6000BFF36F8FBFF34F8F62B6FEE700F0F8FE71
:10FC700060B9019E5EB14FF0500372B683F31188F4
:10FC8000BFF36F8FBFF34F8F62B6FEE700264FF0D2
:10FC90000008DFF8E0903BE0019D1DB901F058FE3F
:10FCA000002052E016B902A800F082FE01F050FEDA
:10FCB00000F006FC01F026FE94F84430FF2B01D141
:10FCC00084F8448094F84530FF2B01D184F84580B6
:10FCD00001F03EFE01A902A800F076FE00283DD109
:10FCE0002046FFF746FC98B3019904F1240000F088
:10FCF000DFFD2046FFF790FC00F082FC38B94FF0A2
:10FD00008053C9F80030BFF34F8FBFF36F8F0126C8
:10FD100001F0F8FDA56B002DBED0013D394620460F
:10FD2000FFF765FCA563236963B104F1100000F0DF
:10FD3000FBFD38B10F4B4FF080521A60BFF34F8F6D
:10FD4000BFF36F8F01F004FE012005B0BDE8F08322
:10FD50002046FFF761FC00F053FCD8E72046FFF790
:10FD60005BFC00F04DFC2046FFF703FC0028CED0E2
:10FD700096E700BF04ED00E02DE9FF410446019144
:10FD800050B94FF0500372B683F31188BFF36F8FF1
:10FD9000BFF34F8F62B6FEE7056C55B14FF05003CD
:10FDA00072B683F31188BFF36F8FBFF34F8F62B6C4
:10FDB000FEE700F055FE60B9019D55B14FF05003CC
:10FDC00072B683F31188BFF36F8FBFF34F8F62B6A4
:10FDD000FEE72E460027DFF8308151E0019B73B922
:10FDE00055B14FF0500372B683F31188BFF36F8F94
:10FDF000BFF34F8F62B6FEE701F0AAFD5EE016B9D1
:10FE000002A800F0D5FD01F0A3FD00F059FB01F0C0
:10FE100079FD94F84430FF2B01D184F8447094F8B4
:10FE20004530FF2B01D184F8457001F091FD01A907
:10FE300002A800F0C9FD00284AD12046FFF799FB2F
:10FE400000283FD023683BB901F05CFDA06800F0BA
:10FE500017FE054601F07CFD019904F1240000F035
:10FE600027FD2046FFF7D8FB00F0CAFB38B94FF05A
:10FE70008053C8F80030BFF34F8FBFF36F8F012658
:10FE800001F040FDA36B002BA8D0013BA3632368C6
:10FE900013B900F0CDFEA060236963B104F1100036
:10FEA00000F042FD38B1184B4FF080521A60BFF39A
:10FEB0004F8FBFF36F8F012501F04AFD284604B034
:10FEC000BDE8F0812046FFF7A7FB00F099FBD6E7DD
:10FED0002046FFF7A1FB00F093FB2046FFF749FB0C
:10FEE0000028CCD0002DE9D001F00CFD616A19B1D9
:10FEF000236B1968C1F13801A068002500F046FEA7
:10FF000001F026FDDAE700BF04ED00E070B50D4614
:10FF1000044650B94FF0500372B683F31188BFF313
:10FF20006F8FBFF34F8F62B6FEE7866800F092FDD9
:10FF3000864204D1E36801200133E36070BD2946A5
:10FF40002046FFF719FF0028F8D0E3680133E3608B
:10FF5000F4E72DE9F84389469046054650B94FF03D
:10FF6000500372B683F31188BFF36F8FBFF34F8FC7
:10FF700062B6FEE761B9036C53B14FF0500372B63D
:10FF800083F31188BFF36F8FBFF34F8F62B6FEE725
:10FF900001F0C0FDEFF311874FF0500372B683F309
:10FFA0001188BFF36F8FBFF34F8F62B6AC6B1CB37A
:10FFB00095F8446049462846013C76B2FFF717FBA6
:10FFC000AC63731C13D12B690BB901200BE005F155
:10FFD000100000F0A9FC0028F7D0B8F1000FF4D011
:10FFE0000120C8F8000087F31188BDE8F8830136C6
:10FFF00076B285F84460E8E72046F4E70023074A34
:020000040801F1
:1000000030B552F8335002EBC3041DB942F8331037
:10001000606030BD0133082BF3D1FAE7AC6C0120EE
:100020000023084A10B502EBC3014C68844204D196
:10003000002042F83300486010BD0133082BF2D194
:10004000FAE700BFAC6C012010B5044650B94FF080
:10005000500372B683F31188BFF36F8FBFF34F8FD6
:1000600062B6FEE7FFF7DCFF94F8463023B920467E
:10007000BDE8104001F09EBB10BD70B504460D46B2
:10008000164601F03FFC94F84430FF2B02D10023C8
:1000900084F8443094F84530FF2B02D1002384F8D3
:1000A000453001F055FCA36B2BB93246294604F1CB
:1000B000240000F019FC2046BDE87040FFF7ACBA00
:1000C0002DE9F041044601F01DFC2E4B2E4D1A681F
:1000D0002E4F01321A602E68002E48D12C601B680A
:1000E000012B1FD14FF0140808FB06700136FFF7F3
:1000F000FCF9382EF8D1DFF8C080254E4046FFF7D6
:10010000F4F93046FFF7F1F92248FFF7EEF92248FB
:10011000FFF7EBF92148FFF7E8F9214BC3F800801E
:10012000204B1E60204A1368013313601F4A63642A
:100130001168E36A8B4200D913601420211D00FB73
:100140000370FFF7E0F901F003FC194B1B6863B182
:100150002B68DA6AE36A9A4207D2164B4FF0805254
:100160001A60BFF34F8FBFF36F8FBDE8F081104B64
:100170001B68002BD6D12B68DA6AE36A9A42D1D881
:100180002C60CFE7682A0020FC25002008260020EC
:10019000942A0020B02A0020DC2A0020C82A00204F
:1001A0000026002004260020782A00207C2A002037
:1001B000C42A002004ED00E0802A002010B5044687
:1001C00058302AF073F994F885343BB9206B01F06C
:1001D000F1FA2046BDE8104001F0ECBA012BF8D04E
:1001E000022B0AD04FF0500372B683F31188BFF38D
:1001F0006F8FBFF34F8F62B6FEE710BD80B5144E10
:10020000144F154C154D23686BB9154B1B68012B0A
:1002100006D94FF080533B60BFF34F8FBFF36F8F12
:10022000FCF76AFBEDE701F06DFBF368D3F80C8097
:1002300008F10400FFF78AF92B68013B2B60236863
:10024000013B236001F084FB4046FFF7B7FFDAE78C
:10025000DC2A002004ED00E06C2A0020682A00203F
:1002600008260020064A13681968064B19B94FF092
:10027000FF321A6070471268D268D2685268F8E795
:1002800000260020A82A00202DE9F0474FEA820925
:1002900007460D46A5214A469846A9F10409DDE91D
:1002A0000964206B29F0AAFE236B994429F0070901
:1002B000002D53D06B1E04F134020F3513F8011FCB
:1002C00002F8011B197809B1AB42F7D1002384F879
:1002D0004330089D4FF0000A201D372DC4F850A070
:1002E00028BF3725E562E564C5F13805FFF708F951
:1002F00004F11800FFF704F9C4F880A44FF48562F4
:100300005146246104F15800A5616462C4F854A008
:1003100084F884A429F072FE04F5517342463946EC
:10032000E36504F56B734846236604F21443636681
:100330000123C4F800310B4BC4F808310A4BC4F850
:100340000C310A4BC4F810310B23A4F8143101F01E
:10035000AFFA206006B13460BDE8F08784F834500D
:10036000B7E700BF0E33CDAB34126DE6ECDE05000F
:10037000F8B5164B0546164E0F461C68306804301B
:10038000FFF7E4F86B1C334607D137B131681148E9
:100390000431BDE8F840FFF7B6B864191A68546034
:1003A00007D30D4A10681968BDE8F8400431FFF71B
:1003B000B6B80A4A106819680431FFF7B0F8084B5C
:1003C0001A68A24200D91C60F8BD00BFF02A0020C4
:1003D000FC250020C82A002004260020002600203A
:1003E000A82A002070B586B0DDE90B5455B94FF04E
:1003F000500372B683F31188BFF36F8FBFF34F8F33
:1004000062B6FEE754B94FF0500372B683F3118819
:10041000BFF36F8FBFF34F8F62B6FEE74FF4916665
:100420000596059EB6F5916F0AD04FF0500372B64F
:1004300083F31188BFF36F8FBFF34F8F62B6FEE770
:1004400025630225059E84F8855404AD0294019528
:100450000A9D0095FFF718FF2046FFF731FE04982C
:1004600006B070BD2DE9F043074685B09000884680
:100470001646994601F00AF90546F0B14FF491602D
:1004800001F004F90446A8B1002305633246414651
:1004900080F885340D9B0290384601930C9B0093A5
:1004A0004B46FFF7F1FE2046FFF70AFE012005B09C
:1004B000BDE8F083284601F07DF94FF0FF30F6E704
:1004C000024A136801331360704700BF742A00208A
:1004D000014B1868704700BFF02A00202DE9F84F43
:1004E0003C4B1B68002B6DD13B4B1C6801341C60DE
:1004F000CCB93A4B1A68126852B14FF0500372B639
:1005000083F31188BFF36F8FBFF34F8F62B6FEE79F
:10051000334A1968106818601160324A1368013351
:100520001360FFF79FFE304D4FF0000B2F4F2B68ED
:10053000A34211D93A682E4BD16A14224A439A58E1
:10054000022A28BF4FF0010B2A4A1268002A0CBF6A
:1005500058460120BDE8F88FDFF88090DFF89CA0B6
:10056000D9F8002012681AB94FF0FF322A60E1E78B
:10057000D9F80020D268D66871688C4201D229600F
:10058000D8E706F104084046FEF7E0FFB16A19B16A
:1005900006F11800FEF7DAFFF06ADAF80010884278
:1005A00001D9CAF800001422114B414602FB003069
:1005B000FEF7A9FF3868F16AC26A914228BF4FF07E
:1005C000010BCDE70C4A4FF0000B136801331360A9
:1005D000BAE700BF742A0020F02A0020002600207D
:1005E00004260020AC2A0020A82A0020FC25002098
:1005F00008260020F42A0020702A00207C2A0020EF
:100600002DE9F041304C236853B94FF0500372B6D6
:1006100083F31188BFF36F8FBFF34F8F62B6FEE78E
:1006200001F070F92368013B236024682CB1002499
:1006300001F08EF92046BDE8F081244B1B68002BA9
:10064000F5D0234D234EDFF8A0801DE0EB68DC6879
:10065000271D04F11800FEF779FF3846FEF776FFF4
:10066000E36A3268934200D933601420394600FBB4
:100670000380FEF748FF184BE26A1B68DB6A9A4268
:1006800002D3164B01221A602B68002BDED10CB16D
:10069000FFF7E8FD124D2C6844B1104E0127FFF71B
:1006A0001DFF00B13760013CF9D12C600B4B1B687A
:1006B000002BBCD00B4B4FF080521A60BFF34F8F12
:1006C000BFF36F8F0124B3E7742A0020682A00204B
:1006D000B02A00207C2A0020FC250020F42A0020DB
:1006E000702A002004ED00E00826002008B540B97B
:1006F0000F4B4FF080521A60BFF34F8FBFF36F8FD5
:1007000008BD0C4B196851B14FF0500372B683F31A
:100710001188BFF36F8FBFF34F8F62B6FEE7FFF70D
:10072000CFFEFFF725FEFFF76BFF0028E0D0E7E7DD
:1007300004ED00E0742A002038B50D46044608B9DF
:10074000044B1C6801F0DEF86565BDE8384001F037
:10075000FFB800BFFC25002008B9044B1868436DA2
:100760000BB1084618471846704700BFFC2500200B
:1007700010B588B0002407AA06A905A8CDE905444C
:1007800000F046FF059B079A0293069B1B491C48F5
:10079000CDE900432346FFF725FE00B300F0A6FA9B
:1007A00001281ED14FF0500372B683F31188BFF3B6
:1007B0006F8FBFF34F8F62B6124A134913685833D5
:1007C0000B604FF0FF31114B19602146104B186040
:1007D000104B1C601068FFF7BFFF01F035F908B03F
:1007E00010BD0130FBD14FF0500372B683F3118876
:1007F000BFF36F8FBFF34F8F62B6FEE71C1C040878
:10080000FD010108FC250020CC000020A82A0020C2
:10081000C42A0020F02A0020F8B51F4B1A681F4B8D
:1008200012B101221A60F8BD1D4C01211A60206826
:10083000FFF792FF1B4E1C4A4FF0140C336817460B
:100840000CFB03F155585018C5B1456808316D6867
:100850000A4400219542456004BF6A684260142240
:1008600002FB03725268D268226033602068FFF78F
:1008700073FF23680D4A58331360D4E753B94FF020
:10088000500372B683F31188BFF36F8FBFF34F8F9E
:1008900062B6FEE7013BD3E7742A0020F42A002069
:1008A000FC2500207C2A002008260020CC00002007
:1008B00010B50C4650B94FF0500372B683F311884F
:1008C000BFF36F8FBFF34F8F62B6FEE7054B19681A
:1008D0001831FEF724FE20460121BDE81040FFF745
:1008E00047BD00BFFC25002038B50D46144650B961
:1008F0004FF0500372B683F31188BFF36F8FBFF3CD
:100900004F8F62B6FEE7074B19681831FEF7FBFD03
:10091000002C21460CBF28464FF0FF30BDE8384080
:10092000FFF726BDFC25002038B5C368DC6854B944
:100930004FF0500372B683F31188BFF36F8FBFF38C
:100940004F8F62B6FEE704F118052846FEF7FEFD5C
:10095000114B1B68D3B9251D2846FEF7F7FD0F4A3A
:10096000E36A11688B4200D913600D4A14202946AE
:1009700000FB0320FEF7C7FD0A4BE26A1B68DB6A37
:100980009A4206D90120084B186038BD294607480D
:10099000F0E70020F9E700BF742A00207C2A00203D
:1009A00008260020FC250020F42A0020B02A002080
:1009B000034B1B680360034B1B684360704700BF19
:1009C000AC2A0020F02A0020F8B50C46054650B9A4
:1009D0004FF0500372B683F31188BFF36F8FBFF3EC
:1009E0004F8F62B6FEE751B94FF0500372B683F3F2
:1009F0001188BFF36F8FBFF34F8F62B6FEE700F031
:100A000081FF0F4B6868196823680A1A5E1C0DD0B5
:100A10000C4E2F683668B74201D088420DD99342F8
:100A200009D99B1A28462360FFF7C2FF002400F073
:100A30008FFF2046F8BD002323600124F7E700BFA5
:100A4000F02A0020AC2A0020014B01221A607047D6
:100A5000F42A0020014B1868704700BFFC250020D5
:100A6000054B1B6833B1054B1B68002B0CBF0220E4
:100A70000020704701207047C42A0020742A0020FB
:100A8000F8B5044640B31B4AC36A11681646C96AE2
:100A90008B4226D28269002A04DB3268D26AC2F114
:100AA000380282611422144D02FB035362699A4298
:100AB00013D1271D3846FEF749FD33680F4ADB6A1C
:100AC0001168E3628B4200D913601420394600FBA1
:100AD0000350FEF718FD0120F8BD3368DB6AE362BE
:100AE000F9E71368C06CDC6AA0422CBF002001202B
:100AF000F2E700BFFC250020082600207C2A002009
:100B000038B508B9002038BD1D4B1C6884420AD096
:100B10004FF0500372B683F31188BFF36F8FBFF3AA
:100B20004F8F62B6FEE7236D53B94FF0500372B694
:100B300083F31188BFF36F8FBFF34F8F62B6FEE769
:100B4000E16A013BE26C23659142DBD0002BD9D1F5
:100B5000251D2846FEF7FAFCE36CC3F13802E36278
:100B6000A261084A11688B4200D91360064A14201A
:100B7000294600FB0320FEF7C6FC0120C3E700BFA7
:100B8000FC2500207C2A00200826002070B50446A1
:100B9000002846D0026D52B94FF0500372B683F36D
:100BA0001188BFF36F8FBFF34F8F62B6FEE7C36C40
:100BB000994238BF1946C36A8B4232D0012A30D1DC
:100BC000184A126882420AD14FF0500372B683F37A
:100BD0001188BFF36F8FBFF34F8F62B6FEE7826954
:100BE000114D002A4FF01402C16202FB0353A8BF4B
:100BF000C1F138014269A8BF81619A4211D1061D35
:100C00003046FEF7A3FC094AE36A11688B4200D91B
:100C100013601420314600FB0350BDE87040FEF71E
:100C200072BC70BDFC250020082600207C2A002014
:100C3000044B1A681AB119680A6D01320A651868FE
:100C4000704700BFFC250020F7B5114C00F05AFE9C
:100C50002568BDB90F4F104E3846FEF746FC3046AA
:100C6000FEF743FC0D4B0E4A10211F600A200D4B6E
:100C70001E6000950C4BFEF749FD206010B10B493A
:100C8000FFF7BCF903B0BDE8F04000F061BE00BF63
:100C90001C2C0020A02B0020B42B0020F82A0020C0
:100CA000002B0020FC2A0020CC2B0020211C040853
:100CB000914208B5416000610AD8D21A83699A420C
:100CC0000DD2011D074B1868FEF729FC002008BD56
:100CD0009A4201D2994202D2011D034BF3E701204F
:100CE000F5E700BFFC2A0020F82A002010B588B0E4
:100CF000FFF7AAFF134B1B68B3B1002407AA06A98C
:100D000005A8CDE9054400F08FFC059B079A0293E6
:100D1000069B0D49019302230C4800932346FFF7DD
:100D200061FB0B4B186050B94FF0500372B683F360
:100D30001188BFF36F8FBFF34F8F62B6FEE70120BC
:100D400008B010BD1C2C0020261C0408350E01081C
:100D5000202C002030B5154685B01A46034650B900
:100D60004FF0500372B683F31188BFF36F8FBFF358
:100D70004F8F62B6FEE70D4C206878B105290293CB
:100D8000CDE900150CDCFFF76BFE00230228694655
:100D900020680CBF089A1A46FEF782FD05B030BDE8
:100DA00000236946FEF77DFEF8E700BF1C2C0020FB
:100DB0002DE9F3411D4D4FF000082B681A6832B938
:100DC0001B4A11681360296002B0BDE8F081DB683E
:100DD000DC681E68271D3846FEF7B8FB236A2046EC
:100DE000984794F828305B07E7D5A36933449E42BF
:100DF00006D26360394624612868FEF790FBDCE781
:100E00000023CDF80080324620461946FFF7A2FFA6
:100E10000028D2D14FF0500372B683F31188BFF38C
:100E20006F8FBFF34F8F62B6FEE700BFF82A002036
:100E3000FC2A00202DE9F04F844D87B0DFF818829E
:100E40002F462A68136853B3D3680024D3F8009060
:100E5000DFF808B2FFF734FBFFF73AFB8246DBF816
:100E600000305E4698421DD3CBF800002CB3784B7F
:100E70001B681A68B2FA82F25209764BA9EB0A0192
:100E80001868FFF7FAF8FFF7BBFB88B94FF08053FB
:100E9000C8F80030BFF34F8FBFF36F8F08E0012415
:100EA0009946D5E7FFF784FFCBF800A0FFF7A8FB32
:100EB000DFF8A0914FF0000A83E0814532D8FFF7B8
:100EC0009FFB3B68DB68D3F80CB00BF10400FEF726
:100ED0003DFB9BF8283058071BD5DBF818104B4614
:100EE000524658464944FFF7E3FEB0B1009423460A
:100EF0004A4621465846FFF72DFF70B94FF0500380
:100F000072B683F31188BFF36F8FBFF34F8F62B652
:100F1000FEE723F001038BF82830DBF82030584639
:100F20009847C5E72246A8E794F828305A46A169B1
:100F3000204643F0010384F82830039B1944FFF74F
:100F4000B7FE00283DD0236A2046984794F8283001
:100F5000590736D5A269002303992046CDF800A091
:100F60000A441946FFF7F6FE58BB4FF0500372B61D
:100F700083F31188BFF36F8FBFF34F8F62B6FEE725
:100F800094F8283023F0010384F8283019E094F80D
:100F90002830039943F00103A16184F8283051B946
:100FA0004FF0500372B683F31188BFF36F8FBFF316
:100FB0004F8F62B6FEE75B465A4659442046FFF71C
:100FC00077FE002202A9D9F80000FEF72FFE0028C4
:100FD0003FF437AF029B002B03DA039BDDE90401EA
:100FE0009847029B002BECDB049C636913B1201D26
:100FF000FEF7ACFAFFF76CFA33688346984201D2E9
:10100000FFF7D6FE029BC6F800B0092BD9D801A283
:1010100052F823F0290F0108290F0108290F0108B0
:10102000810F01088F0F01083D100108290F0108E9
:10103000290F0108810F01088F0F010894F828304B
:101040009A079FD4204600F0B5FBBAE7F82A0020A3
:10105000FC2A00201C2C002004ED00E0C82B0020FE
:10106000EFF3058313B16FF005007047EFF31082C3
:10107000074B12B9EFF3118212B11A68022AF2D0AB
:10108000186810B901221A6070474FF0FF3070479E
:10109000B032002008B5EFF3058313B16FF00500FF
:1010A00008BDEFF310820A4B12B9EFF3118212B1AF
:1010B0001A68022AF2D01A68012A05D102221A609F
:1010C000FFF756FB0020EBE74FF0FF30E8E700BFEB
:1010D000B0320020F0B5144687B000220B460592CE
:1010E000EFF3058232BBEFF3108212B9EFF31182F6
:1010F0001AB1224A1268022A1CD0D8B1002C36D06C
:10110000A5692168002D08BF18256A1E2F46372AB9
:1011100031D86268D2072ED4666976B1B208D4E9B4
:1011200002CEBCF1000F0AD0BEF5916F02D3246944
:1011300004B1AEB9059807B0F0BD8022EFE7BEF16B
:10114000000FF7D12469002CF4D105AC92B2CDE99F
:101150000074FFF787F901281CBF00230593E9E716
:10116000CDE9014C0095FFF73DF90590E2E718271E
:1011700080222146E9E70020DDE700BFB0320020F1
:1011800008B5EFF3058313B16FF0050008BDEFF369
:10119000108313B9EFF311831BB1054B1B68022BAE
:1011A000F2D00028F2D0FFF7A1FA0020EEE700BF4E
:1011B000B032002070B50446EFF3058313B100256B
:1011C000284670BDEFF3108212B9EFF311821AB105
:1011D000184A1268022AF2D004B1636803F00106CB
:1011E0001B07ECD4B4B1D4E9021389B14F2BE6D973
:1011F000DEB10420FEF70EFC05460028DFD0216892
:101200002846FEF7FBFE002EDAD045F00105D7E7B1
:10121000002BD4D15EB10420FEF731FC0546002836
:10122000CDD0002CEBD12146EAE70120E2E70120F6
:10123000F2E700BFB0320020034620F0010010B5F5
:1012400003F001030C46EFF3058212B16FF00500C5
:1012500010BDEFF3108212B9EFF311821AB10D4AEB
:101260001268022AF2D088B1214663B1FEF74EFE21
:10127000012801D10020EBE7002C14BF6FF0010022
:101280006FF00200E4E7FEF777FDF1E76FF003008F
:10129000DEE700BFB032002008B5034620F00100B1
:1012A00003F00103EFF3058212B16FF0050008BDF2
:1012B000EFF3108212B9EFF311821AB10A4A1268E1
:1012C000022AF2D068B13BB1FEF7B9FB01280CBF8E
:1012D00000206FF00200EAE71A461946FEF7E0FA2E
:1012E000F4E76FF00300E2E7B032002073B50E467A
:1012F0001546EFF305831BB10024204602B070BDF4
:10130000EFF3108313B9EFF311831BB1214B1B686B
:10131000022BF1D00028EFD0B042EDD3EDB1D5E9EA
:101320000232C3B14F2AE7D9012826D10322009205
:1013300000221146FEF7EAF904460028DCD0CEB1BF
:1013400000231A461946FEF7ABFA012812D02046B0
:10135000FEF77AFED0E7002ACED1012804D103227D
:101360000021FEF72BFAE7E73146FEF776FA04464E
:101370000028C1D045B9294607E01A463146FEF794
:1013800046FA04460028B7D029682046FEF736FE04
:10139000B3E700BFB032002013B50C4618B96FF0A8
:1013A000030002B010BDEFF305836BB1002CF6D142
:1013B00002AA214642F8044DFEF7CBFD012813D1C5
:1013C000019BA3B90020ECE7EFF3108313B9EFF30F
:1013D00011831BB10C4B1B68022BE7D02146FEF793
:1013E000CBFC0128EED05CB96FF00200D9E7074BC7
:1013F0004FF080521A60BFF34F8FBFF36F8FE1E75A
:101400006FF00100CDE700BFB032002004ED00E036
:1014100013B568B3EFF3058353B102A9002441F873
:10142000044DFEF7A7FB012814D06FF0020014E072
:10143000EFF3108313B9EFF311831BB10E4B1B684D
:10144000022BEAD000231A461946FEF729FA012892
:1014500002D0EAE7019B13B9002002B010BD074B90
:101460004FF080521A60BFF34F8FBFF36F8FF3E7D7
:101470006FF00300F1E700BFB032002004ED00E0A0
:1014800073B51446EFF305831BB10025284602B05F
:1014900070BDEFF3108313B9EFF311831BB11A4B37
:1014A0001B68022BF1D00028EFD00029EDD004B347
:1014B000D4E90232ABB14F2AE7D92269002AE4D03D
:1014C00001FB00F56669AE42DFD300250095FEF70B
:1014D0001DF905460028D8D021682846FEF78EFD64
:1014E000D4E7002AD1D12369002BCED16369002B28
:1014F000CBD10022FEF762F905460028C5D0002CAA
:10150000EAD12146E9E700BFB032002013B51C46FE
:10151000EFF3058323B1D8B96FF0030002B010BD1B
:10152000EFF3108313B9EFF311831BB1164B1B6854
:10153000022BF0D00028EFD00029EDD00023224666
:10154000FEF7AEF9012811D0DCB96FF00200E5E733
:101550000029E1D0002CDFD102AA234642F8044D35
:10156000FEF79FFA0128F0D1019B0BB90020D5E7C7
:10157000064B4FF080521A60BFF34F8FBFF36F8F4F
:10158000F4E76FF00100C9E7B032002004ED00E09D
:1015900013B51C46EFF3058323B1D0B96FF00300F8
:1015A00002B010BDEFF3108313B9EFF311831BB139
:1015B000154B1B68022BF0D00028EFD00029EDD08E
:1015C0002246FEF733FB012810D0D4B96FF0020099
:1015D000E6E70029E2D0002CE0D102AA42F8044D4F
:1015E000FEF7B7FC0128F1D1019B0BB90020D7E72A
:1015F000064B4FF080521A60BFF34F8FBFF36F8FCF
:10160000F4E76FF00100CBE7B032002004ED00E01A
:10161000034B0360034B0B6080231360704700BFD4
:10162000282E0020242C0020034B0360034B0B606A
:101630004FF4807313607047B8360020B432002036
:10164000104B10B51A68824219D35C681919884288
:1016500001BF416818460919596041684418A242FF
:1016600008D1094C2468A24204D052680A4442605E
:101670001A6812689842026018BF186010BD1346BD
:10168000E0E700BF48600120403B00202DE9F04129
:101690000446FEF715FF3F493F4D0B68F3B93F4A3B
:1016A000002056073E4E1BBF07323E4B3E4B22F0FA
:1016B0000702706018BF9B1A32601344083B23F086
:1016C0000703C3E90000981A0B60C2E90030374BEA
:1016D0001860374B18604FF000432B602F6827428B
:1016E00052D1002C41D004F1080358071CBF23F04D
:1016F00007030833002B47D02D4A166890469E42B8
:1017000042D3274A15686868984201D22868B8B958
:101710000968A94238D02968146811606A68D21A29
:10172000102A14D9E81841070DD04FF0500372B6B3
:1017300083F31188BFF36F8FBFF34F8F62B6FEE75D
:101740002A460546DFE742606B60FFF779FF6B686A
:1017500008341649F61A1F4308680023C8F80060C9
:1017600086426F602B6038BF0E60FEF749FF63074B
:101770000CD04FF0500372B683F31188BFF36F8F14
:10178000BFF34F8F62B6FEE70024EEE72046BDE8C8
:10179000F08100BF403B00203C600120443B002022
:1017A000486001203C600120F824010044600120D1
:1017B0004060012010B50446002832D0194A50F884
:1017C000043C126813420AD14FF0500372B683F3FF
:1017D0001188BFF36F8FBFF34F8F62B6FEE750F8EB
:1017E000081C51B14FF0500372B683F31188BFF358
:1017F0006F8FBFF34F8F62B6FEE723EA020340F814
:10180000043CFEF75DFE084A54F8043CA4F10800CD
:1018100011680B441360FFF713FFBDE81040FEF79B
:10182000EFBE10BD3C60012040600120002382B06B
:1018300001930F4B1B6801330AD04FF0500372B66F
:1018400083F31188BFF36F8FBFF34F8F62B6FEE74C
:101850004FF0500372B683F31188BFF36F8FBFF35D
:101860004F8F62B6019B002BFCD002B0704700BFC7
:101870001800002008480068006880F308884FF0CE
:10188000000080F3148862B661B6BFF34F8FBFF3D8
:101890006F8F00DF00BF000008ED00E0DFF80C00F4
:1018A000016841F4700101607047000088ED00E0BC
:1018B0004FF0807321F0010140F8202C443803647C
:1018C000034BC16383636FF002030362704700BF81
:1018D0002D180108000000000000000000000000BA
:1018E000074B19680868B0E8F04F80F30988BFF328
:1018F0006F8F4FF0000080F311887047AFF30080C6
:10190000FC2500204FF0500372B683F31188BFF31B
:101910006F8FBFF34F8F62B60B4A13680133012BF1
:1019200013600FD1094B1B6813F0FF0F0AD04FF063
:10193000500372B683F31188BFF36F8FBFF34F8FDD
:1019400062B6FEE7704700BF1800002004ED00E01B
:10195000094A136853B94FF0500372B683F31188E4
:10196000BFF36F8FBFF34F8F62B6FEE7013B13608B
:101970000BB983F3118870471800002000000000A5
:10198000EFF30980BFF36F8F154B1A681EF0100F2D
:1019900008BF20ED108A20E9F04F10602DE9090002
:1019A0004FF0500072B680F31188BFF34F8FBFF332
:1019B0006F8F62B6FEF730FF4FF0000080F31188A2
:1019C00009BC19680868B0E8F04F1EF0100F08BF96
:1019D000B0EC108A80F30988BFF36F8F704700BFA7
:1019E000FC25002008B54FF0500372B683F3118830
:1019F000BFF36F8FBFF34F8F62B6FEF76FFD18B165
:101A0000034B4FF080521A60002383F3118808BD06
:101A100004ED00E00023084A084913600B604FF40E
:101A20007A71074B1B68B3FBF1F30649013B0B606E
:101A300007231360704700BF10E000E018E000E0EB
:101A40000C00002014E000E02C4B13B51A780021A4
:101A5000D2B20192FF221A701B78294ADBB28DF8AC
:101A600003309DF8033003F0500313700722254B19
:101A70001A609DF80300541E00060FD401B11A60CD
:101A80001A68032A13D04FF0500372B683F31188FB
:101A9000BFF36F8FBFF34F8F62B6FEE79DF8032051
:101AA00001215200D2B28DF803202246E1E7120252
:101AB000002402F4E0621A60019B104ADBB213704A
:101AC000114B1A6842F470021A601A6842F07042B0
:101AD0001A60FFF79FFF0D4B1C60FFF7DFFE0C4AFB
:101AE000136843F040431360FFF7C4FEFEF794FE13
:101AF000FFF79CFE204602B010BD00BF00E400E0EE
:101B0000506001205460012020ED00E0180000200A
:101B100034EF00E0EFF305830F2B10D9124A9B5CE2
:101B2000124A12789A420AD94FF0500372B683F3E0
:101B30001188BFF36F8FBFF34F8F62B6FEE70C4B78
:101B40000C4A1B68126803F4E06393420AD94FF011
:101B5000500372B683F31188BFF36F8FBFF34F8FBB
:101B600062B6FEE7704700BFF0E300E0506001207E
:101B70000CED00E05460012000B54FF4807395B087
:101B80004FF080720C9305230F92012206930023DD
:101B9000019206A90B9313930093CDE90323CDE99A
:101BA0000D33CDE9113310236A4602934FF48003BD
:101BB000059303460448FCF787FB003018BF01205B
:101BC00015B05DF804FB00BFEC6C012000B54FF4CC
:101BD000807395B041F2883217480C93062306A90A
:101BE00006930023CDE90D330F930B931393CDE9A7
:101BF0001133FCF726FBE0B9022301224FF48001E8
:101C000004900D48CDE900331023CDE902320523BD
:101C10006A46CDE905134FF0807306A90F9341F290
:101C20008833FCF751FB003018BF012015B05DF878
:101C300004FB0120FAE700BFEC6C012000B54FF473
:101C4000807391B04FF040720F480893EB2302A9C4
:101C500002934FF4406309934FF40053059300231C
:101C6000CDE90A320A220F930193079210AA42F893
:101C7000403DCDE90D33FCF77CFB003018BF01205F
:101C800011B05DF804FB00BFEC6C0120454B012155
:101C9000F0B59A6B8DB0444D092442F0020204273E
:101CA000284600269A639A6B02F002020092009A7C
:101CB0009A6942F002029A619A6922F002029A61DC
:101CC0001A6B42F002021A631A6B02F002020192CE
:101CD000019A1A6B42F002021A631A6B02F00202B6
:101CE0000292029A1A6B42F008021A631A6B02F00F
:101CF00008020392039A1A6B42F008021A631A6BE5
:101D000002F008020492049A1A6B42F010021A635D
:101D10001A6B02F010020592059A1A6B42F0080243
:101D20001A6340221B6B03F008030693069B0223F1
:101D3000CDE907230323CDE909130A2307A90B9350
:101D4000FCF73CFE07A92846079709960B94FCF779
:101D500035FE4FF4006307A90B941D4407932846F2
:101D6000FCF72CFE4FF4805307A9284607930B94E9
:101D7000FCF724FE07A90D4807970B94FCF71EFEFD
:101D80004FF4005307A928460B940793FCF716FE5F
:101D900032460F215C20FCF7E3FC5C20FCF712FDCF
:101DA0000DB0F0BD003802400004024000100240B7
:101DB000F0B54A4C91B04A4B20462360FCF72EFA0E
:101DC000054618B10125284611B0F0BD0146204650
:101DD000FFF75CFF012604234FF08077C4E901631D
:101DE0001023E36097FAA7F3B3FA83F32046013B8D
:101DF00023614FF4A063C4E90755C4E90535FCF736
:101E0000B9F90028DED14FF4807566230B9041F2BA
:101E10008832079002A90F9008950293CDE9090036
:101E2000CDE90D002046FCF70CFA08B10425CAE7FD
:101E3000992341F2883202A920460293FCF701FA65
:101E40000028F3D141F28830FFF796FE0028EDD14B
:101E50008523079041F2883202A9089502930B97D7
:101E6000CDE90900CDE90C60CDE90E002046FCF774
:101E7000E8F90028DAD141F288320DF10701204655
:101E8000FCF75FFB0028D1D1FFF7A0FE0546002834
:101E9000CCD18123F022029392FAA2F20A219DF87A
:101EA0000730B2FA82F2204603F00F0301FA02F281
:101EB00002A9134341F288328DF80730FCF7C1F9CB
:101EC0000028B3D141F288320DF107012046FCF71A
:101ED000D9FA00283FF477AFA8E700BFEC6C0120E7
:101EE000001000A07047002070470000002337B5A5
:101EF0008DF807300D4B1A780AB901221A700324A5
:101F0000C5B2013CA8212846F9F754FC14F0FF049F
:101F10008DF807009DF80730DBB203D19DF807006C
:101F200003B030BD512BECD1F8E700BF5A6001205F
:101F300013B500240221C0B28DF80740F9F73AFC2E
:101F40008DF807009DF8073003F00F038DF8073078
:101F50009DF80730052B01D98DF807409DF8072023
:101F6000034B9DF807005A7000229A7002B010BD12
:101F70005A6001202DE9F74F294D17460024894664
:101F8000AB786A788DF807409A4241D9092B42D83C
:101F9000244AD15C244A12F803B0244A12F803A060
:101FA000234AD45C5FFA80F8224E4046F9F702FCDF
:101FB0008DF807009DF80730594640463380F9F701
:101FC000F9FB8DF8070051469DF8073040463288EE
:101FD0001B0203F470631343A9F800303380F9F750
:101FE000E9FB8DF8070021469DF807304046338015
:101FF000F9F7E0FB8DF807009DF8073032881B02E7
:1020000003F47063134333803B80AB780133AB70D0
:1020100003B0BDE8F08FA246A3462146C2E700BF49
:102020005A6001202E1C0408381C0408421C0408B5
:102030004C1C0408586001200122A421C0B2F9F709
:10204000A1BB0022A421C0B2F9F79CBBFFF7F9BFE6
:1020500070470000024B1A780AB901221A707047C3
:102060005A600120436810B504464BB15B6A0121F8
:10207000984723692BB1C82363610023C4F8343126
:1020800010BD64236361FBE7436810B504460BB1E0
:102090009B6A984700236360636110BD08B543687D
:1020A000842200211B6898470022C0F8802008BDC8
:1020B00008B543684FF48C7200211B6898470022D2
:1020C000C0F8142108BD0023502970B543600446B0
:1020D0001546036809D00D225A61502203689A619F
:1020E0000368D96103681B689847B5F5F47F2368D6
:1020F0000BD0162220465A614FF4F47223689A617D
:102100002368DD6123681B6898474FF4F47200214F
:1021100020462668E56827F071FF012320462660E7
:102120002361E5600CF090F800232046A360A361D2
:10213000C4F8B430C4F8C430C4F8B830C4F8C830F7
:10214000C4F8BC30C4F8CC30C4F8C030C4F8D030C7
:10215000C4F83431C4E92933C4E92B3305F0D0F98C
:10216000204603F059FEC823636170BDFFF78CBFA2
:1021700070B543690446C83B0A2B00F2B280DFE821
:1021800003F00610BBAAAAAAAAAAAAB0AA00D0F86D
:10219000C8315B689847A36920469B689847C92364
:1021A0006361D4F8C83120461B6898470128064669
:1021B0002AD1656A032D29D0042D6BD0012D40F062
:1021C000868084F8280084F82900D4F8A8310022F9
:1021D0000221C4E90B33494B84F85810C4E90E239B
:1021E00000230122C4E9103384F848306365E265B6
:1021F000C4F88830E366C4E91322C4E919334FF404
:102200008072CA2322666361304670BDD4F81C31E7
:102210000BB103233BE0D4F82831C3B194F82C313F
:10222000002B33D0012B0CD0236874224FF0FF31E8
:1022300020465A61236894F82C219A6123685B68D0
:10224000984784F82850022384F82930BDE7D4F851
:10225000D8301868996D0128D3F8B02010D1022920
:1022600001D1032AD5D02368C3E906011A6271227D
:102270002368012120465A6123685B689847C8E7B4
:102280005228F0D14729EED1422AECD1022384F81A
:102290002830D8E7D4F82831B3B194F82C319BB169
:1022A000022B0CD0236874224FF0FF3120465A6174
:1022B000236894F82C219A6123685B68984705236A
:1022C00084F828300423BFE784F82850FAE7002375
:1022D00084F82830B8E7D0F8C831BDE870401B68F2
:1022E00018470368152200265A61036842699A61FB
:1022F00003681B68984787E7012685E70000F03FE1
:1023000070B5436904460E46C83B012B08D90368E3
:1023100015225A61036842699A6103681B689847ED
:102320002046FFF725FF022805460AD136B123686B
:10233000352220465A6123681B6898472046FFF7DC
:1023400091FE284670BD38B543690446A3F1CD021D
:10235000012A20D8036C13BBD0F88C20436F9A421B
:1023600005D2036845225A6103681B689847D4F870
:10237000B83120465B689847D2236361D4F8C831EE
:102380005D69BDB1A369204601259B699847204638
:10239000FFF768FE13E0CF2BEED0D22BEED02368F0
:1023A000152220465A61236862699A6123681B6876
:1023B0009847E3E71B68204698470028DED1284667
:1023C00038BD2DE9F04142690446D0F8B831CC2A35
:1023D00006D01B6898470023C4F88C30CC23636177
:1023E00004F18C050026D4F8B8319B680BBB636CF4
:1023F0000120002B0CBFCD23CE236361BDE8F0810B
:10240000A2683AB153602046A368626F9A60A368DD
:102410001B689847D4F8BC312A462046D4F88C7003
:10242000D3F8048000231946C047D4F88C30BB424F
:1024300011D0D4F88C30626F9342E1D3D4F8B83124
:1024400020465B689847D4F8B83120461B68984707
:10245000C4F88C60C7E70020D0E710B54369044694
:10246000CA2B09D105F0FEF9236C1BB1CF23012043
:10247000636110BDCB2363616369CB2B2DD1D4F88D
:10248000C8311B6903B3A36813B11B682046984782
:10249000D4F8C83120461B6898470028E9D00228A4
:1024A00012D0A268002AEED020F002000128EAD162
:1024B000536801335360A26891688B42E3DBD4F820
:1024C00048310B449360DEE7D4F89030C4F898307C
:1024D0002046BDE81040FFF774BFCC2BF8D023682E
:1024E000152220465A61236862699A6123681B6835
:1024F0009847EDE7F7B5436904460E461746CD2BDE
:1025000008D0036815225A61036842699A6103681A
:102510001B689847D4F88C20636F9A420BD32368CA
:102520007E2220464FF0FF315A6123685B6898474E
:10253000002003B0F0BDA3683BB15A602046A368F9
:10254000626F9A60A3681B68984702AA002320461E
:10255000314642F8043DD4F8BC315D683B46A8479B
:10256000D4F88C3001980344C4F88C30E1E738B5D6
:102570008469054663684BB9E368984730B92B68AE
:10258000192228465A612B681B6898476368013BEB
:10259000636023685A1C2260187838BD2DE9F04129
:1025A00080460E46D0F8D0414FF40047D4E903519D
:1025B000B5F5004F1EDB30782E4B00F07F0253F84C
:1025C00022C0A2684FEA2C474FEA2C2EED1B05FAD9
:1025D00001F1E5608A423CDB511AAF42E760A1603D
:1025E00020F07F014AB22EDD82EA0E023270C0096D
:1025F000BDE8F0810139002921611ADAD8F8B43137
:102600006BB94046FFF7B3FFFF28054608D14046A7
:10261000FFF7ADFFFF28FAD010B1C8F8B4010025CC
:10262000A36845EA0325236913F10802A56004D4D1
:102630002261E3685B00E360B8E709332361002BA4
:10264000F7D1E760F5E782EA0C02327080F0800093
:10265000CDE7B5F5004FCADA20F07F02AF4253B2A2
:1026600003DD83EA0C033370F0E783EA0E03337073
:10267000BDE700BF581C04082DE9F84FD0F8E02052
:102680000446D0F8D05100F5AA77D0F89831002A46
:1026900000F09D80D0F89C2173BBBABBD4F8A03168
:1026A000D4F8A42113B1013B93422FD10D2A2DDC84
:1026B000BA464FF00008D4F85031D4F89821434579
:1026C0003CDCD4F8A031002B7CD1002A78D1794BA6
:1026D0004FF000086B60C146D4F85031434500F319
:1026E00090800023C5E902336FF00F032B61D4F80B
:1026F00018316B63BDE8F88F9A4207DBD0F8B03130
:10270000934203DBD0F85031012BC7D0236811224C
:1027100020465A612368D4F898219A612368D4F836
:102720009C21DA612368D4F8A0211A622368D4F8C6
:10273000A4215A6223681B689847B9E75AF8043BFA
:10274000D4F8A000D3F804904FEA092100EB010B64
:102750008AB14258002A0EDA226876234FF0FF3100
:102760002046536100232268C2F818902268D36182
:10277000226852689047D4F89861D4F89C21B242FC
:1027800002DA08F1010896E75BF82620D4F8A011D8
:1027900022EAE27291420DD0226876234FF0FF3197
:1027A000204653612268C2F818902268D6612268D8
:1027B00052689047D4F8A4214BF826200136DCE774
:1027C0003D4B85E70AB93D4B82E73D4B80E76BB94E
:1027D000D0F8A03153B9D0F8A4313BB9D0F89C312E
:1027E0003F2B0CDCD0F8B021934208D023687D2227
:1027F0004FF0FF3120465A6123685B689847314BA0
:1028000066E7D4F8E03057F804AB2BB1D4F8983130
:102810002BBBD4F8A03113BBDAF814600F2E08D903
:102820002368322220465A6123689E6123681B6810
:10283000984705EB8606B36B33B9636840220121E4
:1028400020461B689847B06340220021B06B27F0F8
:10285000D5FB05EB8803C3F81490C3F82490D4F893
:10286000E03023BBD4F8B031F3B1DAF818600F2EA2
:1028700008D92368322220465A6123689E61236862
:102880001B68984705EB8606B36F3BB963684FF446
:102890008072012120461B689847B0674FF4807210
:1028A0000021B06F27F0AAFB08F1010814E7D4F863
:1028B0009831D9E73D2E01080D2D0108BB2C0108E8
:1028C000972B01086F2901082DE9F843D0F8CC3186
:1028D0000446D0F8D0519B68984730B92368192234
:1028E00020465A6123681B689847002604F5AA779A
:1028F000B046D4F85031B3420ADC0023C5E90233B4
:102900006FF00F032B61D4F818316B63BDE8F883C7
:10291000D4F8E03057F8049B2BB1D4F898318BB938
:10292000D4F8A03173B9D9F81430402200210E3305
:1029300055F8230027F062FB05EB8603C3F81480EB
:10294000C3F82480D4F8E03073B9D4F8B0314BB177
:10295000D9F818304FF4807200211E3355F8230047
:1029600027F04CFB0136C4E7D4F89831EFE72DE9A6
:10297000F04F87B0D0F818310446D0F8D0610491F8
:1029800033B1736B0BB9FFF79FFF736B013B73633D
:102990003369013300F09380D4F8AC314FF0000874
:1029A000039306F1B8030593D4F86C31434540F323
:1029B0008680049B204653F82830009304EB88035C
:1029C000D3F8707104EB870306EB8707D3F8543113
:1029D00001935B6906EB830902937B6AD9F838504F
:1029E0001D442946FFF7DAFD40BB78627B69009AF7
:1029F0001380D4F8B031002B00F0B780019B002782
:102A00009B6906EB830AE318029307EB4705DAF8A4
:102A1000783020461D442946FFF7C0FD002840F0CD
:102A2000A480691C20460137FFF7B8FD002866D155
:102A3000D4F8B0310335BB42F3DC34E0691C2046E6
:102A4000FFF7ACFD831C824620461D442946FFF754
:102A5000A5FD834638B1D9F83850143529462046AB
:102A6000FFF79CFDD0B9029B234493F8E8209946D8
:102A7000012303FA02F2BBEB620F26DA00220E35C5
:102A8000D9467A625FEA6B0B2DD1BAF1000F33D1D0
:102A900009F101097B694B447B61A7E74FEA4B0BC6
:102AA000BBF5004F0FD1236875224FF0FF31204650
:102AB0005A6123685B6898474FF0FF333361012008
:102AC00007B0BDE8F08F0135C8E799F8F820012379
:102AD00003FA02F2BBEB620FCCBF0AF103020AF168
:102AE00001029200CBE729462046FFF757FD002858
:102AF000C8D049EA0B09C5E76FEA0909CAE70235F8
:102B000005992046FFF74AFD294601902046FFF728
:102B100045FD8146A8B129462046FFF73FFD80B11B
:102B2000029B4FEA4909DAF8782093F80851BD4230
:102B3000ACBFBD25D925154429462046FFF72EFDFB
:102B4000B0B90E35CB465FEA690918D1019BFBB9D4
:102B50000BF10102039B009953F8273021F8132051
:102B6000D4F8B031BB423FF750AF08F101081BE782
:102B70004FEA4909B9F5004F95D00135DCE7294600
:102B80002046FFF70BFD0028DDD04BEA090BDAE702
:102B90006FEA0B02DEE72DE9F04FD0F8182185B07F
:102BA00004460D46D0F8D0A14AB1DAF834200AB96B
:102BB000FFF78AFEDAF83420013ACAF83420DAF84E
:102BC0001020013275D0D4F8542101204FF0FF3786
:102BD000D4F8ACB19169D4F8A421D5F8009000FAEA
:102BE00002F3D4F89C61009307FA02F30193002EDC
:102BF00034DC01F11E03D4F8985102930AF1B803B2
:102C00000393D4F89C21AA4253DB6A1E029BB5426F
:102C100002EB42025AF8231001EB020705DD3946A8
:102C20002046FFF7BBFC002843D15BF82510013597
:102C300009EB410839F91110C1B1B91C2046FFF761
:102C4000ADFC0028DDD0B8F9001000298AB2B4BF6D
:102C5000019B009B1A44A8F80020D2E75BF82620CD
:102C600039F91220002AC4D1013EC0E7791C204660
:102C7000FFF794FC58B103992046FFF78FFCDDE97C
:102C80000032002818BF1346A8F80030B9E7D4F87E
:102C90009C110337A942C8DA226875212046516188
:102CA0004FF0FF312268526890474FF0FF32CAF868
:102CB0001020012005B0BDE8F08F2DE9F041D0F8DB
:102CC000183106468846D0F8D05133B16B6B0BB93A
:102CD000FFF7FAFD6B6B013B6B63D6F8A43101275C
:102CE000B83500249F40D6F86C31A34202DC0120A5
:102CF000BDE8F08129463046FFF750FC20B158F876
:102D0000242013883B4313800134ECE72DE9F04F76
:102D1000D0F8183185B004460D46D0F8D07133B1E3
:102D20007B6B0BB9FFF7D0FD7B6B013B7B633B6992
:102D300001331DD02B68D4F8ACA10093D4F85431E2
:102D4000D4F89861D3F8188007F1B80307EB880925
:102D50000293D4F89C31B3420ADB751ED9F878305F
:102D6000204605EB45051D442946FFF717FCB0B189
:102D7000012005B0BDE8F08F0136D4F89C31033551
:102D8000B3420CDA236875224FF0FF3120465A61B6
:102D900023685B6898474FF0FF333B61E8E7691CA5
:102DA0002046FFF7FBFB0028E6D0023502992046BB
:102DB000FFF7F4FB294601902046FFF7EFFB83461F
:102DC000B0B129462046FFF7E9FB88B104EB0801C2
:102DD000D9F878204FEA4B0B91F80851B542ACBFB7
:102DE000BD25D925154429462046FFF7D7FB88B9CC
:102DF0000E355A465FEA6B0B13D1019BE3B90132E2
:102E0000D4F8A4115AF8263001368A40009921F8E6
:102E100013209EE74FEA4B0BBBF5004FB2D00135B4
:102E2000E1E7294620460392FFF7B8FB039A002802
:102E3000E0D042EA0B02DDE7D243E1E72DE9F04FB3
:102E400085B0D0F818310546D0F8D071039133B170
:102E50007B6B0BB9FFF738FD7B6B013B7B633B69F9
:102E600001336ED005F5B8734FF000080193D5F823
:102E70006C31434565DD039B284653F828300293A7
:102E8000019B53F8046B019305EB860307EB860661
:102E9000D3F854315B6907EB83090093736AD9F85F
:102EA00038401C442146FFF779FB48B97062D5F8D9
:102EB000A42108F1010873699340029A1380D6E7B0
:102EC000611C2846FFF76AFB831C824628461C4487
:102ED0002146FFF763FB834638B1D9F838401434F4
:102EE00021462846FFF75AFBD0B9009B2B4493F8A4
:102EF000E8209946012303FA02F2BBEB620F26DABF
:102F0000002373620E34D9465FEA6B0B2ED1BAF1FF
:102F1000000F34D109F1010973694B447361C6E7AD
:102F20004FEA4B0BBBF5004F0FD12B6875224FF0CA
:102F3000FF3128465A612B685B6898474FF0FF3392
:102F40003B61012005B0BDE8F08F0134C8E799F876
:102F5000F820012303FA02F2BBEB620FCCBF0AF1A7
:102F600003020AF1010292007262CBE72146284671
:102F7000FFF714FB0028C7D049EA0B09C4E76FEA42
:102F80000909C9E710B54368BC22012104461B6842
:102F90009847164A0346C4F8D00100F1780143F877
:102FA000382B002243F8042B8B42DA63FAD17123C9
:102FB00080F8B830D4F8E03073B1626A01216368F8
:102FC000204612021B68984700234FF0FF31C4F8D7
:102FD000A000626A9A4200DC10BD00F5807240F8E1
:102FE000041B9042FBD10133F3E700BF79260108AF
:102FF0007047000010B57B22036804464FF0FF3194
:103000005A6103685B689847A369034A01201A6004
:103010000222A3695A6010BD201E040870B50D1E5F
:10302000064608DD84696368AB4205DB22685B1BEA
:103030002A446360226070BDED1A3046E368984709
:10304000F1E7704770B5044616460D4601B132B936
:1030500023682B2220465A6123681B689847A16980
:1030600029B963681C2220461B689847A061A369A0
:10307000064A9A60064ADA60064A1A61064A5A61A6
:10308000064AC3E900569A6170BD00BFF12F0108DE
:10309000F52F01081D300108537401084330010861
:1030A000D0F85021D0F8C031012A05DD0122DA61C3
:1030B0000022C3E905227047D0F84821D0F8541106
:1030C000013AD0F89400904234BFCA68CA6CEEE767
:1030D0000022C0F89420FFF7E3BF002070472DE9DD
:1030E000F04F00F5AA7B8DB00446D0F8C0515F4682
:1030F00000264FF001080DF12009D4F85031B342F9
:1031000013DCAE690DF12008EB69B34222DCD4F880
:103110009430D4F8482101339342C4F894306BD2F0
:103120002046FFF7BDFF03203AE057F8041B606814
:10313000CB684968D4F894201231CDF800805A4306
:10314000D0F820A055F821102046D04749F8260095
:103150000136D2E76F69D4F86431BB424FF0000307
:1031600043D86B610136CFE75CF804EB4FF0000900
:103170000798DEF8382042430392DEF83C204A45A7
:1031800011DC0133D4F850219A42EDDCD4F8D0316F
:1031900005F1200120465B68984758BBC5E90576D4
:1031A0000DB0BDE8F08F09EB060058F823208A46E1
:1031B00052F820200398024404928A0005920022CB
:1031C0000499DEF8380001EBC2119042069102EB3F
:1031D0000A0102DC09F10109CFE70599069801EB24
:1031E0008201013229440862EAE7FA01DC46194605
:1031F0000792C7E70137AEE7D4F8C8312046DB684D
:1032000098470420CCE72DE9F04F04468BB0D0F866
:10321000C031D0F8486108910493D4F89020D4F8D4
:1032200098309A421ADBD4F89C3003D1D4F8942019
:103230009A4213D9731ED4F8D85000270993636AB1
:10324000D4F89C20BB4213DC0132D4F84801C4F806
:103250009C2082422CBF0420032006E0D4F8C83111
:1032600020461B6898470028D7D10BB0BDE8F08FE7
:103270006B6B13B901375835E1E704994FEA8708BA
:10328000EB6800266068414400965A43066A896CE0
:103290002046B047D4F89C30099A05909342EE68D6
:1032A00020D20396D4F8D43143444FF000085B6831
:1032B0000693089B53F827B0039B9845DADA059BE1
:1032C0004FF0000A53F82830D1460793079B03EBD1
:1032D000C912EB694B450FD8AB6A08F101080BEB3B
:1032E000830BE9E72A6AB2FBF6F306FB1323002BF4
:1032F00008BF33460393D5E7CDF800A05B462946C7
:103300002046069E09F10109B0476B6A9A44DDE741
:103310002DE9F041D0F8C05104462B6913B3036D79
:10332000002B4AD0D0F8E030002B46D0D0F8A030A7
:10333000002B42D02B6F3BB9426A182143684A43A5
:1033400001211B68984728670022D5F870C0D4F87F
:10335000D8604FF0180E1046636A9A4207DB60B3DC
:10336000174BEB600023C4F89C30BDE8F081336D4F
:103370001BB3198809B35988F9B1198AE9B1198CB5
:10338000D9B1598AC9B19B88BBB11102D4F8A070D8
:103390007B187958002910DB0EFB02C103F11408D9
:1033A00053F8047F41F8047F1F68002F18BF0120E5
:1033B0004345F5D101325836CEE7024BD1E700BF85
:1033C00043350108073201082DE9F04FD0F8643188
:1033D0008FB0D0F8C0610446013B0C910793D0F840
:1033E0004831013B0893B369029306F120030D9322
:1033F000F369029A934213DCD4F89C30D4F8482144
:103400000133C4F89C30D4F8943001339342C4F8AB
:10341000943080F08F802046FFF742FE03201FE0AB
:10342000D6F81480079B984505D900237361029B49
:1034300001330293DCE7D4F8B03133B1D4F86C2116
:103440000021306AD20126F0D9FDD4F8D0312046CF
:103450000D995B689847002868D1029BC6E90583EF
:103460000FB0BDE8F08F04EB8903D3F854516B6BB8
:1034700053B92B6C9B4409F10109D4F850314B45E9
:10348000F1DC08F10108CDE76A68D4F8D43102997B
:1034900003EB82035B680993079B984534BFAB6BD2
:1034A000AB6C0693AB6A4B430C9951F8222002EBAC
:1034B000830304936B6C03FB08F30A9300230393C9
:1034C000039AEB6B9342D6DDD4F89430089A93427A
:1034D0001CD24FEA8B034FF0000A0B930A9B059313
:1034E000069B9A4518DA0B9B29462046099F03EB59
:1034F0008A02059B0AF1010A32440093049B126A76
:10350000B847059A6B6AD3180593E9E7DDE902230A
:103510001344EA6C9A42DCDCAB6B049A9B44AB6AC2
:1035200002EB83030493039B0133C8E74FF00009C8
:10353000CB46A2E7D4F8C8312046DB689847042080
:103540008EE72DE9F04F0546C7B0D0F8C031D0F86E
:10355000484123911F93D5F89030D5F898108B42AD
:1035600003DCD5F8C8215069A0B1631ED5F8D86036
:103570004FF0000825936B6AD5F89C2043451EDC6C
:103580000132D5F84801C5F89C2082422CBF0420A6
:10359000032011E08B420AD1D5F89811D5F89C3060
:1035A000002908BF0133D5F894109942DDD813687B
:1035B000284698470028CED147B0BDE8F08F736BFE
:1035C0001BB908F101085836D5E7259BF0689342EE
:1035D00040F25D814300824600210E9169680F6AC6
:1035E0001F9901EB8801896C002A00F05E8100249C
:1035F000013A0344424328460094B847F3681E94B6
:1036000000EB83001F9B18220C901B6F02FB0833FA
:10361000D5F8D42102EB88020593336D52681F8CD4
:103620002292239AB3F802E052F82820B3F810C08F
:103630005C8A99880D9224221B885A4312924FEA81
:10364000CE1213924FEA0E2214924FEACC12159228
:103650004FEA0C22169203EBC30203EB830317928B
:10366000FA012193E30118923A021A9323020127E7
:1036700019921B93CB011C930B021D930023039300
:103680000AF1FF332493039B53459ADA0C9B53F8BA
:10369000049B0C931E9B1BB1039B002B00F00B8122
:1036A0000C9B53F8083C06930E9B23B1249B039A72
:1036B000934200F003810C9B1B680793069BF26901
:1036C000B3F90030013A1193B9F900302092002289
:1036D0001C46079BDDF844B0B3F90030089404930E
:1036E000CDE90A22012226A9484609930CF047F8A1
:1036F000209B0B9A9342099B40F2E380069AB2F911
:1037000080200F92B9F980200992079AB2F980209F
:103710001092059A5168B1B1BDF99A209AB90998E9
:10372000221A12984243139800F1D28002440029D1
:10373000149892FBF0F204DD07FA01F1914200DCEB
:103740004A1EADF89A20059A9168B9B1BDF9A82032
:10375000A2B9049A1298ABEB02024243159800F109
:10376000C58002440029169892FBF0F204DD07FAA6
:1037700001F1914200DC4A1EADF8A820059AD168FB
:10378000C9B1BDF9B820B2B9049A08985A44A2EB5D
:10379000400217984243189800F1B680024400296D
:1037A000199892FBF0F204DD07FA01F1914200DC76
:1037B0004A1EADF8B820059A1269D2B1BDF9AA1017
:1037C000B9B911990F98091ACB1A10990B4421997C
:1037D0004B431A9900F1A6800B44002A1B9993FBD6
:1037E000F1F304DD07FA02F29A4200DC531EADF851
:1037F000AA30059B5A69D2B1BDF99C30BBB9099971
:1038000023460B440899A3EB410317994B431C999A
:1038100000F196800B44002A1D9993FBF1F304DD1F
:1038200007FA02F29A4200DC531EADF89C300A9B64
:1038300026AA3146229C009328460D9B09F1800957
:10384000A047069B0A9A8033CDF844B0DDF83CB01F
:103850000693079B80330793736AD318109A0A93D1
:103860000B9B01330B93089B0B991C46099B0893F8
:10387000049B0492209A8A42BFF434AF0D9AB36A33
:1038800002EB83030D93039B01330393FBE6336A3F
:10389000B3FBF0F100FB113ABAF1000F02D053462E
:1038A00001219AE603468246FAE700922846B84785
:1038B00001231E93A6E6CDF81890F5E6CDF81C90EE
:1038C000FCE6049ACDF83CB01092089A099220E7E1
:1038D000821A0029149892FBF0F205DD07FA01F133
:1038E0009142D8BF01F1FF3252422AE7821A0029E1
:1038F000169892FBF0F205DD07FA01F19142D8BF6C
:1039000001F1FF32524237E7821A0029199892FBDF
:10391000F0F205DD07FA01F19142D8BF01F1FF3263
:10392000524246E7CB1A002A1B9993FBF1F305DDBF
:1039300007FA02F29A42D8BF02F1FF335B4256E720
:10394000CB1A002A1D9993FBF1F305DD07FA02F269
:103950009A42D8BF02F1FF335B4266E72DE9F04F90
:10396000436885B00E4674221B68012105469847BE
:103970002C4B0027C5F8C0010446036000F148093C
:10398000294B076783607EB3D5F8D860CA466B6A57
:10399000BB4207DC254B6360254BC4E9033905B006
:1039A000BDE8F08FD5F8E030D6F80C800BB108EB0D
:1039B00048086B680137B168583656F83C0CD3F8A4
:1039C00014B00BF0C2FE56F84C1C039056F8380C9D
:1039D0000BF0BBFE0122039B1146CDE900082846EF
:1039E000D8474AF8040BD2E76B684FF4A062012174
:1039F00028465B68984704F12003024643F8042BED
:103A00004B4502F18002F9D1D5F8B01119B94FF444
:103A1000A06226F0F3FA074B6360074BE3600023D4
:103A20002361BCE7D130010811330108DF30010800
:103A300007320108DB300108C9330108F8B54368D3
:103A40000546D0F8DC414FF480621B68012198479D
:103A5000A0606B684FF48062012128461B6898477C
:103A6000E0606B684FF48062012128461B6898472C
:103A700020616B6828464FF4806201211B689847DB
:103A8000174F60610023DFF868C0164E164D1748C7
:103A90000CFB0371A268091442F8231006FB03F221
:103AA000E168A2F56202A2F5A242121441F82320B5
:103AB00005FB03F1226901F5B60101F5D24142F897
:103AC000231000FB03F2616902F5321202F5506225
:103AD00041F823200133B3F5807FD9D1F8BD00BF71
:103AE000800B4DFFA2C501002E49FFFFE6A7FFFF97
:103AF000E96601002DE9F04F87B0D0F8DC41056F91
:103B0000C3EB8202D0F84C01D4F814E00290019586
:103B10000592D4E902C0039020690490109A013AFA
:103B2000109202D507B0BDE8F08F059A08689C187E
:103B300050F80480486850F80490886850F804A051
:103B4000002053F8044B019A03349042E6D01AF84F
:103B5000007018F80050029A5CF82760154419F8B4
:103B600000B0049A0130AE5D0FFA8BFB04F8016CD3
:103B700052F827705EF82B60039A3E443614AE5D0F
:103B800004F8026C52F82B60AD5D04F8035CDAE7D0
:103B90002DE9F04FD0F8DC41C3EB8202099DA66904
:103BA000076F013D01D5BDE8F08F9C18086853F8F8
:103BB000049B50F804C0486850F804E0886850F846
:103BC00004800020B842ECD01EF800401CF800B081
:103BD00004F5807456F824A056F82B40544418F885
:103BE00000A00AF5007A56F82AA05444241409F8D3
:103BF00000400130E6E72DE9F041069DC3EB82026B
:103C0000066F013D01D5BDE8F08198180C68275872
:103C10004C6854F800C08C6854F800E0002053F859
:103C2000044BB04204F10304EBD017F8008004F811
:103C3000018C1CF8008004F8028C1EF80080013012
:103C400004F8038CEDE72DE9F047466AC3EB8202E6
:103C5000089FD0F870E0C6F10008013F18D403EBCC
:103C6000020C00200BE051F8204054F80C501C6866
:103C700005EB0E0904444D45344404D10130B042F3
:103C8000F1DB0433E9E715F801AB04F808A0F2E72B
:103C9000BDE8F087F0B5059DC3EB8202076F013DDB
:103CA00000D5F0BD08680024184450F802C053F84D
:103CB000040BBC4200F10300F1D01CF80460013495
:103CC00000F8036C00F8026C00F8016CF1E72DE9D4
:103CD000F04FD0F8DC4187B0056FC3EB8202D0F81B
:103CE0004C71D4F814E001950592D4E902C0029019
:103CF00020690390109A013A109202D507B0BDE8EE
:103D0000F08F059A08689C1853F8045B06594868B8
:103D1000005900F1FF3A88680259C868013A005911
:103D2000009200F1FF38019830440490049A043561
:103D30009642DFD0009A16F8010B12F8019F1AF88C
:103D400001BF5CF829400FFA8BFB00920444C4F1D8
:103D5000FF043C5D05F8044C039C5EF82B2054F8EE
:103D600029401444029A00EB2444C4F1FF043C5D52
:103D700005F8034C52F82B402044C0F1FF00385C9A
:103D800005F8020C18F8010F05F8010CCEE7704792
:103D900013B50C4611461A46036F20680193049B25
:103DA000009300230BF0D9FC02B010BD70B543683E
:103DB0001C22012104461B6898474B4BC4F8DC01C8
:103DC0000546036094F82820636A013A042A12D851
:103DD000DFE802F0030D0D0F0F00012B0DD023685B
:103DE0000B2220465A6123681B68984705E0032B85
:103DF000F4E7042BF2E7002BF1DD94F8291094F896
:103E00002830022945D0042956D001295DD103F07C
:103E1000FD02A167012A14D1344B582100206B60A8
:103E20001346626A9A4205DC636D002B5AD0012367
:103E3000E36770BDD4F8D82001FB0322013350633F
:103E4000EFE7022B46D12A4B4FF44062204644F65E
:103E50008B466B606368D4F8DC511B68984700237D
:103E6000A86141F62F51043849F2466506FB03F27A
:103E700040F8042F05FB03F2C0F8002401FB03F215
:103E8000013302F50042B3F5807FC0F80028EDD180
:103E9000CAE703229342A26705D1164B6B60204606
:103EA000FFF7CCFDC0E7012B02D1134B6B60BBE7E2
:103EB000022B0FD1114BF9E7052BA16701D1104B54
:103EC000ECE7042B06D10F4BF0E7994202D1636A6D
:103ED000A367F8E723681C2220465A6123681B6801
:103EE0009847A1E7A36FA3E78F3D0108913D010823
:103EF000913B0108F53A0108953C0108F73B0108A0
:103F0000CF3C0108473C01082DE9F04F0025D0F8CF
:103F1000D4318BB08046D0F8D89003F1040A2C46F7
:103F2000AB46D8F824305B4502DC0BB0BDE8F08F1F
:103F3000D9E9092303EB022340F20772934200F010
:103F4000B580B3F5E16F4CDA40F20242934200F0E3
:103F5000C38023DC40F20222934200F09E800EDCFC
:103F6000B3F5817F00F0C68040F20122934200F059
:103F7000B58040F20112934276D1A94D8EE040F215
:103F80000332934200F08C8040F20632934200F0FC
:103F9000AF80B3F5017F67D1A24D7FE040F20A52B6
:103FA000934200F0A1800DDCB3F5816F00F09E809C
:103FB00040F20552934275D040F20442934253D1ED
:103FC000994D6BE040F2066293426DD040F20C6274
:103FD000934200F0878040F20362934244D1934DB4
:103FE0005CE040F60B32934264D01FDCB3F5016F06
:103FF00076D00DDC40F6040293426BD040F6080206
:10400000934279D040F20E7293422DD1884D45E013
:1040100040F6052293425BD040F60A22934247D0F5
:1040200040F6091293421FD1824D37E040F60762F5
:1040300093424BD00DDC40F60C4293423CD040F60C
:104040000D5293423AD040F6064293420CD17A4D3B
:1040500024E040F60F72934234D0B3F5716F12DA58
:1040600040F60E6293422BD0D8F8003007225A61F6
:10407000D8F80030D9F824209A61D8F80030D9F85F
:104080002820DA6143E041F2080293421CD041F259
:1040900010029342E8D1694D00E0694D00243EE0F2
:1040A000684DFBE7684DF9E7684DF7E7684DF5E7C0
:1040B000684DF3E7684DF1E7684DEFE7684DEDE7D0
:1040C000684DEBE7684DE9E7684DE7E7684DE5E7E0
:1040D000684DE3E7684DE1E7684DDFE7684DDDE7F0
:1040E000684DDBE7684DD9E7684DD7E7684DD5E700
:1040F000684DD3E7684DD1E798F84830012B0CD0D4
:10410000A3B3022B2FD0D8F8003031225A61D8F84F
:10411000003040461B68984701E0604D01244AF892
:10412000045BD9F83430CBB1DAF82430A34215D08F
:10413000D9F8506096B1012CCAF8244018D0022C4E
:1041400028D0002C61D1D9F85430B21E7E36043B01
:1041500032F8021F964243F8041FF9D10BF1010B0C
:1041600009F15809DDE64E4D1C46D8E74D4D95E75F
:10417000D9F8541000224C4836F8123030F9127039
:104180007B4303F500631B1341F822300132402AC0
:10419000F2D1E3E7D9F85430019306F18003099393
:1041A000424B0893089B0027B3EC027B0893019BCA
:1041B00002933E4B8DED047B0393039B36F817006F
:1041C0000137B3EC027B8DED067B0393F2F7E8FE3B
:1041D000DDE90423F2F75EFFDDE90623F2F75AFF7B
:1041E0004FF07F530022F2F755FFF3F785F9029B5A
:1041F000082F43F8040B0293DFD1019B10362033C4
:104200000193099B9E42CDD1A8E7D8F80030312216
:1042100040465A61D8F800301B6898479EE700BFB7
:10422000ED9601082DD90108459401089DC60108A5
:1042300009CD0108119701088DBF010829B20108B5
:104240007996010889950108C19201080991010830
:10425000718E0108E5990108FD9C0108EDA0010897
:1042600095A4010851A901089DAD01088DB7010869
:1042700011BC010859C20108A9C40108F9C7010805
:10428000C9C8010801C9010889D0010851D3010832
:1042900099D50108DDD7010805DA0108658801080C
:1042A0002D850108318B0108681E0408281E0408AA
:1042B0002DE9F04143685422012106461B68002580
:1042C0009847124B0446C6F8D4014FF0580844F8FA
:1042D0002C3BD6F8D870736AAB4201DCBDE8F081A4
:1042E00073684FF48072012130461B68984708FBC1
:1042F00005734FF4807200215865013525F07EFE6C
:104300004FF0FF3344F8043BE5E700BF093F0108E5
:104310002DE9F04704699A4607468946D4F8B43136
:104320001546D0E90086002B46D0554546DAD4F82C
:10433000D0315B6A63B9236878224FF0FF312046A1
:104340005A6123685B689847D4F8D03101225A62D9
:10435000C5F1190509FA05F919252FE056B9A36920
:104360002046DB68984710B90020BDE8F087A369B4
:10437000D3E9008608F1010398F80080013EB8F106
:10438000FF0F15D196B9A3692046DB68984700282E
:10439000EAD0A369D3E90026531C1278013EFF2A14
:1043A000F0D02AB1C4F8B4219846BEE71A46F3E724
:1043B00048EA092908359846182DCFDDC7E9008657
:1043C000C7E902950120D0E7F8B5069D06468C4660
:1043D000144695421F4608DD2B46FFF799FF10B99A
:1043E0004FF0FF30F8BDD6E902C4621B1B494CFAFE
:1043F00002F351F825100B4057F8251099420FDBB6
:10440000102DC6E902C220DD336979224FF0FF3159
:104410001B685A61306903685B6898470020E1E7D0
:10442000002A4FEA430408DC012361463046FFF7C7
:104430006FFF0028D4D0D6E902C2013A01354CFA08
:1044400002F303F001032343D6E7D7F88C2012359B
:10445000134457F825100B44587CC3E7E81E0408A2
:1044600070B5D0F8D0510822D0F8CC110024EB68F8
:10447000064693FBF2F28B6913448B61EC60D0F833
:10448000CC319B68984780B105F114012346224640
:10449000D6F85001984209DC2A61D6F81831AB628F
:1044A000D6F8B43103B96B62012070BD41F8042B1A
:1044B0000133EDE72DE9F04FD0F8A4318FB0064677
:1044C0008A460293D0F81831D0F8D05133B96F6AC8
:1044D0007FB1AB6A0120013BAB6207E0AB6A002B06
:1044E000F5D1FFF7BDFF0028F1D100200FB0BDE8E6
:1044F000F08FB36905F11008089609AC1A6805F148
:10450000100B5B6804920593DFF80891B8E80F0080
:10451000D5E902EC0FC4D8F800302360D6F86C312E
:10452000BB420EDCB3695C46049A1A60059AB36913
:1045300009AE5A600FCEC5E902EC0FC433682360A0
:10454000C7E75AF82730BCF1070F039306EB870340
:10455000D3F8708106EB8803D3F854315B6905EB1F
:104560008303DC6A0CDC00236246714604A8FFF773
:10457000CFFE0028B9D0DDE906ECBCF1070F38DD2D
:10458000ACF108034EFA03F3DBB203F1240254F852
:104590002220002A3BD01C44ACEB020C94F890443F
:1045A000CCB1644509DD23466246714604A8FFF795
:1045B000AFFE002899D0DDE906ECACEB040C59F80D
:1045C0002420013C4EFA0CF359F824101340994270
:1045D000ACBF9C1A1C460EAB013703EB880858F899
:1045E000103C1C44029B48F8104C9C40039B1C80D0
:1045F00094E70123009362462346714604A8FFF71F
:10460000E3FE041EFFF671AFDDE906ECC8E70923FF
:10461000F0E700BFE81E04082DE9F04FD0F818318C
:104620008DB080460C46D0F8D06133B9736A7BB147
:10463000B36A0120013BB36207E0B36A002BF5D1F6
:10464000FFF70EFF0028F1D100200DB0BDE8F08F7C
:10465000376917B1013F3761EAE7D8F89C31CDF8E7
:104660002C800293D8F8A431D6F83CA00393D8F854
:10467000AC31D8F898910493D8F81830DFF804B129
:104680001A685B68079208932368D6E902120593BB
:10469000029B99456ADC072A09DC002307A8FFF77B
:1046A00037FE0028D0D0DDE90912072A35DDA2F156
:1046B000080341FA03F3DBB203F124005AF82000A7
:1046C000002835D05344121A93F8900410F00F05C7
:1046D0004FEA20142ED0AA42A14407DA2B4607A89D
:1046E000FFF716FE0028AFD0DDE90912521B5BF878
:1046F0002500013D41FA02F35BF8254003409C424E
:10470000039CA8BF1B1A0498A34050F82900059CDD
:1047100024F8103009F10109BAE70123009307A832
:104720005346FFF751FE00288EDBDDE90912CDE785
:104730000923F3E70F2C02D109F10F09EAE701275A
:10474000A74094B1A24208DA234607A8FFF7E0FD8C
:1047500000283FF479AFDDE909120A4B121B53F828
:10476000240041FA02F303401F44013FD8F81830F7
:10477000079818600898D8F818305860C6E90212EF
:1047800069E700BFE81E04082DE9F0430127D0F8CF
:10479000A43187B004469F40D0F818318946D0F83C
:1047A000D051CBB9A369002605941A685B680192C1
:1047B0000293D5E90212D4F86C31B34217DCA36935
:1047C000019818600298A36958600120AB6A013B08
:1047D000C5E90212AB6207E0AB6A002BE2D1FFF73A
:1047E0003FFE0028DED1002007B0BDE8F083002A9C
:1047F00059F8268007DC012301A8FFF789FD00286E
:10480000F1D0DDE90312013A013641FA02F3DB0788
:1048100042BFB8F800303B43A8F80030CBE70000B7
:104820002DE9F04FD0F81831D1B006460F46D0F838
:10483000D0814BB9D8F8243093B1D8F82830012072
:10484000013BC8F8283008E0D8F82830002BF1D117
:10485000FFF706FE0028EDD1002051B0BDE8F08F33
:10486000D6F89C2101210BAD2E610692D6F8A42129
:10487000D7F800909140D6F8987103914FF0FF312E
:1048800001FA02F2B1690792D6F8AC2108920A68DF
:104890002A604A68D8F810106A600291D8E902428A
:1048A000002940F00081D8F83C308B460993069BE4
:1048B0009F420BDDB3690B9919600C99B36959607C
:1048C000029BC8E90242C8F81030B6E7072A0ADCA2
:1048D000002321462846FFF71BFD00286FD0D5E9AD
:1048E0000242072A62DDA2F10803099844FA03F3A1
:1048F000DBB203F1240150F8211000296CD00344ED
:10490000521A93F8900410F00F034FEA201A049300
:1049100067D0012B0AD0336879213046049259615F
:104920004FF0FF3133685B689847049A002A08DC2F
:10493000012321462846FFF7EBFC00283FD0D5E9AC
:104940000242013A079944FA02F313F0010F039B64
:1049500008BF0B460493089B53F82730059339F999
:104960001330002B68D0002A07DC0123214628469B
:10497000FFF7CEFC18B3D5E90242013A44FA02F33C
:10498000D9070ED5059B39F91310039B194208D19D
:1049900000298BB2ACBF039907990B44059929F8FC
:1049A00011300137069BBB42D5DA48E00123009362
:1049B0002146099B2846FFF707FD00280EDA10ABB9
:1049C0000022BBF1000F3FF447AF0BF1FF3B53F860
:1049D0002B1029F81120F4E70923E8E7D5E9024272
:1049E00091E7BAF10F0FB6D0012303FA0AF302934D
:1049F000BAF1000F15D0524508DA534621460BA8EC
:104A0000FFF786FC0028DAD0DDE90D42274BA2EB48
:104A10000A0253F82A1044FA02F30B40029919448F
:104A20000291029B002B3FF445AF069B9F4215DD90
:104A3000029B013B02933DE71AF1FF3AB1D2049B7E
:104A400053B1089B049953F8273029F8131010A983
:104A500041F82B300BF1010B013728E7089B53F885
:104A6000275039F91530E3B1002A08DC012321462B
:104A70000BA8FFF74DFC0028A1D0DDE90D42013A5B
:104A800044FA02F3DB070CD539F91510039B1942E0
:104A900007D100298BB2ACBF039907990B4429F8C1
:104AA00015300137C1E79B46BFE700BFE81E040889
:104AB0002DE9F04F93B0D0F818310746D0F8D06107
:104AC000079133B9756A7DB1B36A0120013BB362C6
:104AD00007E0B36A002BF5D1FFF7C2FC0028F1D143
:104AE000002013B0BDE8F08FD7F8AC3106F1100804
:104AF0000C970DAC059306F1600AD7F8B031DFF8DA
:104B0000A4B20693BB691A685B6808920993B8E877
:104B10000F00D6E902EC0FC4D8F80030A846236095
:104B2000D7F86C3143450FDCBB690DAD089A06F12F
:104B300010041A60BB69099A5A600FCDC6E902ECED
:104B40000FC42B682360BFE7079BBCF1070F5AF81F
:104B5000044B53F8283003930CDC00236246714663
:104B600008A8FFF7D5FB0028BAD0DDE90AECBCF1B4
:104B7000070F4BDDACF108034EFA03F3DBB203F190
:104B8000240254F82220002A4ED01C44ACEB020C24
:104B900094F89044DAF84C30DAF824900493002B1F
:104BA00000F0A180CCB1A44509DA234662467146E3
:104BB00008A8FFF7ADFB002892D0DDE90AECACEBCA
:104BC000040C5BF82420013C4EFA0CF35BF8241033
:104BD00013409942ACBF9C1A1C4607EB8803D3F8DC
:104BE000702112AB03EB820252F8103C1C44039B71
:104BF00042F8104C1C800124049B9C4216DB069B4F
:104C00009C4240F3828008F1010889E70123009368
:104C100062462346714608A8FFF7D6FB041EFFF63E
:104C20005FAFDDE90AECB5E70923F0E7BCF1070F58
:104C30000DDC00236246714608A8FFF769FB0028D7
:104C40003FF44EAFDDE90AECBCF1070F37DDACF104
:104C500008034EFA03F3DBB203F1240259F82220D1
:104C6000002A3AD04B44ACEB020C93F8900410F0BD
:104C70000F054FEA201332D0AC451C440ADA2B460C
:104C80006246714608A8FFF743FB00283FF428AFAF
:104C9000DDE90AECACEB050C5BF82520013D4EFA92
:104CA0000CF35BF82510134099420399A8BF9B1A97
:104CB000059A52F8242021F8123001349CE7012390
:104CC000009362464B46714608A8FFF77DFB00281B
:104CD000FFF606AFDDE90AECC9E70923F0E70F2B81
:104CE00091D10F34E9E774B1A4450ADA234662464C
:104CF000714608A8FFF70CFB00283FF4F1AEDDE990
:104D00000AECACEB040C012479E7BCF1070F0DDCD5
:104D100000236246714608A8FFF7FAFA00283FF41C
:104D2000DFAEDDE90AECBCF1070F25DDACF10803CD
:104D30004EFA03F3DBB203F1240259F822204AB3FE
:104D40004B44ACEB020C93F8900410F00F054FEAC3
:104D5000201321D0AC451C440ADA2B46624671462A
:104D600008A8FFF7D5FA00283FF4BAAEDDE90AEC4F
:104D7000ACEB050C013442E70123009362464B463D
:104D8000714608A8FFF720FB0028FFF6A9AEDDE971
:104D90000AECDAE70923F0E70F2B7FF434AF0F3486
:104DA000E8E700BFE81E04082DE9F04F91B0D0F805
:104DB00018310746D0F8D06105914BB9D6F8248058
:104DC000B8F1000F0FD0B36A0120013BB36207E0D6
:104DD000B36A002BF2D1FFF743FB0028EED100208D
:104DE00011B0BDE8F08FBB6906F110050A970BAC56
:104DF0001A6806F1600A5B6806920793DFF890B2C2
:104E00000FCDD6E902EC0FC42B682360D7F86C31C4
:104E100043450FDCBB690BAD069A06F110041A601E
:104E2000BB69079A5A600FCDC6E902EC0FC42B6824
:104E30002360C8E7059BBCF1070F5AF8044B53F8F1
:104E4000283003930CDC00236246714606A8FFF766
:104E50005FFA0028C3D0DDE908ECBCF1070F4ADD9A
:104E6000ACF108034EFA03F3DBB203F1240254F869
:104E70002220002A4DD01C44ACEB020C94F8904444
:104E8000DAF84C30DAF824900493002B00F0A0807C
:104E9000CCB1A44509DA23466246714606A8FFF75D
:104EA00037FA00289BD0DDE908ECACEB040C5BF88A
:104EB0002420013C4EFA0CF35BF824101340994275
:104EC000ACBF9C1A1C4607EB8803D3F8702110ABCB
:104ED00003EB820252F8103C1C44039B42F8104C36
:104EE0001C800124049B9C4215DB3F2C40F38280F4
:104EF00008F101088AE701230093624623467146C0
:104F000006A8FFF761FA041EFFF669AFDDE908ECB9
:104F1000B6E70923F0E7BCF1070F0DDC002362467A
:104F2000714606A8FFF7F4F900283FF458AFDDE911
:104F300008ECBCF1070F37DDACF108034EFA03F3C0
:104F4000DBB203F1240259F82220002A3AD04B4464
:104F5000ACEB020C93F8900410F00F054FEA20130D
:104F600032D0AC451C440ADA2B466246714606A88C
:104F7000FFF7CEF900283FF432AFDDE908ECACEBE7
:104F8000050C5BF82520013D4EFA0CF35BF825106B
:104F9000134099420399A8BF9B1A3C4A52F8242017
:104FA00021F8123001349DE70123009362464B46FD
:104FB000714606A8FFF708FA0028FFF610AFDDE9F2
:104FC00008ECC9E70923F0E70F2B91D10F34E9E78B
:104FD00074B1A4450ADA23466246714606A8FFF773
:104FE00097F900283FF4FBAEDDE908ECACEB040CCC
:104FF00001247AE7BCF1070F0DDC002362467146FD
:1050000006A8FFF785F900283FF4E9AEDDE908ECD2
:10501000BCF1070F25DDACF108034EFA03F3DBB258
:1050200003F1240259F822204AB34B44ACEB020CA2
:1050300093F8900410F00F054FEA201321D0AC45EF
:105040001C440ADA2B466246714606A8FFF760F94F
:1050500000283FF4C4AEDDE908ECACEB050C0134EC
:1050600043E70123009362464B46714606A8FFF7CB
:10507000ABF90028FFF6B3AEDDE908ECDAE7092367
:10508000F0E70F2B7FF434AF0F34E8E7C0370408A4
:10509000E81E04082DE9F04F032AADF21C5D04461A
:1050A000164602911F4607D9036834225A610368E5
:1050B0009E6103681B689847029B002B4CD004EB51
:1050C0008603D3F8B45045B92368342220465A6188
:1050D00023689E6123681B6898473B683BB96368F7
:1050E0004FF4B262012120461B68984738603E6841
:1050F0004FF001094FF000084FF0090BC6F88C5033
:1051000015F809A00AEB0807B7F5807F06DD2368CC
:105110002046C3F814B023681B68984708F1FF388D
:1051200004AB98441AF1FF3A1BD209F10109B846C1
:10513000B9F1110FE4D1002304AA0DF58A7A4FF0DA
:10514000010BD35599469DF8108004AA12F8092046
:1051500022B349465B1A0AE004EB8603D3F8C45035
:10516000B1E708F8019FDDE74AF82120013104A8E2
:105170005A188946405C4045F6D00BFA08F3934232
:1051800008DC2368092120460092596123681B68C6
:105190009847009A530008F10108D6E705F1010984
:1051A000331D05F1110C4FF0FF3EC84645A818F815
:1051B000011B41B350F82210511A996418F8011CD0
:1051C0000A44511E50F821101960E04503F1040310
:1051D000EDD1304B4FF48062002106F190007364F2
:1051E00024F00CFF01234FF0000CC3F10802012151
:1051F0004FF0010A019201FA02F20CF1110103923F
:105200004A19009227E0C3F800E0DEE745AA0198BA
:1052100052F82C2002FA00FB06EB8B0E0BF28F40AB
:105220000EF18C0E3044009A4EF8043F127800F8CC
:10523000012FC0F59162073232441146039A11449E
:105240000A465A44002AEEDC009A0AF1010A0CF1DF
:10525000010C0132009299F800205245D6DA013350
:1052600009F10109092BC0D1029A22B11135474435
:105270001E46BD4203D10DF21C5DBDE8F08F15F84E
:10528000013B0F2BF5D9236820465E6123681B681C
:105290009847EEE7FFFF0F002DE9F84FD0F8E02028
:1052A0000446D0F8D0B100F5AA75D0F89831002A9C
:1052B00000F0C580D0F89C2193BB002A3AD1D4F8E5
:1052C000A031D4F8A42113B1013B934232D10D2A6D
:1052D00030DCA9460027D4F85031D4F89821BB42DD
:1052E00040DCD4F8A031002B7FD1002A7BD1BA4B0F
:1052F00000270BF11408CBF80430B946D4F850312C
:10530000BB4277DC0023CBF810300023CBE902331B
:10531000CBF82430D4F81831CBF82830BDE8F88F1A
:105320009A4207DBD0F8B031934203DBD0F850311A
:10533000012BC4D02368112220465A612368D4F877
:1053400098219A612368D4F89C21DA612368D4F803
:10535000A0211A622368D4F8A4215A6223681B682A
:105360009847B6E759F8043BD4F8A000D3F8048076
:105370004FEA082100EB010A8AB14258002A0EDAEE
:10538000226876234FF0FF312046536100232268C4
:10539000C2F818802268D361226852689047D4F816
:1053A0009861D4F89C21B24201DA013793E75AF8A8
:1053B0002620D4F8A01122EAE27291420DD0226890
:1053C00076234FF0FF31204653612268C2F81880DF
:1053D0002268D661226852689047D4F8A4214AF81E
:1053E00026200136DDE77D4B82E70AB97C4B7FE75B
:1053F0007C4B7DE7D4F8982155F8043B7AB9D4F872
:10540000A02142B95A690121204602F10B030BEB9E
:105410008303FFF73FFE48F8049B01376EE79E6960
:105420000021204606F10B0332460BEB86060BEB00
:105430008303FFF72FFEF36ACBF83C30EBE783B929
:10544000D0F8A0316BB9D0F8A43153B9D0F8DC2032
:10545000D0F89C310AB93F2B0CDCD4F8B0219A4229
:1054600008D023687D224FF0FF3120465A6123681F
:105470005B689847D4F8B0313F2B45D05A4B002693
:105480000BF11407CBF80430B146D4F85031B342D5
:105490003CDC0BF1600104F5B87500204FF0060C00
:1054A000524E4FF0010E524FD4F86C3183427FF7C9
:1054B0002CAF55F8043B04EB8303D3F85421536914
:1054C00010335BF8233041F8043B936914335BF8E5
:1054D00023304B62536B002B65D0D4F8B081B8F108
:1054E0000F0FD2E9092300F089802CDCB8F1030FFB
:1054F00047D0B8F1080F58D0B8F1000F40F0AD8098
:10550000C1F84CE00130CFE73A4BB8E755F8048BCF
:1055100001212046D8F8142002F110030BEB83037D
:10552000FFF7B8FDD4F8B0314BB1D8F818200021FE
:10553000204602F114030BEB8303FFF7ABFD47F8A2
:10554000049B0136A1E7B8F1230F03F1FF3A02F102
:10555000FF3964D0B8F1300F6FD0B8F1180F7CD19B
:10556000BAF1050F28BF0523B9F1050F03F1FF3389
:1055700028BF052203EB8303013A134456F8233076
:1055800010E003F1FF38B8F1020F02F1FF3828BF35
:105590000223B8F1020F28BF022202EB4303033BB0
:1055A00057F823300133CB64ACE703F1FF38B8F18F
:1055B000030F02F1FF3828BF0323B8F1030F03F1F3
:1055C000FF3328BF032203EB4303013A13440A4A83
:1055D00052F82330E6E700BFB54401081946010838
:1055E0008947010821480108B14A01089C200408A4
:1055F00028200408A94D01083820040803F1FF38C9
:10560000B8F1040F02F1FF3828BF0423B8F1040FEA
:1056100028BF042202EB8303184A053BD8E7BAF1FE
:10562000060F28BF0623B9F1060F28BF0622013B4B
:10563000013A0CFB0323124ACAE7BAF1070F28BF4D
:105640000723B9F1070F03F1FF3328BF0722C3EB8C
:10565000C303013A13440B4ABAE703F1FF38B8F128
:10566000080F02F1FF3828BF0823B8F1080F28BF40
:10567000082202EBC303044A093BA9E75C200408A3
:105680000021040890210408281F040838B5436845
:10569000D822012105461B689847174BC5F8D00151
:1056A00004460360D5F8E03043B9036503644365FD
:1056B000436483658364C365C36438BD6A6A01213A
:1056C0006B68284612021B68984700234FF0FF3191
:1056D000C5F8A0006A6A9A4205DC0023C4E90B33CE
:1056E000C4E90D33E9E700F5807240F8041B9042ED
:1056F000FBD10133EEE700BF99520108D0F8C83161
:10570000014A1A60704700BFD558010838B50A4AE7
:105710000025D0F8C83104461A600122C3E90455B7
:105720009A6103681B699847D4F8CC3120461B68FE
:105730009847C4F8A05038BDD55801082DE9F84362
:10574000D0F85021044600F5AA77012A36D1D0F8C6
:105750005431D969C0F86411196AC0F86811D86861
:10576000596A1D6A1A64C3E91112B5FBF0F100FB16
:105770001151002908BF0146C3E90E22D964002354
:10578000C4F86C21C4F87031B84600264FF03609D1
:10579000D4F850319E4278DBD4F8D03120461B68D3
:1057A0009847D4F8C03120461B689847D4F8C021E8
:1057B000D4F8C83152681A60BDE8F883013A032A68
:1057C0000CD903681B225A610368D0F850219A61F2
:1057D00004220368DA6103681B689847D4F83831FB
:1057E0000025D4F8A811B846E0694FF00E095943D6
:1057F00009F0A6FFD4F83C31D4F8A811C4F864012C
:105800005943206A09F09CFFC4F86C51C4F8680140
:10581000D4F850319D42B7DA58F8043B99685A6A77
:10582000D3F81CC04A43D86899635A6400FB01F658
:10583000D8631E64BCFBF1F201FB12C2002A08BF50
:105840000A46196A9A64B1FBF0F200FB1212002AB0
:1058500008BF0246DA64D4F86C3133440A2B06DD03
:1058600023682046C3F8149023681B689847002ECD
:1058700001DC0135CCE7D4F86C31013E5A1C5C33B5
:10588000C4F86C2144F82350F1E758F8047B3B6DD1
:10589000F3B93B69032B03F1280503D804EB850218
:1058A000526842B922682046C2F814902268936177
:1058B00023681B689847636804EB850584220121EF
:1058C0001B682046984784226968F3F711F8386509
:1058D00001365DE72DE9F84FD0F8C87104467B69C1
:1058E000F3B94FF00108A34ED4F8CC3120465B68E1
:1058F00098470128814618D0022813D101237B61E3
:10590000BB69002B00F08C81D4F8CC311B693BB112
:1059100023683D2220465A6123681B68984701E0AE
:105920004FF002094846BDE8F88FBB69002B00F034
:105930006581012B40F0B280226A4FF6DC739A42F7
:1059400002DCE2699A420ADD23682A2220465A6173
:105950004FF6DC7223689A6123681B689847D4F875
:10596000D430082B0AD02368102220465A612368BD
:10597000D4F8D4209A6123681B689847636A0A2B7D
:105980000CDD23681B2220465A612368626A9A61F3
:105990000A222368DA6123681B689847D4F8D85034
:1059A0004FF0000A4FF0130BC4F83881C4F83C8163
:1059B000636A9A450FDBD4F8DC302BB9D4F8E030B9
:1059C0007BB3D4F8503163B30823C4F8A8313F2324
:1059D000C4F8AC6139E0AB68013B032B03D8EB683A
:1059E000013B032B06D923682046C3F814B0236873
:1059F0001B689847AB680AF1010AD4F8382158357A
:105A00009A42ACBFC4F83821C4F83831D4F83C21EC
:105A100055F84C3C9A42ACBFC4F83C21C4F83C3128
:105A2000C6E7D4F89C313F2B00F0948049DC0F2B63
:105A300000F081803ADC032B71D0082B76D0002B4C
:105A40004FD1C4F8A881C4F8AC61C4F8B0314FF0AC
:105A5000000AD4F8A831D4F8D850D346C4F840315D
:105A6000C4F84431626AD4F8A8319245C0F29080FB
:105A7000D4F83C11206A594309F062FE636AD4F8F5
:105A80005021C4F848019A42D4F8C83104DBD4F854
:105A9000E020002A00F0AD80C3F81080D4F8503127
:105AA000002B40F0A8800223BB611DE7232B47D0C9
:105AB000302B4AD0182B14D10522C4F8A8212E4A25
:105AC00031E08F2B4ED007DC632B47D0782B47D0AB
:105AD000502B06D1092378E7C32B47D019DCA82B1C
:105AE00042D02368112220465A612368D4F89821B5
:105AF0009A612368D4F89C21DA612368D4F8A02144
:105B00001A622368D4F8A4215A6223681B68984754
:105B10009DE7E02B2CD0FF2BE3D1102355E7022289
:105B2000C4F8A821154AC4F8AC218EE70322C4F8B2
:105B3000A821134AF7E70422C4F8A821114AF2E782
:105B40000622C4F8A821104AEDE70722C4F8A821CC
:105B50000E4AE8E70822C4F8A82174E70A2334E7CC
:105B60000B2332E70C2330E70D232EE70E232CE71F
:105B70000F232AE7C0370408343A04080039040820
:105B800050390408B4390408D83A0408A83B04087A
:105B90006B620AF1010AD4F8A831A868AB62D4F8A4
:105BA0003821E369D4F8A8115843514309F0C8FDDE
:105BB000E861E868D4F83C21236AD4F8A811584376
:105BC000514309F0BDFD2862A868E369D4F8381193
:105BD000584309F0B5FDE862E868236AD4F83C113F
:105BE000584309F0ADFDC5F850B0C5E90C0858356B
:105BF00038E71A6152E70023BB6193E63B6933B98A
:105C00002368242220465A6123681B689847D4F8E9
:105C10005031002B3FF468AE2046FFF78FFD81E640
:105C2000D4F89030D4F898209A427FF779AEC4F82F
:105C3000983077E670B5D0F8A8110446C26A036BB5
:105C40004A43C0699A420ED809F07AFDD4F8A811E7
:105C50002067206A09F074FD01236067C4F84031B1
:105C6000C4F8443157E05D00AA420CD8400009F066
:105C700067FD2067206AD4F8A811400009F060FD94
:105C800002236067EAE71D44AA420ED800EB4000F9
:105C900009F056FD2067206AD4F8A81100EB4000F7
:105CA00009F04EFD03236067D8E79D00AA420CD897
:105CB000800009F045FD2067206AD4F8A811800013
:105CC00009F03EFD04236067C8E71D44AA420ED8D0
:105CD00000EB800009F034FD2067206AD4F8A81199
:105CE00000EB800009F02CFD05236067B6E7062570
:105CF00005FB03F6B24215D8684309F021FD206781
:105D0000206AD4F8A811684309F01AFDC4F840517C
:105D10006067C4F84451D4F8D8300022616A9142D7
:105D20006EDC70BDDD00EE1AB2420ED8C0EBC000D2
:105D300009F006FD2067206AD4F8A811C0EBC00066
:105D400009F0FEFC0723606788E7AA420CD8C00070
:105D500009F0F6FC2067206AD4F8A811C00009F009
:105D6000EFFC0823606779E71D44AA420ED800EBD8
:105D7000C00009F0E5FC2067206AD4F8A81100EB08
:105D8000C00009F0DDFC0923606767E70A2505FB11
:105D900003F6B242B0D90B2505FB03F6B242ABD9EC
:105DA0000C2505FB03F6B242A6D90D2505FB03F62B
:105DB000B242A1D90E2505FB03F6B2429CD9C3EB32
:105DC00003139A424FEA00130DD8181A09F0B8FCD1
:105DD0002067206AD4F8A811C0EB001009F0B0FCCD
:105DE0000F2360673AE7184609F0AAFC2067206A8B
:105DF000D4F8A811000109F0A3FC102360672DE777
:105E0000D4F840110132583343F8341CD4F844110B
:105E100043F8301C82E7000010B543681C220021C3
:105E200004461B689847084BC4F8C8010360074B39
:105E30004360074B8360074BC3600023C0E9043312
:105E40000123836110BD00BFD55801080D5701081B
:105E50003D570108FD5601082DE9FF47D0F8BC4128
:105E60009A4605468846236B914604F108073BB9DC
:105E7000D0F8C0313946DB689847B8B101232363B5
:105E8000D5F8446104F13402D5F8C4112846CDF8A0
:105E900000803346CDE9019AD1F804803946C047E5
:105EA000636BB34224BF0023C4E90C3304B0BDE8E4
:105EB000F0872DE9F04FD0F8BC411F468BB0054666
:105EC000236B8846164673B9236CD0F8C0210E3375
:105ED000D26854F82310904700285CD00123236334
:105EE000E36C0133E364636C012B10D0022B37D0D9
:105EF000002B50D10022E16C6263D5F84431013BA4
:105F0000A364D5F84831994248D001236364236CD7
:105F100004F13402CDF80080284603F10E01D5F8D3
:105F2000C431CDE901675E6854F82110A36CB04715
:105F3000626BA36C9A422ED3E36C012B6BD0236C63
:105F400083F00103236400232363D5F84431013334
:105F50006363D5F844310233A364022363641AE017
:105F6000236C04F13402CDF80080284603F10E01C1
:105F7000D5F8C431CDE90167D3F8049054F8211065
:105F8000A36CC847626BA36C9A4204D3002363647A
:105F90003368BB42AED30BB0BDE8F08FD5F8BCC1BF
:105FA0006FF0404ED5F8D8006B6A9A42ADDA816A3C
:105FB000C368D0F830A04B43D5F8441193FBF1F9F6
:105FC000BAFBF3F103FB11A1002918BF0B462AB954
:105FD000591E91FBF9F10131CCF84810DCF8401062
:105FE00073444FEA49094FF0000B0E319B005CF8F7
:105FF000211051F8221001EB030A04331944CB4558
:1060000002DB01325830CFE7DAF8003041F82B30AC
:106010000BF1010BF3E7D5F844310020D5F8D82077
:106020000133D5F8BC91059209936B6A984286DAE0
:10603000059A059B916ADB68D5F844215943D9F844
:10604000383091FBF2F153F82070D9F83C3053F816
:1060500020C0099B01FB03F26FF0030303FB01FE69
:106060004FEA82080A4407EB0E0307EB080A920086
:10607000E04407930EEB0C0307EB020B069302EBD5
:106080000C0308930023994204DC059B013058332C
:106090000593CAE7079A069E96465AF823204EF8BB
:1060A000232058F8232046F8232057F82320089E61
:1060B0004BF823205CF8232046F823200133E2E745
:1060C0001FB5D0F8C4410091CDE9012300236468D5
:1060D0001A461946A04704B010BD00002DE9F04F44
:1060E000024685B0D0F8BC4151B102297ED0036888
:1060F0000321596103681B6805B0BDE8F04F1847DC
:10610000D0F8D8319B68002B6DD03A4B6360D0F843
:106110004431D0F8BCC10193D0F8D8300CF1080B51
:106120000093019B02330393536A994209DB0023D6
:10613000C4E91033E3640023C4E90C3305B0BDE8BF
:10614000F08F009BD2F84451D8689B6A4343DCF837
:10615000380093FBF5F350F821E0DCF83C005BF8E5
:10616000045B50F82160039803FB00F900204845C8
:106170001FDB01986FF001074FEA430958434FEACC
:10618000800807FB0300800005EB080A3718284445
:106190004644002502974D4513DB6FF0030000FBDA
:1061A00003E50020834218DC009B01315833009343
:1061B000BAE755F8208046F820804EF8208001305C
:1061C000D5E7029FB8465AF8257048F8257050F870
:1061D000257046F825700135DDE7DEF8006045F8EA
:1061E00020600130DEE7044B6360A4E7034B63608B
:1061F000A4E700BFB35E0108595E0108C160010851
:106200002DE9F84F43680D46502201211B680446D2
:1062100098473E4BC4F8BC010646036035B123687D
:10622000032220465A6123681B689847D4F8D83166
:10623000D4F844519B682BB3012D06DC236830222F
:1062400020465A6123681B689847626A0121636887
:106250002046D4F8BC81D2001B680027D4F84451F2
:106260009847C8F83800636A05F1040A00EB830018
:10627000C8F83C00D4F8D890636AD4F844519F42DF
:106280000ADB0235D4F8D87008364FF00008636A8C
:10629000434521DCBDE8F88FD9F80C300121D9F84D
:1062A000280009F158095843636890FBF5F505FB90
:1062B0000AFB1B6820464FEACB029847D8F83830D3
:1062C00000EB850543F8275005EB8B05D8F83C30EB
:1062D00043F827500137CFE7FA6808F10108BB6A95
:1062E000583757F8341C5343D4F84421606893FB63
:1062F000F2F357F83C2C6B43D0F8089020464A4301
:106300000121C84746F8040BC1E700BFDD60010862
:106310002DE9F04786690446D6E9005CC0E93712EA
:10632000C0F8E430BCF1000F07D1F368984710B90A
:106330000020BDE8F087D6E9005CBCF101022F78AF
:1063400000F08B806B1C551E93F8008000F08E804F
:1063500001331A78013DC4F8D42000F09080013355
:106360001A78013D4FEA0222226200F09180013347
:106370001978013D226A0A44226200F092800133BA
:106380001A78013D4FEA0222E26100F09380013366
:106390001978013DE2690A44E26100F0948001331A
:1063A00003F101091B78D4F8B4210121636220466E
:1063B000236808EB0727013D9A61083FE269DA612B
:1063C000226A1A62626A5A62662223685A612368E4
:1063D0005B689847D4F8CC311B6933B123683C2201
:1063E00020465A6123681B689847236A23B1E369F2
:1063F00013B1636A002B06DC2368212220465A6110
:1064000023681B689847636A03EB4303BB4206D0CB
:1064100023680C2220465A6123681B689847D4F8E9
:10642000D8304BB9626A5821636820464A4301213B
:106430001B689847C4F8D800D4F8D8704FF000080B
:106440004FF0670A5837636A434545DCD4F8CC31CE
:1064500001201861C6E900956BE7F368204698476C
:1064600000283FF465AFD6E900326CE7F3682046B8
:10647000984700283FF45CAFD6E9003569E7F36838
:106480002046984700283FF453AFD6E9003567E728
:10649000F3682046984700283FF44AAFD6E9003514
:1064A00066E7F3682046984700283FF441AFD6E9F5
:1064B000003565E7F3682046984700283FF438AF79
:1064C000D6E9003564E7F3682046984700283FF492
:1064D0002FAFD6E9003563E747F8548C3DB9F36830
:1064E0002046984700283FF423AFD6E9009599F855
:1064F0000030013D47F8583C2CD009F101031A78CF
:10650000013D4FEA221102F00F0247F8501C47F8F4
:106510004C2C28D0013303F101091B7857F8582C73
:10652000012147F8483C20462368013D08F1010855
:1065300058379A6157F8A82CDA6157F8A42C1A62D8
:1065400057F8A02C5A622368C3F814A023685B682C
:10655000984778E7F3682046984700283FF4E8AE6C
:10656000D6E90035CBE7F3682046984700283FF48A
:10657000DFAED6E90035CEE70D2A2DE9F04102EB7A
:10658000030604460D46036870D90A784A2A6FD17B
:106590004A78462A6CD18A78492A69D1CA78462A2B
:1065A00066D10A79002A63D10122C0F81C214979F9
:1065B00080F820110129AA7980F82121EA7980F850
:1065C00022212F7A6A7A02EB0722A0F82421AF7ADF
:1065D000EA7A02EB0722A0F826210ED07A224FF0A9
:1065E000FF315A61036890F820219A61036890F89E
:1065F0002121DA6103685B6898472368012194F8D8
:10660000202120469A6194F82121DA61B4F82421EE
:106610001A62B4F826215A6294F822219A62592209
:1066200023685A6123685B6898472A7B6B7B134316
:106630000DD023685C22012120465A6123682A7B01
:106640009A6123686A7BDA6123685B6898472A7BD2
:106650000E3E6B7B12FB03F202EB4202B24232D0DF
:1066600023685A225A6123689E6123E0052A28D9AB
:106670002A784A2A25D16A78462A22D1AA78582A25
:106680001FD1EA78582A1CD12A79D2B96A79112AFD
:1066900005D0132A05D0102A05D16E22E2E76F2219
:1066A000E0E77022DEE75B225A6123686A799A612B
:1066B0002368DE612368204601215B68BDE8F04164
:1066C00018474F22CEE7BDE8F0812DE9F8438569F0
:1066D00004466B6833B32E683778B3F101084FEA8C
:1066E000072928D0013616F8017B5D222368012195
:1066F0004F4420465A612368023FD4F8B4219A617E
:106700002368DF6123685B68984708F1FF33002F37
:106710002E606B6004DDA369394620461B699847EB
:10672000012003E0EB68984710B90020BDE8F8832A
:10673000D5E90063D0E7EB68204698470028F4D0FD
:10674000D5E90068CFE72DE9F04184690646D4E930
:10675000007585B9E3683046984750B90020BDE818
:10676000F081D6F8CC21936901339361C4E90075B7
:10677000EFE7D4E900753B78013D0137FF2BF0D1FD
:10678000ADB9E368304698470028E7D0D4E9003532
:1067900093F80080013D5F1CB8F1FF0FF0D0D6F8F0
:1067A000CC219369B8F1000F03D10233DDE73B46FA
:1067B000EEE7A3B1336877224FF0FF3130465A61DC
:1067C000D6F8CC21336892699A613368C3F81C808B
:1067D00033685B689847D6F8CC3100229A61C6F8D6
:1067E000B4810120C4E90075B9E710B5D0F8B4311F
:1067F00004460BB3D4F8CC31D4F8B421596901F173
:10680000D0039A421ED123686422032120465A6194
:10681000D4F8CC21236852699A6123685B68984751
:106820000023C4F8B431D4F8CC21012053690133DA
:1068300003F00703536104E0FFF785FF0028D9D177
:10684000002010BDA36920465B6998470028EAD163
:10685000F6E70023D0F8CC21C0F8D830C0F890304B
:10686000C0F8B4319361C2F8A430C2E90333704771
:106870002DE9F04F8669CBB004467568FDB13268EA
:10688000013D177825D0013292F80090013D02F1C8
:10689000010B09EB072905AFA9F10209B9F1100FA6
:1068A0001FDCB9F1000F06D022680C21204651618F
:1068B0002268126890470120C6E900B503E0F3683A
:1068C000984718B900204BB0BDE8F08FD6E90025F5
:1068D000D6E7F368204698470028F3D0D6E900258C
:1068E000D2E735B9F368204698470028EAD0D6E9C0
:1068F00000B5236852229BF8008001215A6120468E
:1069000023680BF1010ACDF80480013DC3F818801B
:10691000D34623685B68984700223A70924601226A
:10692000002D40F09A80F368204602929847002894
:10693000C8D0029AD6E9001501F1010B0978013D92
:10694000B95401328A44112AEAD12268A9F111030B
:1069500079784FF05809204602939161B978D16156
:10696000F97811623979516279799162B979D16294
:10697000F9791163397A516302212268C2F81490BF
:106980002268526890472268797A20469161B97AE4
:10699000D161F97A1162397B5162797B9162B97B5D
:1069A000D162F97B1163397C516302212268C2F8FC
:1069B0001490226852689047BAF5807F02DC029BEF
:1069C000534506DA2268092120465161226812687F
:1069D00090474FF000090AAAD14540D118F0100F96
:1069E000029BA3EB090917BFA8F1100308F12D08BA
:1069F00008F121080193019B04EB8808032B08D9B7
:106A000022681F2120465161226893612268126822
:106A10009047D8F8002022B92046FBF749FBC8F878
:106A20000000BE46D8F800200DF1240AF4460832D2
:106A3000BCE80300D44542F8080C42F8041CE646C2
:106A4000F4D19CF8001011704FF48072D8F8000057
:106A50000AA91130F1F74CFF20E759466CE74DB910
:106A6000F36820460392984700283FF42BAF039A1F
:106A7000D6E900B59BF80010013D0BF1010B09F8B8
:106A8000021009F10109A7E72DE9F74F0446D4F8F0
:106A9000B43143BBD4F8CC31DB68002B48D1A569B5
:106AA0006A68002A36D02B68013A93F8008038D003
:106AB0000133B8F1FF0F02F1FF3603F101091F782E
:106AC00001D1D82F0BD02368372220465A61236882
:106AD000C3F818802368DF6123681B689847C4F8EF
:106AE000B471C5E90096D4F8B431CF2B65DCCD2B59
:106AF0002ADAC42B00F0918232DCC12B00F098819D
:106B00001DDC012B00F0D583C02B00F088812368A9
:106B100046221BE0EB682046984770B1D5E9003269
:106B2000C2E7EB682046984738B1D5E90032C0E7A4
:106B30002046FFF708FE0028D5D10020E4E0C22B54
:106B400000F07981C32BE2D123683E225A612046AE
:106B50002368D4F8B4219A6123681B6898475AE1E6
:106B6000C92B00F06C81EFDBCB2BEDD040F36981BA
:106B7000A6697568002D00F0EB813368013D1F7830
:106B800000F0EF81013393F80080013D03F101092A
:106B90004FF01D0B08EB0728A8F10208B8F1000F11
:106BA00000F3E88106D023680C2220465A6123684E
:106BB0001B689847C6E900952DE1DB2B00F0318278
:106BC00000F3A580D82B00F0ED80C0F27283D92BA2
:106BD00000F0B181DA2B9AD1D4F8CC31A6691B69C7
:106BE000D6E9007533B92368402220465A612368EC
:106BF0001B68984735B9F3682046984700289CD011
:106C0000D6E90075013D97F8009000F01D8101372D
:106C100097F80080013D08EB092800F01E817B1CDD
:106C200093F8009069225F1C2368012120465A6175
:106C3000013D2368C3F8189023685B68984709F101
:106C40000303B8EB430F08D1B9F1040F05DCB9F128
:106C5000000F09D1D4F8E03033B923680C22204664
:106C60005A6123681B6898474FF0000AC4F8509196
:106C7000D14500F3FB803DB9F368204698470028D2
:106C80003FF45BAFD6E900753B78013DC4F898311D
:106C900000F03F8101373B78013DC4F89C3100F0A2
:106CA000418101373B7801212046013D1A1103F053
:106CB0000F0307F10108C4F8A021C4F8A431D4F8E7
:106CC000982123689A61D4F89C21DA61D4F8A02134
:106CD0001A62D4F8A4215A626B2223685A6123688D
:106CE0005B689847D4F8CC3100225A61B9F1000FA3
:106CF00004D0D4F890300133C4F890300023012040
:106D0000C6E90085C4F8B43103B0BDE8F08FEF2BBD
:106D100041DCE02B80F2C582DC2B00F0D782DD2B3A
:106D20007FF4F5AEA6697368002B00F09682356893
:106D3000013B95F8008000F0998201352A785F1EAA
:106D400002EB0822042A06D023680C2220465A614E
:106D500023681B689847002F00F09182013595F851
:106D60000080013F4FEA082800F09282013515F8B3
:106D7000013B5422013F01219844236820465A6177
:106D80002368C3F8188023685B689847C4F81881A3
:106D9000356077603FE0FE2B7FF4B9AED4F8CC319C
:106DA000DB6983E223686822012120465A61236857
:106DB0005B689847D4F8CC31DB6833B123683F2255
:106DC00020465A6123681B68984704F1E80204F1E1
:106DD000F80000230121052502F8013B9042D17300
:106DE000D577F9D140F2011284F82830C4F8303157
:106DF000C4F81831C4F81C31A4F820214FF0011256
:106E000084F82231C4F8283184F82C31D4F8CC31FC
:106E1000C4F82421D9600023C4F8B43137E6002334
:106E200001211A462046FFF773FA0028F3D184E6C1
:106E30000023002201E0002301220021F2E70123C8
:106E4000F7E701231A46F8E7F36820469847002839
:106E50003FF473AED6E90075DAE6F368204698474A
:106E600000283FF46AAED6E90035D9E63DB9F368AB
:106E70002046984700283FF460AED6E90075013DF2
:106E800097F800B034D07B1C5F1C013D1B780020BC
:106E9000D4F8D880626A904233DB216820460093A0
:106EA00004234B612168C1F818B02168096888473C
:106EB000009B04EB8A016A2220460AF1010AC1F80C
:106EC0005481191103F00F03C8F81410C8F81830D2
:106ED0002168C1F818B0D8F81430CB61D8F8183050
:106EE0000B62012123685A6123685B689847BFE6FB
:106EF000F3682046984700283FF41FAED6E90035D6
:106F0000C2E7D8F800108B45D3D0013008F15808FB
:106F1000C1E7F3682046984700283FF40EAED6E953
:106F20000075B8E6F3682046984700283FF405AEA0
:106F3000D6E90075B6E623685722204601215A613A
:106F400023685B68984700230220C4F8B431DBE66D
:106F5000F3682046984700283FF4EFADD6E90035A6
:106F60000CE6F3682046984700283FF4E6ADD6E9E2
:106F7000003508E63DB9F3682046984700283FF4FD
:106F8000DCADD6E90095013D99F8007026D009F1F5
:106F9000010393F800A003F10109226851230121A4
:106FA00020465361013D2268A8F1020897612268DA
:106FB000C2F81CA02268526890471F2F08D9226887
:106FC0002046C2F814B02268976122681268904780
:106FD0000F2F27440BDD87F8F8A0DFE5F368204684
:106FE000984700283FF4A9ADD6E90035D1E70AF06B
:106FF0000F014FEA1A12914287F8E81087F8F8203B
:107000007FF6CCAD22681E21204651612268C2F86D
:1070100018A023681B689847C0E52046FFF728FCA6
:1070200003E7A5696B68D3B12968013B0E781FD0CF
:1070300001310F7803F1FF394A1C07EB0627023FA5
:10704000002F1EDC08D021680C20009248612046E9
:10705000216809688847009AC5E90029DBE6EB68E2
:107060002046984700283FF468ADD5E90013DCE7D7
:10707000EB682046984700283FF45FADD5E9001340
:10708000D7E7013FB9F1000F07D1EB6820469847D9
:1070900000283FF452ADD5E900291678532102F1BA
:1070A000010B2268331106F00F0651612046226859
:1070B0000121009309F1FF3996612268D3612268AA
:1070C00052689047032E08D922682021204651613A
:1070D0002268966122681268904704EB8606D6F80B
:1070E000A42022B92046FAF7D9FFC6F8A400009BD5
:1070F000D6F8A460BBB17F2F71DCB21E06F17E0111
:10710000012022F8020F9142FBD14FEA670ABAF13F
:10711000100F5ED013DCBAF1040F63D0BAF1090F7F
:1071200018D06C4A17E03F2F59DCB21E06F17E01E1
:10713000012022F8020F9142FBD1BA46E7E7BAF1EB
:10714000240F48D0BAF1310F47D0BAF1190FE8D166
:10715000614A00E0614A02EB8A0390465A46019375
:10716000019B434540D12168896E012928DD06F144
:10717000800B4FF05F0830881036216801928861DB
:1071800036F80E0CC86136F80C0C086236F80A0C9A
:10719000486236F8080C886236F8060CC86236F881
:1071A000040C086336F8020C486320462168C1F8D5
:1071B000148021684B6802219847B345019ADAD1BF
:1071C000009BA7EB0A07002B3FF43AAFA7EB0A0797
:1071D00036E7434ABFE7434ABDE7434ABBE74FF0C0
:1071E000400A9EE7414AB6E7009B2BB3B9F1000F76
:1071F00007D1EB682046984700283FF49EACD5E9BC
:10720000002992F800B0B9F101034FEA0B2B0AD024
:10721000511C4A1C097803F1FF398B4458F8041BB0
:1072200026F811B09CE7EB682046984700283FF409
:1072300084ACD5E90013ECE7B9F1000F07D1EB6896
:107240002046984700283FF478ACD5E9002992F809
:1072500000B009F1FF390132E0E7F36820469847B2
:1072600000283FF46AACD6E9005361E5F368204694
:10727000984700283FF461ACD6E900535EE5F36817
:107280002046984700283FF458ACD6E9005766E5F9
:10729000F3682046984700283FF44FACD6E90057E2
:1072A00065E5D4F8CC21D83B52F8233020469847E6
:1072B000BBE523685E22012120465A612368D4F889
:1072C000B4219A6123685B689847A4E52046FFF7DC
:1072D000FCF9AAE5C0370408343A04085039040818
:1072E000B4390408D83A0408A83B04080039040853
:1072F0000B2A2DE9F041044605682DD90E78412E60
:107300002AD14E78642E27D18E786F2E24D1CE7854
:10731000622E21D10E79652E1ED1CB790A7A4E7A52
:1073200002EB03228B7A4F7903EB0623CE7A89791D
:1073300001EB0721C5E90836C5E906124E220368AC
:1073400001215A6103685B689847012384F82C6126
:10735000C4F82831BDE8F08150211344204669610A
:1073600021688B6101212368BDE8F0415B68184703
:107370002DE9FF47876904467A68002A38D03B68C0
:10738000013A1E783ED001331D7802F1FF3803F137
:10739000010905EB0625023D0D2D3BDC002D3EDDF0
:1073A000AA460026B8F1000F37D1FB68204698475F
:1073B00008B3D7E9003803F101091B7808F1FF3859
:1073C0000DF806300136B245ECD1D4F8B431AD1B1E
:1073D000E02B26D0EE2B35D02368462220465A617A
:1073E0002368D4F8B4219A6123681B6898471EE08B
:1073F000FB68984718B9002004B0BDE8F087D7E9CA
:107400000032BDE7FB68204698470028F3D0D7E953
:107410000032B9E74FF00E0AC3E74B46CBE7002630
:10742000D3E72B46324669462046FFF7A5F8002DE4
:10743000C7E9009804DDA369294620461B699847DF
:107440000120D9E72B46324669462046FFF750FF18
:10745000EDE72DE9F0417C2203680F46D0F8B461D6
:107460005A610546036807F101089E6108F00708A4
:10747000036808F1D008D9614FF0FF3103685B68F9
:107480009847BF2E31DDA6F1D003072B2BD8B0458E
:1074900029D0BB1C03F00703D033B34223D07B1E9B
:1074A00003F00703D033B3421FD0BC1E04F007041F
:1074B000D034B44214BF012402242B686322042177
:1074C00028465A612B689E612B68DC612B685B68DB
:1074D0009847022C0BD0032C02D00023C5F8B431FE
:1074E0000120BDE8F0810324E7E70224E5E7284610
:1074F000FFF729F90028F4D0D5F8B461C1E70000FE
:1075000038B54368AC22002104461B6898470E4BEF
:10751000C4F8CC010022036000F160050B4B0C495C
:1075200043600C4BC161836000F12003026643F8A5
:10753000041BAB421A64FAD1074B036283652046F1
:10754000BDE83840FFF785B953680108896A01082A
:10755000CB660108EB6701087173010838B5D0F8F4
:10756000B8510446AB68002B2ED00021A960D0F89A
:10757000E0311B689847D4F8C431022120461B68CB
:107580009847D4F8BC3102211B6820469847A3686D
:10759000CBB1EA68DA60D5E90223002AA26814BFF9
:1075A000022101210B441361236C63B1D4F8C8316B
:1075B0005B6943B9E16EA2680029136914BF022117
:1075C00001210B44136138BD436D6BB1D0F8883095
:1075D00053B9C36D002B37D0C36E002B34D0AB69C9
:1075E000C0F8E0310123AB60D4F8D43120461B68E9
:1075F0009847D4F8C03120469B689847636C002BAD
:10760000C5D12B6923B9D4F8DC3120461B689847D3
:10761000D4F8D83120461B689847636D2BB1D4F855
:10762000E0312046A9681B689847AA682046D4F82C
:10763000C431002A1B6814BF032100219847D4F8E5
:10764000BC3100211B68A0E7636E1BB16B69C4F8F5
:10765000E031C9E723682F2220465A6123681B685E
:107660009847C1E7426D10B5D0F8B8411AB1D0F8CB
:10767000E0319B689847E3680133E36010BD10B5C3
:10768000C36C0246002B42D1D0F83001002840D113
:1076900092F82830032B39D1536A032B36D192F854
:1076A0002930022B32D1936F032B2FD1D2F8D8304F
:1076B000996802292AD1196E012927D1D3F8B81067
:1076C000012923D1D968022920DC596E01291DD155
:1076D000D3F8BC10012919D1596AD2F84041A1420E
:1076E00014D1DC6FA14211D1D3F8D440A1420DD105
:1076F000996AD2F84421914208D1D3F8802091426E
:1077000004D1D3F8D800431A5842584110BD002084
:10771000FCE71846FAE72DE9F04143690446CA2B15
:1077200008D0036815225A61036842699A610368A8
:107730001B68984720460026FEF77CFAD4F8D8301C
:10774000626AB24242DDE26C0120D4F840E1002AD4
:1077500014BF4FF0080C4FF0040C0AE09968D4F8FD
:1077600038714143490097FBF1F501FB157121B9CF
:10777000400000FB0EF26245F0DD5A620125E16C2B
:10778000D4F844E1002914BF4FF008084FF0040872
:1077900005FB0EF0404508DD410098628A4211DC8D
:1077A00052009042C8BF9A620DE0D968D4F83CC13B
:1077B000694349009CFBF1F701FB17C10029EBD19C
:1077C0006D00E5E7596201365833B9E7D4F8D8506F
:1077D0000026626AB24209DC94F82930013B042B8E
:1077E00039D8DFE803F0243434363600AB6801368C
:1077F000686A5835D4F83821D4F8A8115843E36999
:107800005143584307F09CFF55F84C3C45F82C0C6D
:1078100055F8300CD4F83C21D4F8A8115843236A09
:107820005143584307F08CFF45F8280CD1E701235A
:10783000A367636D8BB9A36FE3672046FFF71FFF54
:1078400068B1D4F83C31C4F88030BDE8F08103233E
:10785000EEE70423ECE7A267EBE70123ECE7012363
:10786000F1E70000F8B543681C22012104461B68BB
:10787000002698476F4BC4F8B80103606E4B8660D2
:1078800043602046D4F8B851FFF745FF63684FF4D2
:10789000B062012120461B68984700F580730746B7
:1078A0003146C4F84C314FF4807222F0A7FB07F147
:1078B000FF03314603F8011F0131B1F5807FF9D193
:1078C00007F2FF1307F27F32FF2103F8011F9342F3
:1078D000FBD100264FF4C072002107F5607022F042
:1078E0008DFB8022D4F84C1107F5A060F1F700F869
:1078F000EE602046FFF7C3FEAE61C5E90406636D86
:1079000013B3226C02B3636C002B75D1A36F032BEE
:107910004FF0010378D063660023C4E91A33C4F83A
:107920008830636E2BB1204606F0BCFFD4F8E031FE
:107930006B61E36E0BB9A36E5BB1204607F08CFE62
:10794000D4F8E031AB6104E0C4E91966E666002BC7
:10795000D9D1636C4BB92B692046002B5FD000F066
:107960000FFAE16E204600F08FFB2046FCF7A0FCEA
:10797000D4F8E4302046002B57D0FBF703FBD4F8B3
:10798000C8311B69002B53D1216C003118BF012174
:107990002046FBF7E3FF616C11B92046FEF730FC8F
:1079A000636820469B699847D4F8C83120469B6895
:1079B0009847A168F9B1236CEBB9D4F8C8311B69B9
:1079C000CBB1D4F8E020636A12B103EB4303023376
:1079D00000224A60D4F84801A16843438B60A36841
:1079E000DA60E36E9342A3680CBF022203221A619D
:1079F000EB680133EB60F8BD2368302220465A6102
:107A000023681B68984781E7D4F888200AB1A366E9
:107A100087E7E26D0AB1E36683E7636681E7FCF717
:107A2000C5F9204600F054FC9BE7FDF72FFEA6E7C2
:107A30000121ADE75D75010865760108D0F8D83100
:107A400000225A62426FDA62704770B5059D144693
:107A5000D0F8D8312A68DE68049B03EB82032268E1
:107A6000B0472B6801332B6023680133236070BD5E
:107A70002DE9F04FD0F8D85189B0D3F800902E6995
:107A8000D5F81CE04B4601966E69D0F84C41029641
:107A9000AE690D68039655F8225004954D688968C3
:107AA00055F82250049E059551F82250026FDDF8DA
:107AB00014805208A91806910699063302368D42A1
:107AC00026D10623006F5343C00709EB03011CD5E1
:107AD00005982D78865C03985EF8267050F825008E
:107AE0003844029F57F8266004EB2040049F17F8A3
:107AF0001220019F57F82550A71834447D5D8D70E2
:107B0000805C4870A25C09F8032009B0BDE8F08FE2
:107B100015F801AB019918F8017B51F82AC00399B7
:107B2000A44451F82AA05EF82710514416F802AC7C
:107B3000079102991CF80AB051F82770079903F8C9
:107B400004BC274404EB214111F80AB003F805BC3A
:107B500017F80AA003F806AC16F801AC1CF80AC026
:107B600003F801CC11F80A1003F8021C17F80A10E8
:107B700003F8031CA0E72DE9F04FD0F8D8518BB0E3
:107B8000D0F84C412E69D5F81CA003966E69049676
:107B9000AE690D68059655F8326005EBC2056D6853
:107BA000B646069607954D68896855F8225051F8F3
:107BB00022800895056F1A686D085B68DDF81CC0A7
:107BC00008EB050100920193099108990291099926
:107BD000063206330EF1020E88450CF1020C3AD142
:107BE0000623009A006F6B43C00702EB0301019A62
:107BF0001A442DD598F80000039E089F56F820E0FF
:107C00007F5D059E5AF827C056F820000EEB04064B
:107C10008444049850F8277004EB2C4C06983C449C
:107C200010F8150016F800E081F802E01CF800E0FA
:107C300081F801E0215C0098C154079911F81510F2
:107C4000705C90701CF801005070625C0199CA541D
:107C50000BB0BDE8F08F18F8019B039951F829B0DB
:107C6000029911F8016B029105995AF8267051F8A2
:107C700029101EF8029C3944049F57F826600BEB2C
:107C8000040704EB214117F809B0264402F804BCAC
:107C900011F809B002F805BC16F8099002F8069C24
:107CA0001EF8019C17F809B002F801BC11F809B0E0
:107CB00002F802BC16F8099002F8039C1CF8029C1A
:107CC00017F809B003F804BC11F809B003F805BCB3
:107CD00016F8099003F8069C1CF8019C17F8097027
:107CE00003F8017C11F8091003F8021C16F80910BA
:107CF00003F8031C6BE72DE9FF41DDE90AC8D0F862
:107D0000D8411646D8F80030656A0CEB8302DDB125
:107D1000A36A012504F12000019300230095194670
:107D200007F01BFD00236362D8F800302B44C8F82D
:107D30000030E36A5D1B636AE56213B9336801339F
:107D4000336004B0BDE8F081E76A0C9D022FA5EB1B
:107D500003055CF8233028BF02270293BD4228BFE9
:107D60003D46E768022D17BF236A5368039301233A
:107D70000CBF0393636202AB3268B847D4E70000DC
:107D8000F8B543683022012104461B689847374BF9
:107D9000C4F8D8010546036000238360216FA26FF9
:107DA0004A438262D4F83C11022959D1304B012157
:107DB0004360304BC360204663685B689847286225
:107DC00063684FF48062D4F8D85101211B682046C3
:107DD0009847286163684FF48062012120461B6840
:107DE0009847686163684FF48062012120461B68F0
:107DF0009847A861636820464FF4806201211B68A0
:107E000098471D4FE8610023DFF884C01B4E1C4CCF
:107E10001C480CFB03712A69091442F8231006FB65
:107E200003F26969A2F56202A2F5A242121441F8B6
:107E3000232004FB03F1AA6901F5B60101F5D24143
:107E400042F8231000FB03F2E96902F5321202F551
:107E5000506241F823200133B3F5807FD9D1F8BDBA
:107E6000094A03624260094AC260A9E73D7A0108F3
:107E7000F77C0108777B0108800B4DFFA2C501004C
:107E80002E49FFFFE6A7FFFF4B7A0108717A010830
:107E9000E9660100022937B5D0F8C44124D003298E
:107EA00019D000292AD1426D82B1184A6260E26875
:107EB0003AB9436801210091DD69A1682369A847A7
:107EC000E0600023C4E9053303B030BDD0F8D831F9
:107ED0005B686360F5E7A26822B9026851610368D4
:107EE0001B6898470A4BF4E7A2682AB90268032185
:107EF000516103681B689847064BEAE70268032153
:107F0000516103681B689847DBE700BF197F0108D0
:107F10007F7F01080B8001082DE9F04188B0D0F87F
:107F2000C48105460F9C109E2768A6EB070C08AE7F
:107F3000002746F8047DD0F8D8710597D8F810705E
:107F40000196BC4594BFCDF808C00297D8F80C60E4
:107F50000096059E7668B0472168D5F8E03128463E
:107F60000E9A5E6802EB8102079BD8F80C10B047AE
:107F70002368079A1344236008B0BDE8F0812DE917
:107F8000F04FD0F8C44185B092469B46A2690546A1
:107F90008946DDF83C8023693AB9426801210091A5
:107FA000D669A1686269B047E06022694946A7695D
:107FB0002846029204F11802D5F8D8310192E268FD
:107FC000009252465E685B46B047A669BE4210D931
:107FD000D5F8E031F61BE1680022D3F8049028467A
:107FE000334601EB8701C847D8F800301E44C8F873
:107FF00000602269A369934204D3636913446361F7
:108000000023A36105B0BDE8F08F2DE9FF41D0F852
:10801000C44107460B9EA169D4E9043229B94568D9
:108020000091ED69A168A847E06063697D6FA1696F
:10803000ED1A236932685B1A0A989D4228BF1D46D3
:108040000C9B9B1A00EB82029D4228BF1D46E368F1
:1080500003930398D7F8E03100EB81013846D3F859
:1080600004802B46C04733682B443360A3692269E0
:108070001D449542A56104D36369134463610023E1
:10808000A36104B0BDE8F0812DE9F34143680E46D9
:108090001C2201211B68044600279847154B054602
:1080A000C4F8C4010360C0E90277636DBBB1D4F8C2
:1080B0003C3103616168226FA06F9EB100FB02F644
:1080C000D1F81080606F194607F03FFB2B693A46E4
:1080D0000121CDE9000333462046C047A86002B025
:1080E000BDE8F0818E68424301212046B047E86038
:1080F000F5E700BF957E0108D0F83C21D0F8D831D3
:10810000DA65426F1A6670472DE9F04F85B0D0F8F6
:10811000D841D0F83C31054602928A46E26DDDF83E
:108120003C809A420FDBD0F8D83000264FF0580B35
:10813000039304F13403039A0BFB06216A6AB242EB
:1081400033DC0023E365D8F80030E26DD5F83C61FC
:108150001099B01ACE1A216E8E4228BF0E46D5F85D
:10816000DC11864228BF064628460096D1F80490C6
:108170000E9901EB830304F10C01C847D8F80030D5
:108180003344C8F80030236E9B1B2366E36D1E4406
:10819000E665D5F83C319E4204DB029B029A1B68DF
:1081A0000133136005B0BDE8F08F029A03F10409B2
:1081B0001868283B12685AF8267084469200D9F84D
:1081C0002C00013600FB027228466746B8474B4632
:1081D000B1E71A60704700221A607047F0B51F6857
:1081E0000023D0F83C11994200DCF0BD57F8231071
:1081F000046F52F823500C44A14201D30133F0E73D
:1082000015F8016B01F8026B01F8016CF4E72DE938
:10821000F34705461E68D0F8D801A2F104094B685F
:108220000024034493F8967093F88C8007F1FF3A8A
:10823000D5F83C31A34202DC02B0BDE8F08756F825
:1082400024302A6F59F8040F1A4493420CD3012F9B
:1082500008DD2B6F324621463046CDE900A3631C72
:1082600007F07BFA3C44E3E710F801EB41469C46FB
:1082700009B94344E9E70CF801EB0139F8E72DE9C6
:10828000F341054617461E6800244FF00108D5F853
:108290003C31A34202DC02B0BDE8F08156F8243044
:1082A0002A6F57F814101A4493420AD32B6F2146B1
:1082B00032463046CDE90083631C023407F04DFAA4
:1082C000E5E711F8010B03F8020B03F8010CEBE7EB
:1082D0002DE9F84F4368A022012104461B68984706
:1082E0003F4BC4F8D801074603603E4B4360002370
:1082F0008360D4F8303133B123681A2220465A61A2
:1083000023681B689847D4F8D86007F10C054FF034
:108310000008DFF8E090DFF8E0A0636A434501DC85
:10832000BDE8F88FF068B36AD6F808C04343D4F8C4
:108330004401D6F824E0D4F84011D4F838B193FBC6
:10834000F0F3D4F83C01AB65726B32B9264BAB62EB
:1083500008F1010858360435DFE70EFB0CF292FBFA
:10836000F1F1594503D1834201D1204BEFE7BBEB3B
:10837000410F19D1834211D1C5F828A06368D4F800
:108380003811206FD3F808B007F0DFF9D4F83C318A
:10839000024601212046D8472860D9E7B0EB430FB9
:1083A00002D1C5F82890E9E79BFBF1F201FB12B17D
:1083B00069B990FBF3F103FB110343B90C4BAB62BA
:1083C00007EB080383F88C2083F89610D6E7236820
:1083D000272220465A6123681B689847CEE700BFD2
:1083E000F980010809810108D7810108D3810108BA
:1083F0000F8201087F820108DD81010800B5036852
:10840000B3B0DB686946984733B05DF804FB0029D8
:10841000034610B504680BDAE26E12B1A26E022AAE
:1084200002DDA26818469047E36E0133E36610BD93
:10843000A36E8B42FBDBA368BDE8104018470268BF
:108440000023D36602685361704730B5026887B075
:108450000C465369002B21DD516F99421EDB116FD1
:1084600051F8231011B99361136F19680846034638
:1084700013F8015B05BB536B20460593136B049304
:10848000D36A0393936A0293536A0193136A009326
:10849000D2E9062322F0AAF807B030BD906F002879
:1084A000E1D0D16F9942DEDCD2F880509D42DADB18
:1084B000591A50F82110D5E7252D09D14378732B8F
:1084C000D9D11832204607B0BDE8304022F08EB82E
:1084D0001846CCE710B5036804469B6898472046C9
:1084E000BDE81040F9F7D0BD0A4A0B4902600B4ABB
:1084F00001677E2142600A4A82600A4AC2600A4AD3
:1085000002610022C0E91A224261C0E91D12C0E9DD
:108510001F227047D5840108542204080F840108E3
:10852000FD8301084B8401083F8401082DE9F04FC9
:10853000C3B0D1F854C0D0F84C61023A4C9C02A9A7
:108540000CF1200A9FEDC25ADFEDC24A9FEDC24AEC
:10855000DFEDC23A0194B2F91200B2F92250B2F939
:108560003280B2F942B0B2F95240B2F96290B2F937
:1085700072E032F9027F07EE907AB8EEE77AFCEC0F
:10858000017A67EE277A002840F0D780002D40F06E
:10859000D480B8F1000F40F0D080BBF1000F40F064
:1085A000CC80002C40F0C980B9F1000F40F0C580AC
:1085B000BEF1000F40F0C180C1ED007AC1ED087A34
:1085C000C1ED107AC1ED187AC1ED207AC1ED287A9B
:1085D000C1ED307AC1ED387AE24501F10401BAD13A
:1085E0001C1F0AA91C339FED9E2A9FED994ADFEDBF
:1085F000992A9FED993ADFED993A11ED087A2031E9
:1086000051ED0C7A37EE027A11ED0A6A51ED0E6ADD
:1086100051ED0F4A77EE875A54F8045F37EE677AC8
:10862000019A76EE867A019F76EEC66AA818A34272
:10863000B0EE675A35EEA76A75EEE75A51ED0D7A3E
:1086400016EE845A77EE056A37EE457A11ED0B5A2D
:1086500075EE270A35EE675A51ED097A74EEA71ABE
:1086600074EEE74A30EEA11A75EE247A71EEE01A44
:1086700067EEA27AB0EE670A44EEE37A76EE014A3C
:1086800005EE430A36EE416AFDEEE44ABDEEC66AE7
:1086900014EE902A30EE415AC2F30902B25CF0EEB9
:1086A000450AEA5516EE102A36EE856AC2F309022B
:1086B00051EE840A76EEC56ABDEEC66AB25CC2713E
:1086C000FDEEE66A16EE102A77EEE07AC2F30902B2
:1086D000B25C427016EE902A77EE206AC2F309026D
:1086E00037EE607AFDEEE66AB25CBDEEC77A827163
:1086F00016EE902AC2F30902B25C827017EE102ABD
:1087000035EEA77AC2F3090275EEE77ABDEEC77AB5
:10871000B25CFDEEE77A427117EE102AC2F309024D
:10872000B25CC27017EE902AC2F30902B25C027109
:108730007FF463AF43B0BDE8F08F07EE105ADCED75
:108740000F6ADCED371AF8EEC75A07EE10BA65EE7D
:10875000A66AF8EEC75A9CED1F7A65EE875A07EEB7
:10876000109AB8EEC76A9CED2F7A35EEA73A77EEED
:10877000E57ADCED175A26EE076A36EE867A76EE53
:10878000C66AB0EE476A33EE072A33EE473A07EE81
:10879000100A16EE856AF8EEC76A9CED077A66EE57
:1087A000876A07EE108A77EE862A77EEC67AB8EEE9
:1087B000C76A07EE104A66EE255AB8EEC76A9CED06
:1087C000277A26EE076A07EE10EAB8EEC77A35EE8A
:1087D000861A36EE656A27EE217A76EE875A36EEED
:1087E000C77A71EE251A76EE076A75EEC15A66EE03
:1087F000A46AF0EE660A47EE636A46EE440A30EE7B
:10880000E16AB0EE461A15EE851A36EEC17A72EEBE
:10881000216A32EE612AC1ED006A72EE866A32EE9A
:10882000C66A81ED382AC1ED086A77EE816A77EE73
:10883000C17A81ED306AC1ED106AC1ED287A73EE1C
:10884000077A33EE477AC1ED187A81ED207AC3E6D4
:10885000F304B53F5E83EC3F753D2740D48B8A3FE0
:10886000008000432DE9F04FC5B04C6D023A0293F1
:1088700004A9D0F84C3103F1800B04F120030393D9
:10888000B2F97230B2F91290B2F92270B2F932C074
:10889000B2F94260B2F95200B2F96280019354F821
:1088A00004EB32F9023F0EFB03F3B9F1000F65D17F
:1088B000002F63D1BCF1000F60D1002E5ED10028E3
:1088C0005CD1B8F1000F59D1019D002D56D10B603C
:1088D0000B620B640B66C1F88030C1F8A030C1F8A0
:1088E000C030C1F8E030039B0431A342C8D10CABC7
:1088F0000093029BA3F1040A1C3302934E9B5AF887
:10890000049F009C09EB0302009B009954F8206C23
:1089100051F8141C53E9070354E9048554E902E7AC
:10892000002840F09880002B40F09580002940F00E
:108930009280B8F1000F40F08E80002D40F08B80C7
:10894000BEF1000F40F08780002F40F08480C6F316
:1089500049184E991BF8083009F80130537093708C
:10896000D370137153719371D371009B20330093B3
:10897000029B9A45C2D145B0BDE8F08FE56B05FB7F
:1089800007FEE76F4FF4B5757743D4F8BC6006FB7C
:1089900008F8FE18DB1BAEEB08070EEB080A6F4366
:1089A000019D06EB0A08A6EB0A06CAEB272703EB94
:1089B000070EDB1BE7690093E36D07FB09F703FB79
:1089C0000CFCD4F89C305843D4F8DC3003FB05FA97
:1089D0000CEB0005A0EB0C0C40F2D91307EB0A09D5
:1089E000A7EB0A070CEB070A05EB0900A9EB050545
:1089F00003FB0AFA6FF4277303FB0CFC4FF4B57307
:108A00004FEA2A2A5D4340F215130AEB2C2C5F43F0
:108A1000009BACEB000CCAEB272A08EB0007A8EB85
:108A20000000CCEB25250F60C1F8E0000EEB0C0038
:108A3000AA440862AEEB0C00C1F8C00058195B1BD9
:108A40000864C1F8A03006EB0A03A6EB0A06C1F8D9
:108A500080300E6647E708EB060C4FF4B574A6EBC2
:108A6000080803EB0E06A3EB0E030CEB060E6343A4
:108A70004C19691AC519C6EB2323C71BACEB0606B4
:108A8000019408EB030CC819A8EB030304EB0508D9
:108A900040F2D91460436FF427746143019C0012C3
:108AA0002D1B4FF4B57400EB2121654340F21514E2
:108AB000A1EB080167434E9CC1EB2525C0EB2720A5
:108AC0000EEB0807AEEB080EC7F349172844CEF3A8
:108AD000491E1BF8077009F804701BF80E70D77157
:108AE0000CEB0107ACEB0101C7F34917C1F34911C6
:108AF0001BF8077057701BF80110917159195B1B17
:108B0000C1F34911C3F349131BF8011091701BF80D
:108B1000033053713318301AC3F34913C0F34910AB
:108B20001BF8033013711BF80030D3701DE70000F1
:108B30002DE9F04FC7B00493D0F84C31486D06A929
:108B400080330293931E019300F120030593019B50
:108B5000019AB3F912A0B2F95280B2F96260B2F987
:108B6000724050F804EB32F902CFB3F92270B3F936
:108B700032500EFB0CFCB3F942300192BAF1000FF7
:108B800065D1002F63D1002D61D1002B5FD1B8F1E9
:108B9000000F5CD1002E5AD1002C58D14FEA8C0323
:108BA0000B600B620B640B66C1F88030C1F8A0301B
:108BB000C1F8C030C1F8E030059B04318342C6D112
:108BC0000EAB0193049BA3F104091C33059359F8E0
:108BD000043F509A03939A18019B53F8200C53F8C2
:108BE000045C103053E907A653E905E753E9038411
:108BF000BAF1000F40F0B480002E40F0B180BEF119
:108C0000000F40F0AD80002F40F0AA80B8F1000FB7
:108C100040F0A680002C40F0A380002D40F0A08002
:108C2000C0F34910029B509C1B5C03980355537082
:108C30009370D370137153719371D371019B20336F
:108C40000193059B9945C2D147B0BDE8F08FC26B37
:108C50004FEA4C3C02FB07F9D0F8BC7041F25112CC
:108C60007743C66F09EB070E734302FB0EFE5E03EC
:108C700041F67E020CF5806302FB09E906EB030B6B
:108C8000764A9B1B02FB07EEABEB090209EB0B07D5
:108C900003920EEB0306D0F8DC20A3EB0E0302FBDD
:108CA00004F9D0F89C4042F2A15204FB08F8C46DCC
:108CB00004FB05FCC56905FB0AFA09EB0C0508EB8A
:108CC0000A0E05EB0E045443654A02FB0545654A4E
:108CD00002FB0E4409EB0A0E634A02FB0EFE40F64D
:108CE0008E1205EB0E0BA64402FB09B943F20B0BE7
:108CF0005E4A0BFB0AEE08EB0C0A44F2B31B02FBC4
:108D00000AFA5544544446F2542A0BFB08440AFB21
:108D10000C5A07EB0E05A7EB0E0EED124FEAEE27ED
:108D20000D6006EB0A05A6EB0A0AC1F8E070ED1229
:108D30004FEAEA260D621D191C1B039BED12C1F8B8
:108D4000C0604B44E4120D64DB12C1F8A0400B6616
:108D5000039BA3EB09094FEAE923C1F880302BE715
:108D6000331941F2511107EB000CC01B4B4341F684
:108D70007E014FEA4C3C01FB0636384901FB0434C6
:108D8000430306EB0C07ACEB0606E1180AEB080CF4
:108D90001B1B0EEB0504049142F2A15104EB0C00E5
:108DA00048432F4901FB04042E4901FB0C000AEB48
:108DB000050C2D4901FB0CFC40F68E1104EB0C0B4D
:108DC000844401FB05B543F20B0B28490BFB0ACC8D
:108DD0000EEB080A44F2B31B01FB0AFA0299504455
:108DE000544446F2542A0BFB080007EB0C080AFB1C
:108DF0000E44A7EB0C0CC8F38948CCF3894C11F84E
:108E000008E003998846509908F801E0029911F8A2
:108E10000C700499D7710F190299C7F38947CF5D78
:108E2000049957700C1B0299C4F3894A11F80A403F
:108E300094711C18181AC4F38944C0F389400C5D5E
:108E400094700B5C53717319751BC3F38943C5F39D
:108E50008945CB5CD3704B5D1371EFE6DFC4FFFF38
:108E60003BC1FFFF84F3FFFF33E3FFFFFDADFFFFD7
:108E70002DE9F04FB9B04E6D971E0493043ED0F823
:108E80004C310DF11C0C8033019302F10C0305935E
:108E900037F9022F40F6122456F8043F42F6C6096D
:108EA0000CF1040C5343306CD6F880105B03D6F8F9
:108EB000C02003F580630293B7F920305843B7F917
:108EC00040305943B7F960305A4341F63743A1EB7C
:108ED000020E00EB020803FB0EFE431A04FB03F52F
:108EE000029B0EEB05041C44844B03FB0144029BD4
:108EF000A1EB080109FB08336FF41F7942F64158D2
:108F000009FB0232B7F91090724403927C4A02FBCB
:108F10000033306AD6F8A0202B4400FB09F9356EE7
:108F2000B7F930004543B7F9500009EB050E50433F
:108F300041F6EF5202FB0EFBA9EB050E40F2735215
:108F40008144054402FB0EFE6E4AABEB0E0ADE4482
:108F500041F2A33B5543039A0BFB09F943F6DE3B71
:108F6000AE44CA440BFB009902EB0A00A2EB0A0ACA
:108F70004D444FEAEA22C012CCF8A42004EB0E02C2
:108F8000A4EB0E044CF8040CD212E412CCF8182016
:108F90005A195D1B029BD212CCF8884008FB0131A4
:108FA000059BED12CCF83420C912BB42CCF86C50B2
:108FB000CCF850107FF46CAF049B0EA8A3F1040909
:108FC0001833049359F8043F1C30429A50F8205C3F
:108FD0009F18039350F8283C50F8304C5A1B41F628
:108FE000374350F8386C04EB050803FB02FE50F8D9
:108FF000283C40F612221036E31A50F82CAC7603C7
:1090000002FB03FC50F8283C0EEB0C011A463B4BCC
:10901000314403FB021142F6C6036FF41F7203FBD7
:10902000086302FB0532364D05FB043350F8245C1F
:109030007244634450F834CC02930CEB0A0441F6BA
:10904000EF5303FB04FBACEB0A0440F27353AC4454
:10905000AA445C432B4BABEB040E5C4441F2A33BB4
:1090600003FB0AFA019B0BFB0CFC43F6DE3B54446A
:10907000E6440BFB05CC02EB0E05E244A2EB0E0E20
:10908000C5F38945CEF3894E5D5D039B9C46429BAB
:109090000CF80350019B13F80E20BA710A19091B32
:1090A000C2F38942C1F389419A5C7A705A5C029B8F
:1090B0007A7103EB0A02019BC2F389429A5C029B1C
:1090C000BA70A3EB0A0A019BCAF3894A13F80A3063
:1090D0003B7150F8283CA3EB080842F6415303FBD0
:1090E0000868019BC8F3894813F80830FB70049B9B
:1090F0004B457FF467AF39B0BDE8F08F15C5FFFF72
:10910000F1B0FFFFE1D3FFFF2DE9F04FA7B0D0F89A
:109110004C414D6D961E04F180000A32043D02AFB1
:109120000090019236F9021F42F2317455F8042F73
:109130000437B6F940004A43D5F88010B6F920C08C
:109140004143520341F2A160B6F9309002F58062CA
:10915000B6F9508041435018A2EB4102296CD2125B
:1091600001FB0CF1B6F910C061432C6E00EB010E4F
:1091700004FB09F9401AD5F8A040296A04FB08F855
:1091800040F6B63401FB0CF1A8EB090B01EB080C1F
:1091900001EB090AA1EB090104FB0CFCA1EB080897
:1091A0000CEB4A3A4FEA88080EEB0A01AEEB0A0EC6
:1091B0000CEB4B3CC91247F8041C4FEAEE217967CF
:1091C00002EB0801A2EB08027961FA6500EB0C02E0
:1091D000A0EB0C0CD2124FEAEC20FA62019A7864F0
:1091E000B2429FD108A8A3F1040E03F114095EF85E
:1091F00004AF41F2A161309B42F2317450F8082C67
:10920000F1450AEB030750F8183C01FB02F250F855
:10921000048C03F1100300F118004FEA433303EB11
:109220000201A3EB420350F8282C04FB02F240F6A3
:10923000B63401EB0206A1EB020150F82C2C02EB34
:10924000080504FB05F550F8244C02EB040CA2EBD6
:109250000402A8EB040B009C05EB4C3CA2EB0808B5
:1092600005EB4B3506EB0C02A6EB0C064FEA483833
:10927000C2F38942C6F38946A25C309C0AF80420F6
:10928000009A009C925D7A7103EB0802A3EB08033D
:10929000C2F38942C3F38943A25C7A70E35C3B71F9
:1092A00001EB0503A1EB0505C3F38943C5F389452C
:1092B000E35CBB70635DFB7099D127B0BDE8F08FB4
:1092C0002DE9F04F9DB0D0F84C014D6D961E8030C9
:1092D0000832043D03AF41F64C1E4FF4356C00904C
:1092E000019236F9021F043755F8042FB6F92040D1
:1092F0004A43296CB6F940906143D5F88040286A0A
:10930000520304FB09F9B6F910A002F58062B6F920
:1093100030B001EB0904A1EB090100FB0AFA286E49
:109320000CFB01F10EFB04F800FB0BFB541841F69B
:109330009A20A2EB810208EB0409A4EB08040AEBD3
:109340000B08D21200FB08F841F271007A6200FBB0
:109350000A8A3B48019A00FB0B8809EB0A0BA9EB30
:109360000A0AB24204EB0809A4EB08084FEAEB2B07
:109370004FEAEA2A4FEAE92947F804BC4FEAE82411
:10938000C7F84CA0C7F81090BC63AAD1A3F1040E93
:1093900008A9103341F64C1A4FF4356901935EF871
:1093A000048F41F69A20269B143151F8185C08EB83
:1093B000030C51F8204C51F8283C6219641B1033FF
:1093C00051F81CBC09FB04F451F8247C5B030AFB34
:1093D00002F21E19A3EB84039519B21A07EB0B06D0
:1093E000C3F38943464341F2710000FB0767144809
:1093F00000FB0B6605EB070B0098ED1BCBF3894BCD
:10940000C5F3894510F80BB0269808F800B000980D
:10941000455D8CF804509519921BC5F38945C2F33C
:109420008942455D8CF80150825C8CF80320C35C56
:109430008CF80230019B7345B1D11DB0BDE8F08FAF
:109440005CBAFFFF2DE9F04F93B0D0F84C514C6D52
:10945000961E80350632043C02AF41F2511841F6A7
:109460007E0EDFF820C136F9021F043754F8040FCE
:10947000B6F92090B24200FB01F1206CB6F910A0C1
:1094800000FB09F0B6F930B001EB0009A1EB0001D7
:10949000206A4FEA890900FB0AFA206E4FEA81012F
:1094A00000FB0BF00AEB000B08FB0BFB0BF5806BD2
:1094B0000EFB0ABA0CFB00B04FEAEA2A4FEAE020A2
:1094C00009EB0A0BA9EB0A0A01EB0009A1EB00006A
:1094D00047F804BCC7F82CA0C7F80C90F861C2D1BB
:1094E00006A81F1F03F10C0E41F2511A41F67E0926
:1094F000DFF8908057F8043F10301C9A50F8184C51
:10950000BE4503EB020C50F8202C50F814BC50F868
:109510001C6C02F11002019302EB0401A2EB0402A5
:1095200006EB0B044FEA41310AFB04F44FEA4233E5
:10953000019A09FB064608FB0B4401EB060BA1EB65
:1095400006010093CBF3894B1C9BC1F3894115F8AD
:109550000BB002F803B06B5C8CF80330009B234423
:10956000C3F38943EB5C8CF80130009BA3EB04024E
:10957000C2F38942AB5C8CF80230BBD113B0BDE8BA
:10958000F08F00BFDFC4FFFF2DE9F04F8BB0D0F8A4
:109590004C014E6DA2F1020C149F8030043E043247
:1095A0000DF1040E41F2A16942F231783CF9024F0B
:1095B0000EF1040E56F8041FBCF92050624501FB61
:1095C00004F1346CBCF910B004FB05F44FEA4131EE
:1095D000356A01F5806109FB04F405FB0BF501EB2D
:1095E000040AA1EB440108FB05F54FEAE1210AEB6F
:1095F000050BAAEB050ACEF808104FEAEB2B4FEA51
:10960000EA254EF804BCCEF81450CFD11E1F04A991
:10961000083341F2A16842F2317E51F80C2C0C3132
:1096200051F8104C103251F8145C08FB04F456F851
:1096300004AF52030EFB05F50AEB070CB34202EB35
:109640000409A2EB440209EB050BA9EB0509C2F3DF
:109650008942CBF3894BC9F3894910F80BB00AF85A
:1096600007B010F809508CF80250825C8CF8012089
:10967000D3D10BB0BDE8F08FF0B54F6DD0F84C41B1
:109680003968B2F9000080343E6A4143B2F91000F3
:10969000B2F902C046430431059D7018891B7E68EB
:1096A00006FB0CF6B2F912C07A6A02FB0CF2D3F890
:1096B00000C0B718B21A0CEB050EC619C01BC6F3D2
:1096C000C906C0F3C900A65D0CF80560205C8EF8E1
:1096D000010058688B18891AC3F3C9034619C1F3EE
:1096E000C901E35C4355635C7370F0BD10B54C6D0C
:1096F000B2F9001022684A43D0F84C110432C2F388
:10970000C9020A4492F880101A68029BD15410BD15
:109710002DE9F04FD1B04C6DA2F102080693043C44
:10972000D0F84C3108A803F1800A02F10E03079328
:1097300038F9023F41F2A16654F8045F0430B8F9E9
:1097400040905D43226CB8F92030B8F960106D0389
:109750005A43D4F8803005F58065B8F9307003FBC2
:1097600009F9D4F8C030B8F950C04B43B8F970E0EB
:109770007343E918A5EB43030093A2EB090373437A
:109780000193DDE900355E1902EB090342F68725F6
:109790006B4342F2AB256A4340F2DC7505FB09F9E5
:1097A000CD18CB1AA5EB090513448A1A216A4A443D
:1097B00002938B4B0392B8F910205143226E7A43E7
:1097C000D4F8A07007FB0CFCD4F8E0705A4341F6C3
:1097D000175307FB0EF701EB0C0B01EB070903FB1B
:1097E0000BFB40F67A73A1EB0C0103FB09F90BEBC1
:1097F000090EAEEB0203ACEB070ECF1B049342F64F
:10980000914303FB0EF3A2EB030E05931A4442F2BD
:109810003173DE445F43049B4A44E918ED1A029B0E
:10982000C912ED1240F8041CF119F61BC0F8FC50E7
:10983000C912F612C16103EB0E01A3EB0E0EC0F8C4
:10984000DC60C9124FEAEE23C163C0F8BC30039B51
:109850001344DB12C365039B9A1AD212C0F89C20F2
:10986000DDE90032A3EB4203DB12C367079B4345EC
:109870007FF45EAF069B10AA043B0093069B203347
:109880000693009B41F2A16752F8105C2032194602
:1098900052F8249C51F8043F0593059B00915A9976
:1098A0005C1852F8403C52F8381C10335E0352F8F2
:1098B000283C7B43F018A6EB430301934B1B7B43EF
:1098C00042F687270293DDE901369E194B197B4347
:1098D00042F2AB27794340F2DC7707FB05FEC5185F
:1098E000C31A3F4FA5EB0E050B44411A52F83C0C2E
:1098F0007144039341F6175300EB090E049152F89B
:10990000341C794352F82C7C00EB070BA7EB0908B9
:1099100003FB0BFB40F67A7303FB0EFE42F691430A
:109920000BEB0E0C03FB08F852F82C3CACEB010CD3
:10993000A1EB0807C01A42F2317341445F44A0EB27
:10994000090905EB0C00A5EB0C05714403FB09F9B3
:10995000C0F38940059BC5F389451AF800009E466F
:109960005A9B0EF803001AF80500039B207206EBC1
:109970000900A6EB0906C0F38940C6F389461AF828
:10998000000060701AF80600E071D819DF1BC0F300
:109990008940C7F389471AF80000A0701AF8073009
:1099A000A371049B0B44C3F389431AF80330E3709B
:1099B000049B591AC1F389411AF801306371DDE93A
:1099C0000131A3EB41030099C3F389431AF8033033
:1099D0002371069B8B427FF454AF51B0BDE8F08FEA
:1099E000CFD8FFFF2DE9F04FD9B0496DA2F1020C9D
:1099F00006930439D0F84C3103F1800802F10E03CC
:109A000008AA07933CF902EF41F2710551F8043FAF
:109A10000432BCF9400003FB0EFED1F88030BCF9E3
:109A200020B0434342F29D404FEA4E3EBCF9609065
:109A300000FB03F440F6FC500EF5806E43430EEB42
:109A4000040AAEEB0300E31A41F69A24AEEB43039B
:109A5000BCF950E0DB1200930B6C03FB0BFBD1F85D
:109A6000C03003FB09F30BEB030904FB09F405FB0E
:109A70000B4BA14D05FB03490C6ABCF970500AEB76
:109A80000B07A0EB090300EB0906BCF93000AAEBB9
:109A90000B0B0193BCF910305C430B6E4343D1F8C0
:109AA000A00000FB0EFED1F8E000684303EB0009C4
:109AB0001B1A40F6E310584302904FEA4E300390D1
:109AC00041F66F6000FB09F00490DDE9020500EB50
:109AD000050A049D42F6B34000FB04505044059033
:109AE00040F214706043451BAA4441F2CF2505FBA8
:109AF00009F9DDE90205281A41F28C45A0EB033093
:109B0000E31A6543A3EB0E0E42F65303A5EB0905DA
:109B10006343059C4FEA8E0E3C19A3EB0903E41244
:109B20001B1A284442F8044C059C3F1BF418F61AF3
:109B3000FF12E412F612C2F81C71D461C2F8FC6084
:109B4000009B7344D363009BA3EB0E03C2F8DC308D
:109B5000019B0344DB12D365019B181A0BEB0A032C
:109B6000ABEB0A0ADB12C012D3674FEAEA25079B68
:109B7000C2F8BC006345C2F89C507FF443AF069B1B
:109B800010AAA3F1040B243305935BF8043F42F2BF
:109B90009D446299203252F8300C5918049352F8BF
:109BA000403C04FB00FC40F6FC5452F8386C103387
:109BB00052F8285C604352F83C7C5B0303EB0C0AD0
:109BC000ACEB000C1C1A7019A3EB4C03009341F68C
:109BD0009A23434341F2710000FB0639464800FBDB
:109BE000053041F66F650AEB0906AAEB090A23184E
:109BF0000193231A52F82C0C02934FEA403C52F87E
:109C0000343C52F8240C1C181B1A40F6E310039441
:109C10006C4342F6B345584305FB074E40F21475BA
:109C20000CEB0009ACEB00007D43CE44A0EB03300D
:109C30002C1BFB1A039DA14441F2CF24CCEB433CE7
:109C400042F653036C4341F28C457B436F43049DC2
:109C50001B1B3C1B629F1B1A204406EB0E04A6EB49
:109C60000E06C4F38944C6F3894618F80440EC553F
:109C700018F806404C72019C1C44C4F3894418F83F
:109C800004404C70019CE51AC5F3894518F805306D
:109C90000B72009B6344C3F3894318F803308B7045
:109CA000009BA3EB0C0CCCF3894C18F80C30CB7157
:109CB000029B0344C3F3894318F80330CB70029B23
:109CC000181AC0F3894018F800308B710AEB0903A9
:109CD000AAEB0909C3F38943C9F3894918F803308A
:109CE0000B7118F809304B71059B5B457FF44DAF44
:109CF00059B0BDE8F08F00BF5CBAFFFF2DE9F04F0F
:109D0000E3B0496DA2F1020B08930439D0F84C314D
:109D10008033019302F10E0309930AAB3BF902CFA2
:109D200040F6C95951F8046F0433BBF920200C6C7C
:109D300006FB0CFCBBF9408045F27E165443BBF990
:109D40006050D1F880204FEA4C3CD1F8C00002FBB3
:109D500008F2BBF950E06843151A04EB000875439C
:109D6000161B09FB06F9A8EB020602960CF58066A5
:109D7000029F42F66C3C0CFB076C05EB0907D34EC7
:109D8000674406FB027641F66A47039644F2B5360D
:109D900006FB00C675190E6E0495CD4D05FB04CA71
:109DA0000AEB090541F2745A0595CA4D05FB08C82E
:109DB00005F6BE3505FB00800D6A0690C648444393
:109DC00043F6396000FB0244BBF9700004EB080263
:109DD0000792BBF910205543BBF930205643D1F808
:109DE000A020AC1902FB0EFED1F8E0200EEB040817
:109DF0007C434243B94F08EB02004FF44C6805EB3B
:109E0000020908FB00F805EB0E000AFB00FA40F619
:109E1000B83000FB098904EB0A00484407FB05053C
:109E200006EB0E00A7F2AD7707FB008044F258273F
:109E300007FB06072744AA4C04FB0E00A94C50441C
:109E400006EB020A04FB0AFA44F2473404FB02A4BC
:109E50005744A14442F20B0404FB0EFEA24C04FB47
:109E600006EEA4F2F76404FB02EE049A2A44F044DE
:109E7000D21243F8042C049A551B039A3A44ED126B
:109E8000D212C3F83C51DA61039AD71B069A0244F6
:109E9000FF12D212C3F81C71DA63069A101A059ADF
:109EA0004A44C012D212C3F8FC000298DA65059A3F
:109EB000A2EB0909079A42444FEAE924D212C3F8F7
:109EC000DC40DA67079AA2EB080845F6AD0202FB10
:109ED00010C24FEAE824D212C3F8BC40C3F89C2059
:109EE000099A5A457FF41AAF089A12ABA2F1040EF0
:109EF000283209925EF8042F45F27E1C6C9940F6D8
:109F0000C95A53F8084C203308920A4453F8301CBD
:109F100053F8385C081B53F8407C05EB040853F8F1
:109F20002C9C0CFB00FC481B10370AFB00FAA8EB2A
:109F3000010002907803029E42F66C3707FB060789
:109F40000CEB0A0661483E4400FB016041F66A469C
:109F5000039044F2B53000FB0470604404905C4808
:109F600000FB057B0BEB0A0041F2745B059059483E
:109F700000FB087800F6BE3000FB048043F639642D
:109F800006905548454353F8340C04FB015553F8EB
:109F90003C4C05EB08012518079109EB050853F81F
:109FA000241C754304EB090608EB010C4FF44C68C4
:109FB0000BFB06FB04EB010A08FB0CF840F6B83675
:109FC00005EB0B0C06FB0A8A444ED44406FB04CC7A
:109FD00000EB0904A6F2AD7606FB048444F2582691
:109FE00006FB00462E443E4D05FB09443D4D5C44B6
:109FF00000EB010B05FB0BFB44F2473505FB01B5FC
:10A000005E44AA4442F20B0505FB09F9364D05FBF7
:10A010000099A5F2F765019805FB019904996C9DDB
:10A020006144C844C1F38941415C08984155049991
:10A03000A1EB0C000199C0F38940095C0198917271
:10A0400003993144C1F38941415C517003998E1BDE
:10A05000C6F38946815D517206992144C1F3894155
:10A06000415C917006990C1BC4F38944015D117227
:10A0700005995144C1F38941415CD1700599A1EB27
:10A080000A0ACAF3894A10F80A10D17107994144A3
:10A09000C1F38941415C11710799A1EB0808C8F32C
:10A0A000894810F808100298917145F6AD0101FB3E
:10A0B00010770199C7F38947C95D5171099A7245B3
:10A0C0007FF418AF63B0BDE8F08F00BFB4C5FFFFE9
:10A0D00091CFFFFF05DBFFFF7DD3FFFF76E2FFFFA0
:10A0E000DAD9FFFF75C6FFFF0DD1FFFF2DE9F04F55
:10A0F000EBB0496DA2F1020A0893D0F84C3103F19C
:10A1000080080B1F009302F10E0309930AAB00991C
:10A1100040F6F7093AF9022F043351F8044FBAF91F
:10A1200040B05443D1F88020BAF9605002FB0BFBD9
:10A1300042F23172D1F8C060640302FB0BFBBAF942
:10A1400020700A6C6E4304F580640091574342F618
:10A15000B632760304EB0B007A437F03A4EB0B0BC0
:10A16000BAF930C0BD1B02EB060ED21B6119961B5B
:10A170000191611B0BEB0602029100EB0E010592AF
:10A18000ABEB06020391A0EB0E01069241F68D3E69
:10A1900004910099BAF910200C6E0F6A04FB0CFCB4
:10A1A000D1F8A0405743BAF95020BAF9700054438F
:10A1B000D1F8E02042F6CF1142433E1901FB0CFBDF
:10A1C000AE49951901FB0CF00EFB05FE40F65B0550
:10A1D00005FB06E10BEB01050791A949AEEB0B0B63
:10A1E00009FB0759A5184D43A1F6DB51461901FBA0
:10A1F00004660799ACEB040441F2511C0E4443F28F
:10A20000C62101FB02BB9F4901FB07009E49AB44ED
:10A2100001FB0200BA1A01F2534141F67E071519FB
:10A2200070440CFB05F501FB0454039907FB025233
:10A2300001EB0907A1EB090901994FEAE925FF1292
:10A24000C3F85C518D188A1A43F8047CED12D212BF
:10A25000DD61C3F83C21059A3244D212DA63059AD3
:10A26000961B069A5A44F612D212C3F81C61DA659C
:10A27000069AA2EB0B0B029A22444FEAEB25D2126C
:10A28000C3F8FC50DA67029A141B049A0244E412E1
:10A29000D212C3F8DC40C3F89C20049A101A099A21
:10A2A000C0125245C3F8BC007FF431AF089B12AA1C
:10A2B000A3F1040B2C33089352F8186C42F6B63015
:10A2C0005BF8043F40F6F70A4FEA463E749952F8AD
:10A2D000204C704352F8086C2032079310340B4422
:10A2E00052F8305C760342F23171640352F83C9CC0
:10A2F000AEEB060C4D4304EB0C076119651BA4EB98
:10A300000C0400EB060CA0EB0E00019441F68D3E10
:10A3100001EB0C04861BA1EB0C0152F8240C0294F7
:10A320000391A91952F82C4C0491A91B42F6CF15A0
:10A3300052F8346C059152F8341C00974D434F4944
:10A34000524F714309EB040600EB060C0EFB0CFCAC
:10A3500040F65B0E0EFB06CE05EB0E060AFB096609
:10A3600004EB000A0696464E06FB0AFA01EB0A06C3
:10A3700007FB0466434F07FB0911434F7644ACEBE0
:10A38000050E07FB001143F2C62552F8347C05FB8D
:10A3900000E5A9EB00003C1B41F2511E554401EBC6
:10A3A0000C0A00EB040C3A4F029941F67E090EFBB1
:10A3B0000CFC07FB04C4069F09FB00C001EB070E61
:10A3C000079FCEF3894E18F80EC0BE46749F0EF854
:10A3D00007C0069FCF1BC7F3894718F80770DF72C5
:10A3E000009F0744C7F3894718F807705F70009F04
:10A3F000381AC0F3894918F8090098720498304453
:10A40000C0F3894018F8000098700498861BC6F3C2
:10A41000894618F80600587205982844C0F3894008
:10A4200018F80000D8700598451BC5F3894518F841
:10A430000500187201982044C0F3894018F8000004
:10A4400018710198041BC4F3894418F80400D871EA
:10A4500003985044C0F3894018F8000058710398DD
:10A46000A0EB0A01C1F3894118F801109971089B0A
:10A470005B457FF421AF6BB0BDE8F08FAFEEFFFF1F
:10A480008BDEFFFF5CEAFFFF8CC0FFFFB0D0FFFF59
:10A49000DFC4FFFF2DE9F04FF9B0951E0D93D0F802
:10A4A0004C31803301934B6DA3F1040B02F10E0389
:10A4B0000F9310AB35F9021F40F219395BF8042FE6
:10A4C00042F6F13EB5F9400042F2E01C4A43DBF8A7
:10A4D0004060B5F9601041F602685203DBF8E070A5
:10A4E000043302F580620592B5F920205643DBF86B
:10A4F00080205043DBF8C0200CFB06FC4A43811847
:10A50000821A049242F2F942DDE904044A4309FB4B
:10A51000004040F67C490EFB062E0EEB000406942C
:10A5200041F20C047443A41A2218049C07924FF4BD
:10A53000226209FB04094A43ACEB020C0CEB090054
:10A5400042F6502C0890D24800FB062205984A4457
:10A55000099240F6F252514341F6FE526243DBF853
:10A56000A040121ACB4800FB06FAAAEB010AAAEB9C
:10A5700002000A90C84800FB0611B5F930008A1A9B
:10A58000B5F910100B92DBF820204A43DBF860107D
:10A590004143B5F9500002926043B5F970407C43E5
:10A5A00042F23E57039454180CFB04F441F6CB2CB2
:10A5B0000C9414186743039C02EB04090C9C08FBE1
:10A5C00009FA04EB070EB54CD64404FB02EE0C1856
:10A5D000B34A54430C9A0CFB014C9444B14A02FB1D
:10A5E0000044E2190E92039A8F18AF4A7A4344F25C
:10A5F00094670C929444039A14460C9A07FB042720
:10A60000AA4A574400EB040A02FB0AFA0E9A524483
:10A61000BA4440F6D5271446029A07FB09F940F6DA
:10A62000332707FB0292A24F07FB0122411A08FBC6
:10A6300001F840F64E41424401FB00886FF45F513F
:10A64000039801FB008806997144C144C91243F87C
:10A65000041C0699A1EB0E0E4FEAEE21C3F87C1103
:10A6600008996144C912D9610899A1EB0C0C4FEA11
:10A67000EC21C3F85C1107992144C912D9630799E9
:10A680000C1B0A995144E412C912C3F83C41D96524
:10A690000A99A1EB0A0A0B9911444FEAEA27C91259
:10A6A000C3F81C71D9670B998A1AD212C3F8FC201F
:10A6B000099A4A44D212C3F89C20099AA2EB0909CC
:10A6C000049A4FEAE921961B42F64152C3F8DC1086
:10A6D000059902FB06160F9AF612AA42C3F8BC604F
:10A6E0007FF4E8AE0D9B18AC043B05930D9B303313
:10A6F0000D93059B40F2193954F8101C42F6F13EB7
:10A700001A4654F818CC42F2E01742F23E5652F87C
:10A71000043F41F6026807FB0CF720340C930592C6
:10A720000C9B829A134454F8402C1032520304922A
:10A7300054F8282C88188A1A039242F2F942DDE96B
:10A740000315424309FB015540F67C490EFB0C2ED4
:10A750000EEB0501069141F20C0101FB0CF1891A87
:10A760004A19039907924FF4226209FB015954F8E0
:10A770002C5C4243BF1A07EB090142F650270891AF
:10A78000434901FB0C2240F6F2514A4441430398ED
:10A79000099241F6FE5242430498121A3D4800FBCA
:10A7A0000CFAAAEB010AAAEB02000A903A4800FB55
:10A7B0000C1154F8340C8A1A0B9254F83C2C1118D2
:10A7C000029207FB01FB5119354F4E4354F8241CEC
:10A7D00002EB01090BEB060E304908FB09FAD644DF
:10A7E00001FB02EE41192F4A794341F6CB2707FBC3
:10A7F000001702FB051154F8242C5F4400EB020BF8
:10A80000294A314444F2946602FB0BFB54F8242C91
:10A8100006FB02B65F44564405EB020A234A02FBDC
:10A820000AFA029A5144B24440F6D52606FB09F9C9
:10A8300040F6332606FB02921D4E06FB0022281A24
:10A8400008FB00F840F64E40424400FB058854F8EF
:10A85000245C6FF45F5000FB05880698019D7044EE
:10A86000829EC144C0F38940285C0C9DA85506987F
:10A87000019DA0EB0E0E0198CEF3894E10F80E004C
:10A88000187308983844C0F38940285C587011E068
:10A89000EED7FFFF8CFAFFFF4BE6FFFF5BBFFFFF2A
:10A8A0002BF5FFFFB1CDFFFFC2DAFFFFF8EAFFFF94
:10A8B00016F1FFFF0898C71BC7F38947E85DD872F8
:10A8C00007980844C0F38940285C98700798411A9B
:10A8D000C1F38941695C99720A995144C1F3894174
:10A8E000695CD9700A99A1EB0A0ACAF3894A15F87A
:10A8F0000A1059720B991144C1F38941695C1971AD
:10A900000B9904988A1A42F64151C2F38942AA5C13
:10A910001A72099A4A44C2F38942AA5C5A71099A86
:10A92000A2EB0909C9F3894915F80920DA71039ADC
:10A93000A2EB0C0201FB0202C2F38942AA5C9A71EB
:10A940000D9B059A93427FF4D4AE79B0BDE8F08FA9
:10A950002DE9F04FFFB04E6DA2F1020B0C93043EB7
:10A96000D0F84C3103F1800E02F10E030D930EABC3
:10A970003BF902CF40F6122056F8042F42F6C601EA
:10A98000BBF9404042F2623802FB0CFCD6F8802052
:10A99000BBF92090043362434FEA4C3C41F6374404
:10A9A0000CF5806C00FB02F7514354430CEB070598
:10A9B0000CEB01003944ACEB040AD64A091BACEBA2
:10A9C0004101BBF950C0C9120191316C01FB09F77B
:10A9D000BBF96090D6F8C01001FB09F141F2A33930
:10A9E0007C1808FB04F840F6BD0404FB078402FB56
:10A9F000018802F6E522514302190292021B09FB6B
:10AA00000719BBF91000039205EB0802BBF93010DF
:10AA10000492A5EB0802376A40F6F26805920AEB49
:10AA200009024743D6F8A0000692AAEB090200FBF0
:10AA30000CFC42F6B72A079241F61409326E07EB76
:10AA40000C05D6F8E0004A43BBF9701009FB05F984
:10AA5000BC184143B0480AFB04FA42F25264089120
:10AA600049036C4302EB0C05099454440C4400FB6D
:10AA700007400A90A94800FB0794BF1A08FB07F893
:10AA8000A8EB010804EB08006FF4A2646C430B9080
:10AA9000641AA34800FB0245A24800FB0C44099835
:10AAA000AA44ACEB0205044442F6F84045439E48F4
:10AAB000294400FB0C11894441F2995101FB0255D4
:10AAC000089A0A993A444544A2EB0C0C029A0A44AB
:10AAD0004FEA8C0CD21243F8042C029A521A0B99AA
:10AAE000D212C3F89C21049A5244D212DA61049A19
:10AAF000A2EB0A0A4FEAEA22C3F87C21069A224412
:10AB0000D212DA63069A141B019A6244E412DA65DF
:10AB1000019AC3F85C41A2EB0C00079A4A44C3F8BF
:10AB20003C01D212DA67079AA2EB09094FEAE9223F
:10AB3000C3F81C21059A2A44D212C3F89C20059A16
:10AB4000551B039A0A44ED12D212C3F8FC50C3F805
:10AB5000BC20039A521AD212C3F8DC200D9A5A452F
:10AB60007FF406AF0C9B16AC043B01930C9B343373
:10AB70000C93019B40F6122054F8205C42F6C6016B
:10AB80001A4654F8187C103542F6B72952F8043F9B
:10AB900041F6140B6D0320340B9301920B9B889AA2
:10ABA000134454F8302C00FB02F641F63740514371
:10ABB000504305EB060805EB010C31442A1A554EAB
:10ABC000091A42F26230A5EB410154F8285C029167
:10ABD0007919414340F6BD0000FB071006FB051143
:10ABE00006F6E526754341F2A33606FB07560CEB45
:10ABF0000005ACEB000054F82C7C0395049008EBA6
:10AC00000100A8EB010154F8245C059040F6F268BD
:10AC100006919119921B6D030791089254F8341C08
:10AC200054F83C2C5018D61909FB00F942F2526036
:10AC30000BFB06FB00FB06FA37486FF4A26609EB34
:10AC40000A0CAC4400FB02CC00F21B2000FB02B05B
:10AC5000521A08FB02F80992A8EB0508324A404450
:10AC60000A90C81946432E48761B00FB01608144B8
:10AC70002C4800FB076606EB0A007E1A42F6F84AEB
:10AC80000AFB06FA05EB0A0602FB0766099AD21BC5
:10AC90005E4441F2995B0B9F05EB4235039A0BFB37
:10ACA00001A162444144B846C2F38942889F1EF81C
:10ACB000022008F80720039AA2EB0C07C7F3894784
:10ACC0001EF807205A73059A4A44C2F389421EF8B7
:10ACD00002205A70059AA2EB0909C9F389491EF8A6
:10ACE00009201A73079A0244C2F389421EF802200F
:10ACF0009A70079A101AC0F389401EF80020DA7281
:10AD0000029A2A44C2F389421EF80220DA70029A9B
:10AD1000551B0BE0FCC8FFFFF0DBFFFF0BDEFFFF66
:10AD20006EF2FFFF09B4FFFFE6C9FFFFC5F38945D7
:10AD30001EF805209A72089A3244C2F389421EF81E
:10AD400002201A71089A961BC6F389461EF806203F
:10AD50005A72069A0A44C2F389421EF802205A71B6
:10AD6000069A511AC1F389411EF801200A991A72F4
:10AD7000049A0A44C2F389421EF802209A71049A86
:10AD8000501AC0F389401EF80020DA710C9B019A1A
:10AD900093427FF4EEAE7FB0BDE8F08F2DE9F04F27
:10ADA000ADF5077DA2F1020A0B93D0F84C31486D46
:10ADB00003F1800B02F10E0304380C930EAB3AF949
:10ADC000022F42F29D4750F8045F0433BAF9401055
:10ADD0005543046CBAF92020BAF960606D035443FE
:10ADE000D0F8802005F580655143D0F8C02072432B
:10ADF00040F6FC5656437A4342F61367A5EB060825
:10AE000005EB020E921B661A2144A5EB42024FF499
:10AE1000BB757C43019242F6CE2275434A430EEB4A
:10AE2000020CA8EB02022A440CEB0507224402970D
:10AE300040F6C747039241F2821277434A43AEEB92
:10AE400002054244D21BED1B42F23177121B0495DE
:10AE5000056E059241F64C12BAF9704051434FF419
:10AE6000356288445643AEEB010141F69A2E08EB59
:10AE7000060241F2710806928A1907927200BAF925
:10AE8000506008920899019A0A44BAF91010099280
:10AE9000026A4A43BAF930104D43D0F8A0104E432D
:10AEA00007FB06F1D64E0091D0F8E0106143A5EB08
:10AEB000010CA2EB010902EB0C0407FB09F70EFBE6
:10AEC00004F406FB0C4E009E08FB0248CD4C44F6F1
:10AED000A36C6C430A94CC4C654342F6025404FBC9
:10AEE0000964CA4E02EB01090CFB014C06FB02444B
:10AEF0000A9EACEB050C3444009EBF1B41F2682651
:10AF000006FB09F940F6397606FB0292009E921B79
:10AF10000A9E3244BE4E06FB0191009E31440D4410
:10AF200002996144C91243F8041C0299A1EB0C0C6C
:10AF30004FEAEC21C3F8BC1106994144C912D9610A
:10AF40000699A1EB08084FEAE821C3F89C1109997A
:10AF50003944C912D9630999CF1B03991144FF12CF
:10AF6000C912C3F87C71D96503998A1AD212C3F841
:10AF70005C21079A7244D212DA67079AA2EB0E0E8E
:10AF80004FEAEE22C3F83C21049A2A44D212C3F8B5
:10AF90009C20049A551B059A2244ED12D212C3F844
:10AFA0001C51C3F8BC20059A141B019AE412C3F883
:10AFB000FC400899A2EB4102D212C3F8DC200C9AA3
:10AFC00052457FF4FCAE0B9B16ACA3F10409383359
:10AFD0000D9359F8043F40F6FC50909A42F6136ED8
:10AFE0000C9341F69A28134454F8207C54F8082C0A
:10AFF0002034103754F8386C00FB02FC42F29D40BC
:10B000007F0354F8301C4243A7EB0C000EFB06FEF6
:10B01000BD18A2EB0C02A6EB010C3144A7EB4202D7
:10B020004FF4BB77009242F6CE2207FB0CF74A435F
:10B03000AE18821A3A443E447244019640F6C7461E
:10B04000029241F2821206FB0CF64A43AF1A024406
:10B05000921BBF1BA2EB0E02039754F8347C0492A0
:10B0600041F64C1251434FF43562084402FB0CFC8C
:10B07000691A42F2317500EB0C026148059201EB4E
:10B080000C0206924FEA4C0207920799009A0A4472
:10B0900054F82C1C05FB01FC54F8241C0892A7EB67
:10B0A000010E54F83C2C02EB0E06A2EB010A08FB41
:10B0B00006F641F2710805FB0AF500FB0E6042F648
:10B0C000025E08FB026844F6A3660990A5EB0C0536
:10B0D0004C480EFB0ACE41F2682A784306FB01E693
:10B0E0000A904948474300F2717000FB02EE0A984B
:10B0F000F61B704402EB010E0AFB0EFE40F6397A95
:10B100000B900AFB02E20A98A2EB0C0202444048B0
:10B1100000FB01E10C986144844690980F4401992A
:10B120003144C1F389411BF801100CF8001001995A
:10B130008E1BC6F389461BF8061099730599414486
:10B14000C1F389411BF8011059700599A1EB080062
:10B15000C0F389401BF80010597308992944C1F3C2
:10B1600089411BF80110997008994D1BC5F3894559
:10B170001BF80510197302991144C1F389411BF89A
:10B180000110D97002998A1A0999C2F389421BF8F1
:10B190000220DA72069A0A44C2F389421BF802209E
:10B1A0001A71069A521AC2F389421BF802209A7247
:10B1B000039A3A44C2F389421BF802205A71039A57
:10B1C000D71BC7F389471BF807200B995A72049ABB
:10B1D0000A44C2F389421BF802209A71049AA2EB36
:10B1E000010E0799CEF3894E1BF80E201A72009AB1
:10B1F000A2EB4102C2F389421BF802200AE000BF21
:10B200005CBAFFFF66E5FFFFF6D4FFFF67DCFFFFD8
:10B210002FE4FFFFDA710D9B4B457FF4DAAE0DF59D
:10B22000077DBDE8F08F00BF2DE9F04FADF50F7D34
:10B230000C93D0F84C3103F18008931E00934B6DB2
:10B24000A3F1040E02F10E030D930EAB009942F62A
:10B25000CF1B40F6D40542F6634631F9022F043382
:10B26000D84F00915EF8041F5143009AB2F9400094
:10B270004903DEF8802001F58061424341F251101C
:10B280000BFB02FB424345F2032001EB0B04A1EB55
:10B290000B0B01EB0209891A009AB2F920A0DEF823
:10B2A000402002FB0AFA009AB2F960C0DEF8C02022
:10B2B00002FB0CFCAAEB0C025543564341F6CD426F
:10B2C00000FB0C6002FB0A5207FB0A6ABE4E06FB3B
:10B2D0000C5C2518201A42F64E360195029009EBB7
:10B2E0000200A9EB0202DEF8A0500390049201EBE9
:10B2F0000A02DEF820000592A1EB0A0241F2555A3B
:10B3000006920BEB0C020792ABEB0C0242F2FC2C08
:10B310000892009AB2F910205043009AB2F9301006
:10B32000DEF860204A430099B1F95010A0EB020BFF
:10B330004D430099B1F970404719DEF8E0100AFB5F
:10B3400007FA61438418664342F2E97404FB07F983
:10B3500044180CFB04F441F6B64C06EB09070994BB
:10B36000441A0CFB04FC40F6235404FB0BFB099C21
:10B370002744964C04FB0074954F0A940CEB0A0486
:10B380005C4407FB00404FF48E64924F0B905019C1
:10B39000444340F24D2000FB024006448E4800FB2F
:10B3A0000544A81A4C4442F6095909FB00F007FB72
:10B3B0000509099FCA4443F61A7909FB02090A44A0
:10B3C0008648D94400FB02FB42F2182000FB01B082
:10B3D0005E4446F2854B3844814F7A430BFB012B88
:10B3E0004A446FF45979DC4405EB010B4F44491B87
:10B3F0000A9D07FB0BFB00EB0B0940F623505C4456
:10B400004143019828448C445144C01243F8040C31
:10B410000198471B03983044FF12C012C3F8DC7137
:10B42000D8610398861B05982044F612C012C3F811
:10B43000BC61D8630598041B07984844E412C01205
:10B44000C3F89C41D8650798A0EB0900C012C3F867
:10B450007C0108986044C012D8670898A0EB0C0CD7
:10B460004FEAEC20C3F85C0106980844C012C3F808
:10B470009C000698411AC912C3F83C110499114462
:10B48000C912C3F8BC1004998A1A0B99D212C3F8D6
:10B490001C21029A0A44D212C3F8DC20029A541AE0
:10B4A0000D9A0099E4128A42C3F8FC407FF4CEAEB4
:10B4B0000C9B16AD043B00930C9B3C330D93009BFF
:10B4C00042F6CF1C55F8200C41F2511A1A4655F895
:10B4D00008EC103040F6D40B52F8043F45F2032933
:10B4E000400320350C930C9B0092989A991855F8BC
:10B4F000303C0AFB03FA0CFB03FC55F8383C00EB2C
:10B500000A0600EB0C04A3EB0E02A0EB0C0CA0EB64
:10B510000A0042F6634A0BFB02FB0AFB02F741F604
:10B52000CD429A4602FB03B2264B09FB0E7903FB80
:10B530000A7A03F2EE2355F82C7C03FB0EBB04EBD6
:10B54000090342F2FC2E0193A4EB090355F83C4C8D
:10B550000293B31804EB07090393B31A55F8342C7C
:10B5600042F64E36049300EB0A030593A0EB0A0360
:10B5700055F8240C41F2555A06930CEB0B030AFBC9
:10B5800009FA0793ACEB0B0342F2E97B41F6B64CA8
:10B590000893A3180BFB09FBA4EB02095E432318D5
:10B5A0000EFB03FE231A0CFB03FC40F6235303FBA4
:10B5B00009F306EB0B090993F144044B03FB0499CF
:10B5C000099B0FE0C2ECFFFFB0EFFFFFD6B6FFFF15
:10B5D00042C5FFFF7AE7FFFFFADBFFFFABEAFFFFA1
:10B5E00017D8FFFFCDF828900CEB0A099944634B5C
:10B5F00003FB04944FF48E69614B0B94D41909FB3F
:10B6000004F440F24D2909FB024903FB074403F50A
:10B6100038634E44A7EB02095C4442F6095B0BFB1E
:10B6200009F903FB079B099BDA4443F61A7B0BFBE2
:10B63000029902449944534B03FB02FB42F2182344
:10B6400003FB00B35E4446F2854B9E444E4B5A4387
:10B650000BFB002B4A446FF45979DC4407EB000BD9
:10B660004B44C01B0A9F03FB0BFB40F6235358437C
:10B67000019B5C44DE443B440C9F84445044C3F330
:10B680008943B946989F18F8033009F80730019BA1
:10B690000A9FDB1BC3F3894318F80330CB73039B6A
:10B6A0003344C3F3894318F803304B70039B9E1B4C
:10B6B000C6F3894618F806308B73059B2344C3F301
:10B6C000894318F803308B70059B1C1BC4F3894415
:10B6D00018F804304B73079B7344C3F3894318F87D
:10B6E0000330CB70079BA3EB0E0ECEF3894E18F8F8
:10B6F0000E300B73089B6344C3F3894318F803307F
:10B700000B71089BA3EB0C0CCCF3894C18F80C3094
:10B71000CB72069B0344C3F3894318F803304B7183
:10B72000069B181AC0F3894018F800308B72049BEE
:10B730001344C3F3894318F803308B71049B9A1A9E
:10B74000C2F3894218F802300B9A4B72029B1344E1
:10B75000C3F3894318F80330CB71029B9C1A009AFB
:10B76000C4F3894418F804300B720D9B93427FF4A4
:10B77000A6AE0DF50F7DBDE8F08F00BF42C5FFFFFF
:10B78000FADBFFFFABEAFFFF17D8FFFF2DE9F04F11
:10B79000CFB0023A0393D0F84C31486D0EA903F1B3
:10B7A000800800F120030493B2F912A0B2F92260DC
:10B7B000B2F93250B2F94230B2F952B0B2F962E0A5
:10B7C000B2F9724050F804CB32F9027F0CFB07FC4F
:10B7D000BAF1000F40F07981002E40F07681002D03
:10B7E00040F07381002B40F07081BBF1000F40F0FE
:10B7F0006C81BEF1000F40F06881002C40F0658143
:10B800004FEA8C030B600B620B640B66C1F880304F
:10B81000C1F8A030C1F8C030C1F8E030049B043159
:10B820008342C1D1039B16AD043B0093039B1C33A1
:10B830000D93009B42F6CF1C55F8200C41F2511A93
:10B840001A4655F808EC103040F6D40B52F8043F75
:10B8500045F20329400320350C930C9B0092589A23
:10B86000991855F8303C0AFB03FA0CFB03FC55F819
:10B87000383C00EB0A0600EB0C04A3EB0E02A0EB35
:10B880000C0CA0EB0A0042F6634A0BFB02FB0AFB1E
:10B8900002F741F6CD429A4602FB03B2D14B09FBB7
:10B8A0000E7903FB0A7A03F2EE2355F82C7C03FB96
:10B8B0000EBB04EB090342F2FC2E0193A4EB090337
:10B8C00055F83C4C0293B31804EB07090393B31AE1
:10B8D00055F8342C42F64E36049300EB0A030593D8
:10B8E000A0EB0A0355F8240C41F2555A06930CEBD1
:10B8F0000B030AFB09FA0793ACEB0B0342F2E97B5B
:10B9000041F6B64C0893A3180BFB09FBA4EB020904
:10B910005E4323180EFB03FE231A0CFB03FC40F6C8
:10B92000235303FB09F306EB0B090993F144AE4BD8
:10B9300003FB0499099BCDF828900CEB0A09994464
:10B94000AA4B03FB04944FF48E69A94B0B94D419B2
:10B9500009FB04F440F24D2909FB024903FB0744AB
:10B9600003F538634E44A7EB02095C4442F6095BD9
:10B970000BFB09F903FB079B099BDA4443F61A7B8F
:10B980000BFB0299024499449A4B03FB02FB42F2DF
:10B99000182303FB00B35E4446F2854B9E44964B4E
:10B9A0005A430BFB002B4A446FF45979DC4407EBF4
:10B9B000000B4B44C01B0A9F03FB0BFB40F62353B9
:10B9C0005843019B5C44DE443B440C9F84445044F8
:10B9D000C3F38943B946589F18F8033009F8073074
:10B9E000019B0A9FDB1BC3F3894318F80330CB7319
:10B9F000039B3344C3F3894318F803304B70039B14
:10BA00009E1BC6F3894618F806308B73059B2344AA
:10BA1000C3F3894318F803308B70059B1C1BC4F3D8
:10BA2000894418F804304B73079B7344C3F389436C
:10BA300018F80330CB70079BA3EB0E0ECEF3894EA4
:10BA400018F80E300B73089B6344C3F3894318F84E
:10BA500003300B71089BA3EB0C0CCCF3894C18F84A
:10BA60000C30CB72069B0344C3F3894318F80330B0
:10BA70004B71069B181AC0F3894018F800308B727E
:10BA8000049B1344C3F3894318F803308B71049B60
:10BA90009A1AC2F3894218F802300B9A4B72029B31
:10BAA0001344C3F3894318F80330CB71029B9C1AEB
:10BAB000009AC4F3894418F804300B720D9B93422A
:10BAC0007FF4B7AE4FB0BDE8F08FC76B41F25119AC
:10BAD0004FEA4C3C7743D0F8BC6006FB0EF607EB10
:10BAE000060E09FB0EFE41F67E0909FB07E9434FEE
:10BAF00007FB06EEC66F73435F030CF58063FE1809
:10BB0000DB1B09EB0607A6EB090600960EEB030606
:10BB1000A3EB0E030196D0F8DC60029342F2A1532E
:10BB200006FB04F9D0F89C4004FB0BF6C46D04FB43
:10BB300005FCC56905FB0AFA09EB0C0506EB0A0EC4
:10BB400005EB0E045C432E4B03FB05452D4B03FB1D
:10BB50000E4409EB0A0E2C4B03FB0EFE40F68E132F
:10BB600005EB0E0BA64403FB09B943F20B0B274B65
:10BB70000BFB0AEE06EB0C0A44F2B31B03FB0AFABA
:10BB8000019B5544544446F2542A0BFB06440AFBDD
:10BB90000C5A07EB0E05A7EB0E0EED124FEAEE273F
:10BBA0000D6003EB0A05A3EB0A0A029BED12C1F834
:10BBB000E0704FEAEA260D621D191C1B009BED1276
:10BBC000C1F8C0604B44E4120D64DB12C1F8A04020
:10BBD0000B66009BA3EB09094FEAE927C1F88070C7
:10BBE0001CE600BFC2ECFFFFD6B6FFFF42C5FFFF59
:10BBF000FADBFFFFABEAFFFF17D8FFFFDFC4FFFF51
:10BC00003BC1FFFF84F3FFFF33E3FFFFFDADFFFF09
:10BC10002DE9F04FC5B04F6DA2F1020C0E32029328
:10BC2000043FD0F84C310DF1300E049280333CF9D2
:10BC3000021F40F6122557F8042F42F6C60A0EF1ED
:10BC4000040E4A433C6CD7F880005203D7F8C0106A
:10BC500002F580620092BCF920205443BCF94020D8
:10BC60005043BCF96020514341F63742A0EB010834
:10BC700002FB08F8221A05FB02F6009A08EB0605FB
:10BC80001544BA4A02FB0055621891460392009A85
:10BC90000AFB09226FF41F7909FB0121BCF91090FE
:10BCA00041440191B24901FB04223C6AD7F8A0103B
:10BCB000324404FB09F93E6EBCF930406643BCF9DE
:10BCC000504009EB06084C4341F6EF5101FB08FBDD
:10BCD000A9EB060840F27351A144264401FB08F881
:10BCE000A449ABEB080AD84441F2A33B4E43019967
:10BCF0000BFB09F943F6DE3BB044CA440BFB049945
:10BD000001EB0A04A1EB0A0A4E444FEAEA21E412CD
:10BD1000CEF8BC1005EB0801A5EB08054EF8044C65
:10BD2000C912ED12CEF81C109119961B039AC91274
:10BD3000CEF89C50801A42F64152CEF83C10F612D2
:10BD40000099CEF87C6002FB0010049AC012624594
:10BD5000CEF85C007FF46BAF029A14AD043A009207
:10BD6000029A18320B92009A40F6122455F8206C71
:10BD700042F6C600114641F2A33E103641F6140BBE
:10BD800051F8042F203576030A9200910A9A4E99B1
:10BD90000A4455F8301C04FB01F741F63744484388
:10BDA0004C4306EB070806EB000C3844A6EB0409ED
:10BDB00055F8387C001B42F262346F49A6EB400014
:10BDC00055F8286C0190B819604340F6BD0404FB97
:10BDD000070401FB060001F6E5214E430CEB0401CC
:10BDE0000291ACEB04010EFB076755F82CEC0391B4
:10BDF00008EB000155F8246C0491A8EB000155F8FC
:10BE0000340C7603059109EB070140F6F2680691C0
:10BE1000A9EB070142F6B729079155F83C1C0C180D
:10BE200001EB0E0709FB04F942F252640BFB07FB1E
:10BE300004FB07FA514C00EB0E0709EB0A0CB44463
:10BE400004FB01CC04F21B2404FB01B4091A08FB17
:10BE500001F8A1EB0E01A8EB0608444408946FF426
:10BE6000A2647C43464FA41B07FB0047B944454FDF
:10BE700007FB0E44AEEB0007544442F6F84A0AFBB7
:10BE800007FA099406EB0A0706EB413602993E4C85
:10BE9000614404FB0E770A9CC1F38941A6464E9C7F
:10BEA000595C5F4441F2995B0EF8041002990BFB58
:10BEB00000A0A1EB0C0C4044CCF3894C13F80C10FF
:10BEC000517304994944C1F38941595C099C5170EB
:10BED0000499A1EB0909C9F3894913F809101173F1
:10BEE00006992144C1F38941595C917006990C1B54
:10BEF000C4F38944195DD17201993144C1F3894178
:10BF0000595CD17001998E1BC6F38946995D917277
:10BF100007993944C1F38941595C11710799CF1BC5
:10BF2000C7F38947D95D517205990144C1F389412D
:10BF3000595C51710599081AC0F38940195C089839
:10BF4000117203990144C1F38941595C91710399BC
:10BF50000C1AC4F38944195DD1710B9A00998A4275
:10BF60007FF401AF45B0BDE8F08F00BF15C5FFFFFE
:10BF7000F1B0FFFFE1D3FFFFFCC8FFFFF0DBFFFFE5
:10BF80006EF2FFFF09B4FFFFE6C9FFFF2DE9F04F96
:10BF9000BBB0D0F84C014D6D961E80300E32043D82
:10BFA0000AAF0190029236F9021F42F2317055F841
:10BFB000042F0437B6F940404A43D5F88010B6F94B
:10BFC00020C06143520341F2A164B6F9309002F5FA
:10BFD0008062B6F9508061435418A2EB4102296C8B
:10BFE000D21201FB0CF1B6F910C04143286E04EBEC
:10BFF000010E00FB09F9641AD5F8A000296A00FBBC
:10C0000008F840F6B63001FB0CF1A8EB090B01EB88
:10C01000080C01EB090AA1EB090100FB0CFCA1EBE8
:10C0200008080CEB4A3A4FEA88080EEB0A01AEEB1F
:10C030000A0E0CEB4B3CC91247F8041C4FEAEE21E8
:10C04000C7F89C1002EB0801A2EB0802F961FA673D
:10C0500004EB0C02A4EB0C0CD2124FEAEC24FA63B2
:10C06000029AFC65B2429ED1A3F1040B12AA1433CA
:10C07000099352F8187C42F6B63052F8205C40F62C
:10C08000F70800FB07F44FEA473E52F8087C1035EA
:10C090005BF8043F203244997F036D030893AEEBB5
:10C0A000070C0B4452F8306C42F2317105EB0C0076
:10C0B00052F83C9C4E430290A5EB0C00A91904EBEE
:10C0C000070CA4EB0E04AE1B039001EB0C00E71B66
:10C0D000A1EB0C0152F82C5C41F68D3E0591F11953
:10C0E00052F8244C0691F11B09EB050704900791C7
:10C0F00042F6CF1052F8341C04EB070C05EB040A8F
:10C1000000FB01F652F8340C0EFB0CFC4D4940F6D6
:10C110005B0E41434C480EFB07CE00FB0AFAA0F62B
:10C12000DB5006EB0E0708FB097801EB0A0700FB62
:10C130000577464800FB091145487744ACEB060EED
:10C1400000FB041143F2C62652F8340C06FB04E649
:10C15000A9EB0404451B614441F2511E3D4804EB28
:10C16000050C41F67E0956440EFB0CFC00FB05C590
:10C17000049809FB04C400EB080E0198CEF3894E25
:10C1800010F80EC00898864644980EF800C004982F
:10C19000A0EB08080198C8F3894810F808C0029875
:10C1A00083F80BC000EB040C0198CCF3894C10F819
:10C1B0000CC083F801C00298041B0198C4F389499C
:10C1C00010F8094006989C72C4190198C4F3894478
:10C1D000045D06989C70C71B0198C7F38947C45D2E
:10C1E00007985C7284190198C4F38944045D079828
:10C1F000DC70861B0198C6F38946845D03981C7227
:10C2000044190198C4F38944045D03981C71451BCB
:10C210000198C5F38945445D0598DC71441801987F
:10C22000C4F38944045D5C710598411A0198C1F317
:10C230008941415C9971099B5B457FF41AAF3BB022
:10C24000BDE8F08FAFEEFFFF8BDEFFFF5CEAFFFF84
:10C250008CC0FFFFDFC4FFFF2DE9F04FAFB0D0F877
:10C260004C014D6D961E80300E32043D06AF41F6F6
:10C270004C1E4FF4356C0090019236F9021F0437C2
:10C2800055F8042FB6F920404A43296CB6F940907E
:10C290006143D5F88040286A520304FB09F9B6F9D6
:10C2A00010A002F58062B6F930B001EB0904A1EBF1
:10C2B000090100FB0AFA286E0CFB01F10EFB04F8E1
:10C2C00000FB0BFB541841F69A20A2EB810208EB0D
:10C2D0000409A4EB08040AEB0B08D21200FB08F8CF
:10C2E00041F27100FA6300FB0A8A6E48019A00FB72
:10C2F0000B8809EB0A0BA9EB0A0AB24204EB080906
:10C30000A4EB08084FEAEB2B4FEAEA2A4FEAE929A7
:10C3100047F804BC4FEAE824C7F87CA0C7F81C9093
:10C32000FC65AAD1191F0EAA103301910593019B38
:10C3300042F29D4052F8104C2032194652F8387C97
:10C3400000FB04FE40F6FC5051F8043F444352F811
:10C35000286C049341F27100049B0191389952F8C2
:10C360003CCC591852F8403C10335B0303EB0E0BE6
:10C37000AEEB040E1D1BBC19A3EB4E03029341F65A
:10C380009A23634300FB073A464800FB063440F615
:10C39000E3100BEB0A07ABEB0A0B2E192B1B52F821
:10C3A0002C4C03934FEA443E52F8343C52F8244C50
:10C3B00003EB04091B1B00FB03F441F66F6000FB59
:10C3C00009F542F6B3400EEB040AAEEB040400FBA1
:10C3D0000C5840F21470A4EB0334ACEB030300FBE5
:10C3E0000CF0D044CEEB433E42F65303451B00987D
:10C3F00003FB0CF3AA4441F2CF2505FB09F541F2FA
:10C400008C4909FB0CFC5B1BACEB050907EB080531
:10C41000A7EB08071B1BC5F389454C44C7F38947A5
:10C42000455D0498844638980CF800500098C55D26
:10C430004D72F518F61AC5F38945C6F38946455D70
:10C440004D70835D0B72029B7344C3F38943C35CDD
:10C450008B70029BA3EB0E0ECEF3894E10F80E30BC
:10C46000CB71039B2344C3F38943C35CCB70039B11
:10C470001C1BC4F38944035D8B710BEB0A03ABEB0C
:10C480000A0AC3F38943CAF3894AC35C0B7110F8E3
:10C490000A304B71059B01998B427FF448AF2FB056
:10C4A000BDE8F08F5CBAFFFF2DE9F04FA5B0D0F8E2
:10C4B0004C014D6D961E80300E32043D04AF41F2AA
:10C4C000511841F67E0EDFF8C0C136F9021F04375D
:10C4D00055F8044FB6F92090B24204FB01F12C6CE0
:10C4E000B6F910A004FB09F4B6F930B001EB040969
:10C4F000A1EB04012C6A4FEA890904FB0AFA2C6EAD
:10C500004FEA810104FB0BF40AEB040B08FB0BFB65
:10C510000BF5806B0EFB0ABA0CFB04B44FEAEA2A57
:10C520004FEAE42409EB0A0BA9EB0A0A01EB040920
:10C53000A1EB040447F804BCC7F85CA0C7F81C9042
:10C54000FC63C2D1A3F104080CAA0C33039358F87E
:10C55000043F203252F8386C52F8284C2E9902933E
:10C560005D18331941F2511152F82C9C52F83CAC31
:10C570004B4341F67E0109EB0A0E01FB06364249A8
:10C5800001FB043452F8401C52F8303C1031CF18F3
:10C59000CB1A5B037F03E1181B1B06EB070CBF1BC9
:10C5A000009152F8246C52F8341C019342F2A153CA
:10C5B000741804EB0E015943344B03FB0414344B41
:10C5C00003FB0E1106EB0A0E324B03FB0EFE40F688
:10C5D0008E1304EB0E0B8E4403FB06B652F8343C6C
:10C5E00043F20B0B0BFB0AEE09EB030A2A4B44F256
:10C5F000B31B03FB0AFA52F8343C5144544446F24C
:10C60000542A0BFB09110CEB0E090AFB0344ACEB9B
:10C610000E0E029BC9F38949CEF3894E10F809909A
:10C620009A462E9B0AF80390009B10F80EC085F8DE
:10C6300007C003EB040C1C1B019BCCF3894CC4F317
:10C64000894A10F80CC085F801C010F80A40AC7196
:10C650005C18591AC4F38944C1F38941045DAC7074
:10C66000435C6B71BB19BE1BC3F38943C6F3894698
:10C67000C35CEB70835D2B71039B43457FF467AF15
:10C6800025B0BDE8F08F00BFDFC4FFFF3BC1FFFF57
:10C6900084F3FFFF33E3FFFFFDADFFFF2DE9F04F14
:10C6A00095B0D0F84C414E6D971E80340A32043E4E
:10C6B0000DF1080C41F2A16842F2317E37F9020F08
:10C6C0000CF1040C56F8041FB7F92050BA4201FBD4
:10C6D00000F1306CB7F910A000FB05F04FEA4131D2
:10C6E000356A01F5806108FB00F005FB0AF501EBF6
:10C6F0000009A1EB40010EFB05F54FEAE12109EB32
:10C70000050AA9EB0509CCF814104FEAEA2A4FEA0A
:10C71000E9254CF804ACCCF82C50CFD108A8A3F1F3
:10C72000040E03F108095EF804AF41F2A1611E9BFB
:10C7300042F2317550F8082CF1450AEB030750F826
:10C74000183C01FB02F250F8048C03F1100300F1D5
:10C7500018004FEA433303EB0201A3EB420350F806
:10C76000282C019340F6B63305FB02F201EB0206DA
:10C77000A1EB020150F82C2C02EB080503FB05F598
:10C7800050F8243C02EB030CA2EB0302A8EB030BD2
:10C790001E9B05EB4C3CA2EB080805EB4B3506EB6A
:10C7A0000C02A6EB0C064FEA4838C2F38942C6F3E6
:10C7B0008946A25C0AF80320019BA25D7A7103EB13
:10C7C0000802A3EB0803C2F38942C3F38943A25CC6
:10C7D0007A70E35C3B7101EB0503A1EB0505C3F344
:10C7E0008943C5F38945E35CBB70635DFB709AD1F7
:10C7F00015B0BDE8F08F00002DE9F04FD0F84C41A6
:10C800008BB0486D951E803401AF0438063235F97F
:10C81000026F50F8041FB5F910C0AA4201FB06F1DF
:10C82000066A06FB0CF601EB060CA1EB060147F8C5
:10C8300004CF3961EBD11F1F06A8043341F2511A0E
:10C8400041F67E09DFF87C80019357F804EF103041
:10C85000149A50F8185C0EEB020C50F8202C50F88B
:10C8600014BC50F81C6C0432149B5119521B06EB7B
:10C870000B0549030AFB05F5520309FB065608FBA5
:10C880000B5501EB060B891BCBF3094BC1F3094197
:10C8900014F80BB00EF803B0615C019B8CF8031028
:10C8A0005119521BBB42C1F30941C2F30942615CF9
:10C8B0008CF80110A25C8CF80220C6D10BB0BDE848
:10C8C000F08F00BFDFC4FFFFF0B5496DB2F9007013
:10C8D0001D680B68D0F84C017B43B2F902704A68BE
:10C8E00080300433059C7A432E1999189B1AC1F3A2
:10C8F000C901C3F3C903415C2955C35C7370F0BD22
:10C900002DE9F04FADF50F7D0C93D0F84C3180330D
:10C910000193931E00934B6DA3F1040802F10E03E3
:10C920000D930EAB009942F6CF1B40F6D40542F6AC
:10C93000634631F9022F42F2FC2ED84F04330091A6
:10C9400058F8041F5143009AB2F940004903D8F83F
:10C95000802001F58061424341F251100BFB02FB44
:10C96000424345F2032001EB0B04A1EB0B0B01EB5F
:10C970000209891A009AB2F920A0D8F8402002FBD7
:10C980000AFA009AB2F960C0D8F8C02002FB0CFC89
:10C99000AAEB0C025543564341F6CD4200FB0C6016
:10C9A00002FB0A5207FB0A6ABD4E06FB0C5C251807
:10C9B000201A42F64E360295039009EB0200A9EBCD
:10C9C0000202D8F8A0500490059201EB0A02D8F8B0
:10C9D00020000692A1EB0A0241F2555A07920BEB96
:10C9E0000C020892ABEB0C0241F6B64C0992009A8D
:10C9F000B2F910205043009AB2F93010D8F86020F4
:10CA00004A430099B1F95010A0EB020B4D43009935
:10CA1000B1F970404719D8F8E0100AFB07FA6143F2
:10CA20008418664342F2E97404FB07F944180EFBCC
:10CA300004FE441A06EB09070CFB04FC40F62354E1
:10CA4000774404FB0BFB974C04FB0074964F0A944D
:10CA50000CEB0A045C4407FB00404FF48E64934FD8
:10CA60000B905019444340F24D2000FB0240064415
:10CA70008F4800FB0544A81A4C4442F6095909FBAB
:10CA800000F007FB05096FF45977CA4443F61A7999
:10CA900009FB02090A448748D94400FB02FB42F221
:10CAA000182000FB01B05E4446F2854B8644824864
:10CAB000424338440BFB012B4A44DC4405EB010B99
:10CAC000491B0A9D00FB0BFB40F623504143029893
:10CAD0005C44DE4428448C445144C01243F8040CA6
:10CAE0000298471B04983044FF12C012C3F8DC714F
:10CAF000D8610498861B06982044F612C012C3F829
:10CB0000BC61D8630698041B08987044E412C012F4
:10CB1000C3F89C41D8650898A0EB0E0E4FEAEE20B2
:10CB2000C3F87C0109986044C012D8670998A0EB4B
:10CB30000C0C4FEAEC20C3F85C0107980844C012C3
:10CB4000C3F89C000798411AC912C3F83C11059913
:10CB50001144C912C3F8BC1005998A1AD212C3F83D
:10CB60001C21039A0B990A44D212C3F8DC20039AC1
:10CB7000541A0D9A0099E4128A42C3F8FC407FF4DB
:10CB8000D1AE0C9B16AAA3F104093C33049341F2E5
:10CB90005113059359F8043F203252F8385C52F88B
:10CBA000280C989903935C182B18059952F82C8C33
:10CBB0004B4341F67E0152F834EC01FB05353F4909
:10CBC00052F83CAC01FB003052F8401C52F8303CAB
:10CBD00008EB0A0C1031CE18CB1A76035B03AF19A1
:10CBE000761B52F8245CC1181B1A05EB0E0000914D
:10CBF000029342F2A15300EB0C015943304B03FB6B
:10CC00000010304B03FB0C1105EB0A0C2E4B03FB01
:10CC10000CFC40F68E1300EB0C0B8C4403FB05B5AB
:10CC200043F20B0B294B0BFB0ACC08EB0E0A44F228
:10CC3000B31B03FB0AFA019B5144504446F2542AA9
:10CC40000BFB08110AFB0E0007EB0C0EA7EB0C0CFC
:10CC5000CEF3894ECCF3894C13F80EE0039B984633
:10CC6000989B08F803E0019B13F80C70009BE77198
:10CC70001F18019BC7F38947DF5D009B6770181A77
:10CC8000019BC0F3894A13F80A00029BA07158184F
:10CC9000019BC0F38940185C1AE000BFC2ECFFFFA3
:10CCA000B0EFFFFFD6B6FFFF42C5FFFF7AE7FFFFF9
:10CCB000FADBFFFFABEAFFFF17D8FFFFDFC4FFFF80
:10CCC0003BC1FFFF84F3FFFF33E3FFFFFDADFFFF39
:10CCD000029BA070591A019BC1F389415B5C0199C9
:10CCE00063717319751BC3F38943C5F38945CB5C25
:10CCF000E3704B5D2371049B4B457FF44BAF0DF507
:10CD00000F7DBDE8F08F00BF2DE9F04FEFB04E6D05
:10CD1000A2F1020B0A93043ED0F84C318033009309
:10CD200002F10C030B930CAB3BF902CF42F26238D9
:10CD300056F8042F42F6B72ABBF94010043302FB21
:10CD40000CFCD6F88020BBF92090514342F6C60275
:10CD50004FEA4C3C02FB01F440F612220CF5806CC9
:10CD600002FB01F741F637420CEB040051433C440F
:10CD70000CEB0705BC4A641AACEB010EACEB4404A7
:10CD8000BBF950C0E1120191316C01FB09F7BBF90D
:10CD90006090D6F8C01001FB09F141F2A3397C186C
:10CDA00008FB04F840F6BD0404FB078402FB01887D
:10CDB00002F6E522514302190292021B09FB0719F0
:10CDC000BBF91000039205EB0802BBF93010049286
:10CDD000A5EB0802376A40F6F26805920EEB0902ED
:10CDE0004743D6F8A0000692AEEB090200FB0CFC0C
:10CDF000D6F8E000079241F61409326E07EB0C05F5
:10CE00004A43BBF9701009FB05F9BC1841430AFB02
:10CE100004FA42F25264089149036C4302EB0C0598
:10CE20000AEB040E2046914C8E4404FB07EE04F2FC
:10CE30001B2404FB0794BF1A08FB07F8A8EB0108A2
:10CE4000444409946FF4A2646C43894D641A05FB51
:10CE50000245AA44874D05FB0C44ACEB0205044493
:10CE600042F6F84045438448294400FB0C118944AC
:10CE700041F2995101FB0255089A3A444544A2EB0C
:10CE80000C0C029A72444FEA8C0CD21243F8042C18
:10CE9000029AA2EB0E0E4FEAEE22C3F86821049A22
:10CEA0005244D2129A61049A0999A2EB0A0A4FEAF3
:10CEB000EA22C3F84C21069A2244D2125A63069AF7
:10CEC000141B019A6244E4121A65019AC3F83041B6
:10CED000A2EB0C00079A4A44C3F81401D212DA6696
:10CEE000079AA2EB09094FEAE922C3F8F820059A4C
:10CEF0002A44D212C3F88820059A551B039A0A4483
:10CF0000ED12D212C3F8DC50C3F8A420039A521ACF
:10CF1000D212C3F8C0200B9A5A457FF405AF0A9B82
:10CF200013A8A3F104093433039341F63743049360
:10CF300059F8043F1C30789A50F8205C9F180293EF
:10CF400050F8283C50F8304C5A1B049B50F8386C71
:10CF500004EB050803FB02FE50F8283C40F61222C1
:10CF60001036E31A50F82CAC760302FB03FC50F8A1
:10CF7000283C0EEB0C011A46404B314403FB0211D6
:10CF800042F6C6036FF41F7203FB086302FB05320F
:10CF90003B4D05FB043350F8245C7244634450F865
:10CFA00034CC01930CEB0A0441F6EF5303FB04FB72
:10CFB000ACEB0A0440F27353AC44AA445C43314BDB
:10CFC000ABEB040E5C4441F2A33B03FB0AFA009B6B
:10CFD0000BFB0CFC43F6DE3B5444E6440BFB05CC58
:10CFE00002EB0E05E244A2EB0E0EC5F38945CEF32B
:10CFF000894E5D5D029B9C46789B0CF80350009B1C
:10D0000013F80E20BA710A19091BC2F38942C1F341
:10D0100089419A5C7A705A5C019B7A7103EB0A022F
:10D02000009BC2F389429A5C019BBA70A3EB0A0A87
:10D03000009BCAF3894A13F80A303B7150F8283C28
:10D04000A3EB080842F6415303FB0868009BC8F3B2
:10D05000894813F80830FB70039B4B457FF468AF99
:10D060006FB0BDE8F08F00BFFCC8FFFFF0DBFFFF33
:10D070006EF2FFFF09B4FFFFE6C9FFFF15C5FFFF12
:10D08000F1B0FFFFE1D3FFFF2DE9F04FD3B0496DC1
:10D09000A2F1020A08930439D0F84C31803300938E
:10D0A00002F10A0309930AAB3AF902EF41F68D390E
:10D0B00051F8042F40F6F70BBAF96040043302FB35
:10D0C0000EFED1F88050BAF94020BAF920C04FEADC
:10D0D0004E3E554342F23172D1F8C0600EF5806E7B
:10D0E00055430A6C664302FB0CFC42F6B6327603EB
:10D0F0000EEB050002FB0CF24FEA4C3CAEEB0505D3
:10D1000002EB0608A2EB0C02ACEB0604BAF910C065
:10D11000961B0EEB0407AEEB0404AA19BAF930E033
:10D12000029400EB08040592AA1B0394A0EB0800EC
:10D130000C6E06920A6A04FB0EFED1F8A04002FBB8
:10D140000CFCBAF9502004905443BAF97000D1F89D
:10D15000E0200CEB04060197424342F6CF10774FD4
:10D1600002EB060800FB0EF5754809FB08F840F6CF
:10D170005B0900FB0EF009FB068905EB09060BFBBA
:10D180000C6604EB020B07966E4E06FB0BFB00EBE6
:10D190000B0607FB04666C4FAEEB040441F2511E14
:10D1A0004E4407FB0C00A8EB0509684F43F2C62567
:10D1B00007FB020007F2534705FB0295ACEB0202A6
:10D1C000404441F67E0C02EB04085D440EFB08F877
:10D1D00007FB048E039F079C0CFB02823C44E41275
:10D1E00043F8044C079C3F1B019C1444FF12E412BB
:10D1F000C3F804715C61019CA21AD212C3F8EC203E
:10D20000059A3244D212DA62059A961B069A2A448B
:10D21000F612D212C3F8D4605A64069A551B029AC9
:10D220007244ED12D212C3F8BC50DA65029AA2EB36
:10D230000E04049A0244E412D212C3F8A4405A67BE
:10D24000049A101A099AC0125245C3F88C007FF450
:10D250002BAF089B10A841F2A16BA3F1040C03F1C2
:10D260002C085CF8049F42F231745C9B40F6B637A0
:10D2700050F8082CE04509EB030650F8183C0BFB6E
:10D2800002F250F804EC03F1100300F118004FEA29
:10D29000433303EB0201A3EB420350F8282C019324
:10D2A00004FB02F250F8243C01EB0205A1EB020161
:10D2B00050F82C2CAEEB030A02EB0E0407FB04F42F
:10D2C00050F8247C1744A2EB0302009B04EB473781
:10D2D000A2EB0E0E04EB4A3405EB0702A5EB0705A3
:10D2E0004FEA4E3EC2F38942C5F389459A5C5C9B86
:10D2F00009F80320009B5A5D019B727103EB0E023B
:10D30000009BC2F389429A5C019B7270A3EB0E03EF
:10D31000009AC3F38943D35C337101EB0403A1EB9F
:10D320000404C3F38943C4F38944D35CB370135D2D
:10D33000F37096D153B0BDE8F08F00BFB0D0FFFFBF
:10D34000AFEEFFFF8BDEFFFF5CEAFFFF8CC0FFFF4D
:10D350002DE9F04FBBB0496DA2F1020C06930439E0
:10D36000D0F84C3103F1800802F1080308AA0793B2
:10D370003CF902EF41F69A2551F8043F0432BCF91A
:10D38000400003FB0EFED1F88030BCF920B04343CF
:10D3900042F29D404FEA4E3E00FB03F440F6FC5043
:10D3A0000EF5806E43430EEB040AAEEB0300E31A66
:10D3B000BCF96040AEEB4303BCF950E0DB120093D4
:10D3C0000B6C03FB0BFBD1F8C03063430BEB030486
:10D3D0006C4341F2710505FB0B4B6E4D05FB03439E
:10D3E0000C6ABCF970500AEB0B07C618C31ABCF9DB
:10D3F0003000AAEB0B0B0193BCF910305C430B6EB1
:10D400004343D1F8A00000FB0EFED1F8E0006843D2
:10D4100003EB00091B1A40F6E310584302904FEA51
:10D420004E30039041F66F6000FB09F00490DDE997
:10D43000020500EB050A049D42F6B34000FB0450D0
:10D440005044059040F214706043451BAA4441F2D9
:10D45000CF2505FB09F9DDE90205281A41F28C45C3
:10D46000A0EB0330E31A6543A3EB0E0E42F6530321
:10D47000A5EB09056343059C4FEA8E0E3C19A3EB0F
:10D480000903E4121B1A284442F8044C059C3F1B74
:10D49000F418F61AFF12E412F612C2F8B070146112
:10D4A000C2F89C60009B73445362009BA3EB0E0385
:10D4B000C2F88830019B0344DB129363019B181A66
:10D4C0000BEB0A03ABEB0A0ADB12C012D3644FEA80
:10D4D000EA25079B5067634515667FF449AF069BB5
:10D4E0000DA941F64C1A4FF43569A3F1040C24330D
:10D4F00001935CF804EF1431449B51F8184C0EEB87
:10D50000030751F8200C51F8283C0219001B103376
:10D5100051F81CBC09FB00F051F8246C5B030AFBBA
:10D5200002F21D18009341F69A235419AA1A06EB29
:10D530000B055D4341F2710303FB0656154B03FBDC
:10D540000B5504EB060BA41B449BCBF3894BC4F394
:10D55000894418F80BB00EF803B018F80440009B8B
:10D560003C715419521BA3EB8003C4F38944C2F3EA
:10D570008942C3F3894318F804407C7018F80220EC
:10D58000FA7018F80330BB70019B6345B1D13BB012
:10D59000BDE8F08F5CBAFFFF2DE9F04FA7B0049310
:10D5A000D0F84C31486D06A980330293931E019345
:10D5B00000F110030593019B019AB3F912A0B2F98F
:10D5C0005280B2F96260B2F9724050F804EB32F95D
:10D5D00002CFB3F92270B3F932500EFB0CFCB3F951
:10D5E00042300192BAF1000F68D1002F66D1002DB0
:10D5F00064D1002B62D1B8F1000F5FD1002E5DD154
:10D60000002C5BD14FEA8C030B600B610B620B6348
:10D610000B640B650B660B67059B04318342CAD113
:10D62000049B0AA841F2511941F67E081E1F03F11E
:10D630001C0CDFF894E156F804BF1030309A50F813
:10D64000184CB4450BEB020750F8202C50F814ACE2
:10D6500050F81C5C02F11002029B02EB0401A2EBE9
:10D66000040205EB0A044FEA413109FB04F44FEAD6
:10D67000423208FB05450EFB0A4401EB050AA1EB0B
:10D680000501CAF3894AC1F3894113F80AA0309B06
:10D690000BF803A0029B5B5C0299FB7002EB040396
:10D6A000A2EB0402C3F38943C2F38942CB5C7B70D3
:10D6B0008B5CBB70BFD127B0BDE8F08FC26B4FEA67
:10D6C0004C3C02FB07F9D0F8BC7041F25112774391
:10D6D000C66F09EB070E734302FB0EFE5E0341F6B5
:10D6E0007E020CF5806302FB09E906EB030B364A68
:10D6F0009B1B02FB07EEABEB090209EB0B07039246
:10D700000EEB0306D0F8DC20A3EB0E0302FB04F9BA
:10D71000D0F89C4042F2A15204FB08F8C46D04FB0F
:10D7200005FCC56905FB0AFA09EB0C0508EB0A0EB6
:10D7300005EB0E045443254A02FB0545244A02FB2F
:10D740000E4409EB0A0E234A02FB0EFE40F68E122F
:10D7500005EB0E0BA64402FB09B943F20B0B1E4A64
:10D760000BFB0AEE08EB0C0A44F2B31B02FB0AFAAD
:10D770005544544446F2542A0BFB08440AFB0C5A05
:10D7800007EB0E05A7EB0E0EED124FEAEE270D602C
:10D7900006EB0A05A6EB0A0A0F67ED124FEAEA2626
:10D7A0000D611D191C1B039BED120E664B44E41208
:10D7B0000D62DB120C650B63039BA3EB09094FEAB7
:10D7C000E9230B6428E700BFDFC4FFFF3BC1FFFF75
:10D7D00084F3FFFF33E3FFFFFDADFFFF2DE9F04FC3
:10D7E00095B0D0F84C014C6D951E00F1800E0432BE
:10D7F000043C02AE0093019235F9021F40F6B633A5
:10D8000054F8042F0436B5F940004A43D4F8801088
:10D81000B5F920704143520341F2A160B5F930904F
:10D8200002F58062B5F9508041435018A2EB4102E5
:10D83000216CD212794342F231777943B5F91070F5
:10D8400000EB010C401A216A7943276E07FB09F9A6
:10D85000D4F8A07007FB08F801EB090A01EB0807F0
:10D86000A8EB090B5F43019B07EB4A3AAB4207EB7E
:10D870004B3BA1EB09070CEB0A01ACEB0A0CA7EB45
:10D8800008084FEAE1214FEA880846F8041C4FEAED
:10D89000EC21B16302EB0801A2EB0802B160F26275
:10D8A00000EB0B02A0EB0B0B4FEAE2224FEAEB205E
:10D8B00072613062A0D1009B05A941F2A16C42F2D5
:10D8C000317B1D1F143355F8049F0C311E9A51F8FB
:10D8D000100CAB4209EB020651F8182C0CFB00F0BF
:10D8E00051F8144C02F110021E9F0BFB04F44FEA96
:10D8F000423202EB0008A2EB400208EB040AA8EB5C
:10D900000408C2F38942CAF3894AC8F389481EF859
:10D910000AA009F807A01EF80840B4701EF80220FB
:10D920007270D0D115B0BDE8F08F00002DE9F04F36
:10D930008BB04C6DD0F84C61951E02A9043C80362A
:10D9400002F1020C0F4641F2511841F67E0E01938E
:10D9500035F9022F043154F8040FB5F92090AC4585
:10D9600000FB02F2206CB5F910A000FB09F0B5F93C
:10D9700030B0234B02EB0009A2EB0002206A4FEA11
:10D98000493900FB0AFA206E4FEA423200FB0BF0E5
:10D990000AEB000B08FB0BFB03FB00B00EFB0ABA03
:10D9A00009EB0A0BA9EB0A0A02EB0009A2EB000043
:10D9B00041F804BCC1F814A0C1F80490C860C7D1F4
:10D9C000002107EBC10057F83120019B02F500420E
:10D9D000446853F8215001311019121B149B04297B
:10D9E000C0F30940C2F3094205EB030C305CE85474
:10D9F000B25C8CF80120E4D10BB0BDE8F08F00BF21
:10DA0000DFC4FFFF70B54C6DB2F900602168D0F83B
:10DA10004C017143B2F91060226A80300431049DD8
:10DA200072438C18891AC4F3C904C1F3C901065D95
:10DA30001C686655425C5B685A5570BD10B402683C
:10DA4000382454610268916103685DF8044B1B68D7
:10DA500018472DE9F04F8B6885B081460C464FEA98
:10DA6000C31B8B69002601F1300A03FB0BF80392FC
:10DA70002369B34202DC05B0BDE8F08F9B1B6569EA
:10DA8000E169AB426268A8BF2B46A5693544491BD2
:10DA9000551B8B42A8BF0B46AB42A8BF2B46002BA1
:10DAA000E9DD03FB0BF5236853F82620039B009563
:10DAB00043B1434651464846676BB8476369A8443B
:10DAC0001E44D5E7434651464846276BF5E700001C
:10DAD0002DE9F84F4FF6F07306460D4614469A426C
:10DAE000D0F8049002D90121FFF7A8FF14F0070332
:10DAF0001CBF0834E41A012D08D933680F223046C0
:10DB00005A6133689D6133681B68984709EB850843
:10DB10000027D8F83400C8B9F7B91D4B04F1100A32
:10DB200053F82530CAF580359D4228BF1D4605EBC8
:10DB30000A0B3046594600F0DBFB78B96D08312DF1
:10DB4000F5D802213046FFF779FFF0E78368A3425A
:10DB500011D207460068DEE70E4BDFE7D9F84C101C
:10DB6000002325445944C9F84C108560C0E90033AE
:10DB70005FB9C8F8340043681A19103342608268EC
:10DB8000121B82601844BDE8F88F3860F3E700BFCD
:10DB9000AC360408A436040801292DE9F0410446F6
:10DBA0000D4617469846466807D003680F225A610B
:10DBB0000368996103681B68984729463C22204600
:10DBC000FFF786FF069900220762C0E9011807994E
:10DBD0000260C1608262B26CC262B064BDE8F08172
:10DBE00001292DE9F04104460D461746984646683E
:10DBF00007D003680F225A610368996103681B68A4
:10DC0000984729463C222046FFF762FF06990022EA
:10DC10000762C0E9011807990260C1608262726CF4
:10DC2000C2627064BDE8F08101292DE9F041064629
:10DC30008846456812D903680F225A6103689961C2
:10DC400003681B68984705EB88040022E36BE263D6
:10DC50000BBB616B636369BBBDE8F081F3D16C6C96
:10DC6000002724B9AF6C6C645FB9AF64EBE7A36ABB
:10DC70002BB1A76204F13001A36B30469847E46AE8
:10DC8000EFE7BB6A2BB1BC6207F13001BB6B3046DA
:10DC90009847FF6AE8E7D3E900879A681946304653
:10DCA000174410373A4600F02CFBEB6CDF1B434661
:10DCB000EF64CDE78B683046D1E900741C44103422
:10DCC000224600F018FBEB6C39461C1BEC64C2E7E3
:10DCD00010B504460121FFF7A7FF00212046FFF7FA
:10DCE000A3FF20466168542200F005FB0023204674
:10DCF0006360BDE8104000F011BB2DE9F04702EB76
:10DD0000030816464A6805460C46DDF82090424551
:10DD100004D3CA689A4201D30B6833B92B6817221F
:10DD200028465A612B681B689847A369B34203D8F9
:10DD300022691344434521D2A36A33B92B68472291
:10DD400028465A612B681B689847636A33B10122E1
:10DD500021462846FFF77DFE00236362A369002267
:10DD600021462846B34229BF2369A661A8EB0303D5
:10DD700023EAE37328BFA361FFF76BFEE76947451A
:10DD800020D2B7420DD2B9F1000F1FD02B68172255
:10DD9000374628465A612B681B689847C4F81C8090
:10DDA00002E0B9F1000FF9D1226ADAB1A569A268DF
:10DDB0007F1BA8EB05054FEAC21A4FEA8708AF425E
:10DDC000236805D3B9F1000F0FD110E03746EBE718
:10DDD00053F808005246002101371CF00FF908F1F2
:10DDE0000408ECE7B9F1000F08D001236362A069D1
:10DDF000361A206800EB8600BDE8F0872B681722F2
:10DE000028465A612B681B689847F0E74FF6F07375
:10DE10009A422DE9F041054688461446476802D9E2
:10DE20000321FFF70BFE14F007031CBF0834E41AAC
:10DE3000B8F1010F09D92B680F2228465A612B68C7
:10DE4000C3F818802B681B68984704F11001284616
:10DE500000F054FA064618B904212846FFF7EEFDF3
:10DE6000FB6C06F1100010332344FB6407EB8807BA
:10DE7000FB6BC6E900340023B360FE63BDE8F081AC
:10DE80002DE9F0474FEAC2184FF6F074064689466E
:10DE90001F464568B4FBF8F42CB9036848225A6160
:10DEA00003681B689847BC424FEA870249463046E0
:10DEB000A8BF3C462C650025FFF70AFE8246BD42FE
:10DEC00002D35046BDE8F0877B1B494630469C4252
:10DED00028BF1C4604FB08F2FFF798FF23460AEB15
:10DEE00085020BB92544EAE742F8040B013B4044A4
:10DEF000F7E72DE9F0474FF6F0740646894690465D
:10DF00001F464568B4FBF2F42CB9036848225A61F5
:10DF100003681B689847BC424FEA8702494630466F
:10DF2000A8BF3C462C650025FFF7D2FD8246BD42C6
:10DF300002D35046BDE8F0877B1B494630469C42E1
:10DF400028BF1C4604FB08F2FFF760FF23460AEBDC
:10DF500085020BB92544EAE742F8040B013B404433
:10DF6000F7E700002DE9F8430025476880467B6C01
:10DF70002E46E3B9BB6C2BBB002E16DDFB6C2A468C
:10DF80003146404600F0C0F9854228DD90FBF6F6A8
:10DF9000012EB8BF01267C6C4FF00109002504BB9F
:10DFA000BD6C4FF00109002D40D1BDE8F8831A681F
:10DFB00032B9D3E9022101FB0266596801FB02551F
:10DFC000DB6AD6E71A6842B95A68D3E902014143CD
:10DFD000424306EBC11605EBC215DB6ACBE7264EC2
:10DFE000D9E72368A3B96268E168531EB3FBF1F374
:10DFF00001339E420EDB226123690121A268404663
:10E00000FFF777FF20603B6DE5616562C4E9053588
:10E01000E46AC4E7A36871434046216104F130011A
:10E020005A4300F073F9C4F82890E5E72B68A3B9C8
:10E030006A68E968531EB3FBF1F301339E420EDBBD
:10E040002A612B690121AA684046FFF719FF286061
:10E050003B6DEC616C62C5E90534ED6AA3E7AB6822
:10E06000714340465A43296105F13001D20100F065
:10E070004DF9C5F82890E4E700CA9A3B2DE9F04F26
:10E08000164685B01A440C46054602924A68F118B5
:10E090008A4204D3E2689A4201D3236833B92B68D9
:10E0A000172228465A612B681B689847A369B34218
:10E0B0000ED822691344029A934209D3E369029A63
:10E0C0009342C0F083800E9B002B40F0AB80ABE00E
:10E0D000A36A33B92B68472228465A612B681B680C
:10E0E0009847636A7BB1A3694FF0000AD4F808909F
:10E0F00003FB09FB04F1300303932369A269534531
:10E100003EDC00236362A3694FF0000AD4F8089054
:10E11000B34225BF2369029AA661D31A24BF23EA1A
:10E12000E373A361A36903FB09FB04F130030393C9
:10E130002369E1695345C1DDA3EB0A036269A06964
:10E1400093425044A8BF13466268091AA2EB000824
:10E150008B42A8BF0B464345A8BF4346002BADDD0D
:10E1600003FB09F822685B460399CDF80080284636
:10E1700052F82A20C344276BB84763699A44D7E70B
:10E18000A3EB0A03616902EB0A0862688B42A8BF2D
:10E190000B46E169A1EB0801A2EB08088B42A8BF7E
:10E1A0000B464345A8BF4346002BAADD03FB09F8F5
:10E1B00022685B460399CDF80080284652F82A2051
:10E1C000C344676BB84763699A4496E7B3420CD27D
:10E1D0000E9B1BB32B68172228465A612B681B68BD
:10E1E00098473346029AE26102E00E9A002AF9D17A
:10E1F000226AAAB1A269D4F808809D1A029BAF00D6
:10E20000A3EB02094D452368BFF45DAFD8594246E0
:10E21000002101351BF0F2FE0437F3E73346E7E750
:10E220000E9B4BB101236362A069361A206800EB94
:10E23000860005B0BDE8F08F2B68172228465A618A
:10E240002B681B689847EFE7002370B505464360CD
:10E2500000F062F854210646284600F049F80446CA
:10E2600058B9284600F05AF82B68382228465A61D7
:10E270002B689C612B681B689847124B2360124BDC
:10E280006360124BA360124BE360124B2361124B8D
:10E290006361124BA361124BE361124B2362124B79
:10E2A0006362124BA3624FF48033C4E90B63002313
:10E2B000A36323646363E363C4E911335423E36416
:10E2C0006C6070BDD1DA01080DDE0108F3DE0108D3
:10E2D00081DE0108E1DB010899DB010865DF010847
:10E2E0007DE00108FBDC010829DC0108D1DC010824
:10E2F0000846F3F7CBB90846F3F75CBA0846F3F7DC
:10E30000C5B90846F3F756BA10467047026833217C
:10E31000516103681B6818470020704770472DE95A
:10E32000F74FD0F8E041D0F878C0D4F818E00024D6
:10E33000D0F870B02CEAEC780193019B9C4202DB90
:10E3400003B0BDE8F08F52F8245051F8246005EB7B
:10E350000B094D450FD10134EFE716F800A05EF828
:10E360002030013013F80AA057446045F5DB4644DD
:10E3700005F8017BEDE700200746F6E72DE9F047B9
:10E38000D0F8E041D0F870900020A469D4E900CE24
:10E39000D4F80880984201DBBDE8F08752F820509D
:10E3A00051F8204005EB090A554504F1030401D159
:10E3B0000130EFE714F8036C1CF8067014F8026CD7
:10E3C0001EF80660374414F8016C18F806603E44E5
:10E3D00005F8016BE8E72DE9F04F9B46D0F8E031F6
:10E3E00089B0006F9C690792256805900295656861
:10E3F000A4680395049400245C4502DB09B0BDE8E1
:10E40000F08F186B079A8501059E52F824700095CD
:10E41000BE19D3F83480D3E90E95069600260195EF
:10E4200051F82450069A0335974205D10130013442
:10E4300000F00F001863DFE7009A15F803EC02EB19
:10E44000860C029A0136964458F80C2006F00F0606
:10E450001EF802A015F802EC039A964459F80C2015
:10E460001EF802E0019AF24415F801EC52F80CC0D3
:10E47000049A96441EF80CC0E24407F801ABD1E7B9
:10E48000F8B5026F0446D0F8E06100270232443646
:10E490005500A36FBB4200DCF8BD63682A4601212A
:10E4A00020465B680137984746F8040BF1E7704750
:10E4B00002682F21516103681B6818472DE9F04F4E
:10E4C00093B0D0F87080D0F878B08A460F93D0F827
:10E4D0004C31D0F8E0510C9308F1FF33079303FB64
:10E4E0000BF30A9308F101035B000B93131F0693D0
:10E4F00000230493049B0F9A934202DB13B0BDE800
:10E50000F08F069B42460021002653F8040F069325
:10E510001BF074FDCBF1000311935E45696D09DBBF
:10E52000049BB1FA81F10AF1040A490901336965D2
:10E530000493DFE7B000DAF80030069A2C18334471
:10E540001268646C019400292ED00A994FF0FF3CA8
:10E550000B4407990A441199039121460B9C2144CD
:10E560000191A9694FEA4C07039C09586442DDF800
:10E5700004E00D9129691094CCF1000409580020A1
:10E5800002930E910146CDF81480089009946244DC
:10E59000DDE902431C44059B029453B908FB07F7CD
:10E5A000019B0136D853B8E7CDF80CB04FF0010C01
:10E5B000D7E73EF90790029B4944109C08311C5D47
:10E5C0000C9B03EB21110D9B0C5D13F80490099B30
:10E5D000D15C4944D1540E9B13F80910089B641A6E
:10E5E0004FEA4409089404EB0901084449440B44E8
:10E5F000AEF800004944BE441846059B013B059314
:10E60000C5E72DE9F04F89B0866FD0F8E041171FBC
:10E6100006938846036F0025009373420793069B79
:10E620009D4202DB09B0BDE8F08F009A002157F847
:10E63000040F04F134091BF0E1FC236B9A010193F0
:10E6400003920022B24208DB019B013508F1040865
:10E65000013303F00F032363E1E7A169009851F848
:10E660002210049159F8041B0291D8F8001001EB14
:10E67000020C3968084405900020059BB444994277
:10E6800001D10132DEE7029B91F800E003EB800B41
:10E69000079B01301CF803A0039B00F00F005BF800
:10E6A00003B0049B9A441AF80BA0D64401F801EB7E
:10E6B000E3E72DE9F04790F858300121D0F8E05118
:10E6C0000646012B05F1200813BF0024EB614FF42F
:10E6D000FF74EC61436804F580729F68836FB847EC
:10E6E000D5F814E00021A861B36F8B4201DCBDE8CE
:10E6F000F08758F8042B8F009EFBF2FE2CB1A8691E
:10E7000050F82130FF3340F8213002F1FF39AB6976
:10E71000FE324FEA490AD859002792FBFAF2BC466A
:10E720007B000333C3EB03234B4404E093FBFAF277
:10E73000013703F5FF736245F8DB17FB0EF300F8B2
:10E740000C300CF1010CBCF5807FE9D174B10346AB
:10E7500000F1FF02A0F1FF0790F800C003F801CD1F
:10E760009F4290F8FFC002F801CFF5D10131BBE71D
:10E770002DE9F047D0F8E05104462B69C0F8883005
:10E780006B69C0F8843090F85830012B12D009D34F
:10E79000022B62D0036831225A610368BDE8F0475A
:10E7A0001B681847836F032B0CBF384B384B6B60CB
:10E7B000BDE8F087836F032B0CBF364B364B6B6085
:10E7C00000232B63EB690BB9FFF773FF6D6B002D13
:10E7D000EED1D4F8E07107F120084646A36F9D42C0
:10E7E000E6DA56F8049B424600239D4207D052F8D1
:10E7F000041B89452FD107EB8303586B40BB63682B
:10E800004FF48062012120461B68984709F1FF32CE
:10E810008446DFF88CE0520200F5806900211EF882
:10E8200001305B00C3F1FF03D3EB032345BF5B4221
:10E8300093FBF2F393FBF2F35B424CF8213001318E
:10E840001029ECD10CF1400C0EF1100EE145E5D190
:10E8500030610135C2E70133C7E7104B6B6000231D
:10E860006B656B6C0BB9FFF70BFE226F443500270D
:10E8700002325600A36FBB429ADD3246002155F8A2
:10E88000040B01371BF0BAFBF4E700BF7DE301087E
:10E890001FE30108D7E3010803E60108BDE401080E
:10E8A000C03604082DE9F04F436887B05822012193
:10E8B0001B68044698476E4BC4F8E00103606D4B3B
:10E8C00083606D4BC360002343644363A36F042BD9
:10E8D00009DD2368392220465A61042223689A619F
:10E8E00023681B689847236EB3F5807F0ADD236891
:10E8F0003B2220465A614FF4807223689A61236854
:10E900001B689847D4F8E0614FF00108A76F06F143
:10E91000200BD4F860A008F10102012113468F42B8
:10E920004FDC9A454BDAB8F1010F08D122683A2141
:10E93000204651612268936123681B689847002331
:10E9400001259F4240DCDFF834E1002003469F426E
:10E9500040DC0028F9D1A26F2368032A4FD19D61C2
:10E96000326ADA61726A1A62B26A5A626022236893
:10E970005A612368012120465B68984763682A46EC
:10E9800001219F682046A36FB847AE4680464FF0EE
:10E99000000C0190CDF80CB0A36F9C4534DB019BBB
:10E9A0002046C6E90435FFF784FE94F85830022B60
:10E9B0005BD1204607B0BDE8F04FFFF761BD904640
:10E9C000A9E753430131AAE74BF82380013308FB41
:10E9D00005F5B6E794F82920022A0CBF5EF823C09B
:10E9E0009C465BF82C2095FBF2F1013251438A459D
:10E9F000AFDB4BF82C20013301200D46A7E7612245
:10EA00005A6123689D61B4E7039B002253F804AB6D
:10EA100003930AF1FF339EFBFAF902935B10049310
:10EA200013469A4505DC0CF1010C08F10408CE46AA
:10EA3000B2E7049FC3EB03213944029F91FBF7F136
:10EA400005911146A9420EDB01334A44E9E7D8F8A3
:10EA5000000038440137834605980BF80100B9459A
:10EA6000F5DC7144EEE70027F9E707B0BDE8F08F69
:10EA700071E70108AFE40108B1E40108B436040805
:10EA80002DE9F043D0F8E0210025D0F870C04FF018
:10EA9000020E97694FF6FF789D4201DBBDE8F083D7
:10EAA00051F82520664603320EB90135F4E712F815
:10EAB000010C12F8034C4FEAD00912F8020CE408DA
:10EAC000800880011EFB090057F8249039F80040A7
:10EAD0000134A4B224B129F80040013E0332E3E737
:10EAE00029F80080F9E738B5436840F2FC7201214B
:10EAF000D0F8E0411B68984700F57F7300F57E7100
:10EB000000F58062A362002341F8043F5C420133B8
:10EB100042F8044D102BF7D100F5876400F57071B1
:10EB20006FF011025D4244F8043F41F8045D02F0C9
:10EB30000105013A2B4412F1320FF3D100F5976130
:10EB400000F550725C4241F8043F42F8044D8242A5
:10EB5000F9D138BD7047D0F8E0310122DA61704751
:10EB6000F8B5D0F8E051044690F85830AF69002B62
:10EB700053D0022380F85830F9B12A4B6B602A4BEE
:10EB8000AB600123EB61EB6963B13C1F7C3754F848
:10EB9000040F4FF4805200211BF030FABC42F6D132
:10EBA0000023EB61F8BDB3F5807F18DD23683B22BD
:10EBB0005A614FF4807223680CE01C4B6B601C4B55
:10EBC000AB60D4F88430002BEDDC23683A225A6124
:10EBD000012223689A61204623681B68984794F8AD
:10EBE0005830022BCFD1236F06265E432B6A0C369A
:10EBF00033B963683246012120465B689847286232
:10EC000032460021286A1BF0F9F9AB6A13B9204695
:10EC1000FFF769FF00236B62B5E70029ADD1054B13
:10EC2000CCE700BF81EA0108D3F30108E1F1010854
:10EC300055EB010865F101082DE9F04FD1E90053CA
:10EC400085B08669D1E904C401934FEA4C0302936D
:10EC5000019B9D42D1E9027061DABB016FF0010BAB
:10EC600003932B460BFB0CFBDDF80C90B8460DE034
:10EC7000029A4A4402EB0B0E56F823207244E646F1
:10EC800074450CDA08F1010809F140094045EFDA52
:10EC90000133019A9A42E7DA2B46019D30E032F8BF
:10ECA0001EA0BAF1000F15D0019A0B609A42F4DC55
:10ECB000874280F285806FF001024FEA871A02FBDB
:10ECC0000CF203923A46029D9E460AEB0509039D0B
:10ECD000A9442EE00EF1010ED2E7029A4A4402EB5B
:10ECE0000B0E56F825207244E64674450CDA08F1FE
:10ECF000010809F140094045EFDA013D9D42D7DBAB
:10ED0000DDF80C90B846F6E732F81EA0BAF1000F15
:10ED100002D04D600195CBE70EF1010EE5E72B46E1
:10ED2000C6E756F82E50E0464D4444450EDA0EF143
:10ED3000010E019DAE45F4DD01320AF1400A904218
:10ED4000C1DA3A464FEA8019074627E035F818B08D
:10ED5000BBF1000F0FD090428A60F3DCA44580F233
:10ED60009F804FEA821B6546029F9E460BEB070879
:10ED700008F140082EE008F10108D6E756F82E50B9
:10ED8000E0465544444510DA0EF1010E019D7545EB
:10ED9000F4DA013FA9F140099742DFDB029D9E466C
:10EDA00009EB050A039DAA44F0E735F818B0BBF15A
:10EDB000000F02D0CF603846D0E708F10108E1E744
:10EDC0003A46CBE756F82E709146474481450FDD11
:10EDD0000EF1010E019F7745F4DA029F01350237EB
:10EDE000AC420297C0DA65464FEA4408A44644E0C4
:10EDF000403737F880ACBAF1000F29D0AC420D6132
:10EE0000F2DC019FA4EB050C6FF0010B4FEA450A01
:10EE1000A7EB030E871A0BFB05FB4FEAC7084FEA67
:10EE2000CE0E08EB87084FEA0C1708FB08F80EFB1C
:10EE30000E8E07FB07E706EB830E96018F610296A5
:10EE40000026019F9F424ADACE6105B0BDE8F08FEF
:10EE500009F10109BAE756F82E7092464F4402971D
:10EE6000504510DA0EF1010E019F7745F3DA0CF1EF
:10EE7000FF3CA8F10208AC45C3DB0BEB08099E463A
:10EE800009F14009F0E7029F4037029737F8807C8C
:10EE90001FB1C1F814C06446B3E70AF1010ADFE705
:10EEA0006546AEE70AEB090707EB0B0CDEF80070CE
:10EEB0006744AC460397644509DA08F1010809F193
:10EEC00040094045EEDA01330EF1040EB9E7039F25
:10EED00037F81C7007B101360CF1010CEBE7DDF8D7
:10EEE00008909046EDE72DE9F04FADF2B45D0025B6
:10EEF00002900693D0F8E031D0109B69400107934F
:10EF0000831C1E300093069B9C10CDE90412640103
:10EF10008910231D1C344901019301F10409029B4E
:10EF20001C31D3F8848009EB01035B100893009B2C
:10EF300003EB000B019B03EB040A4FEA6B0B6FF032
:10EF400000434FEA6A0A0393A8453FDC00206CA9FE
:10EF50002CAC0246904500F39A8000236FF00042EB
:10EF600041F823200133802BFAD10024844240F061
:10EF70009780049A0025069B22F00301079A23F04C
:10EF8000030302EB8101059A5B0022F00702920164
:10EF90000CA814AC1746284404EB050CDC190E68C9
:10EFA00000F1040E344410F8016B0136704524F86A
:10EFB000026BF8D1844507F14007EFD120350431C9
:10EFC000802DE5D10DF2B45DBDE8F08F029BD3F842
:10EFD00088703B685A5D91452CDDA2EB090C521AF2
:10EFE0000CFB0CFC52437B68009E5B5D9E4234DD53
:10EFF000A3EB060E0EEB4E0E0EFB0ECC1B1A03EB14
:10F000004303019E03FB0322BB685B5D9E4232DD2E
:10F010009F1B7F0007FB07CC1B1B5B0003FB03232D
:10F020006CAA42F825C00135039A9A42A8BF1A4635
:10F03000039289E7914206DAA2EB010CA2EB0902E6
:10F040000CFB0CFCCEE7089B4FF0000C9342ACBFCE
:10F05000521AA2EB09025243C5E7984208DAA3EB21
:10F06000000E0EEB4E0E0EFB0ECC009E9B1BC6E759
:10F070009B45FADBC2E79C4206DA1F1B7F0007FBB9
:10F0800007CC019E9B1BC8E79A45FADBC4E751F801
:10F090002230039D9D42A4BF22540130013259E722
:10F0A0002CAB009D019E4FF0000C13F804E0029B76
:10F0B000D3F888104A680B6812F80E208968AA1ADB
:10F0C00013F80E3011F80E1002EB4202A9EB030305
:10F0D000711A02FB02F5490003FB0355043301FBDF
:10F0E000015508311B014901039518250A916CA9A6
:10F0F0006A43C91A02F1900502F519620B9109954C
:10F1000008920CAA099D039F02EB0C0A0B9AD618D1
:10F1100017E056F821204245C8BF46F82180D84460
:10F12000C8BF0AF801E001310BF5007B0429F0D1DA
:10F130002F44089A05F5907510360AF1040AAA4280
:10F1400004D0DDF828B0B8460021E2E7039A0CF1BC
:10F15000200C1A44BCF1800F03F180030392D0D13C
:10F16000013403E72DE9F04F85B080468A46934687
:10F1700003930025D0F8E0319B690093036F01935E
:10F18000039B9D4202DB05B0BDE8F08F5BF8256074
:10F190005AF82540019B0334F3180293029B9E42C8
:10F1A00001D10135ECE714F8022C022014F8013CDF
:10F1B000920814F8031CDB089701C90810FB0377B9
:10F1C000009850F8219039F8070010B94046FFF731
:10F1D0008AFE19F807300334013B06F8013BDDE7EE
:10F1E0002DE9F04F9DB0D0F8E05183461A93AB69FA
:10F1F0001493036F0393D0F84C310C93AB6A0D93C7
:10F20000D0F88830CDE918121A6815925A689B68B0
:10F2100016921793039B039A03EB4303033B12934A
:10F22000062302FB0333139300230293029B1A9AD3
:10F23000934202DB1DB0BDE8F08F029A189B53F891
:10F240002260199B53F822302A6A01926A6A002AC6
:10F2500036D0129A13991644039A013A1344019A2C
:10F260000A44019200226A626FF002020A924FF091
:10F27000FF32049200240A9A0498214652000E9408
:10F2800040420692049A1B90134422460593039B26
:10F290000B93019B00932346CDE90844CDE90F442D
:10F2A0000B9898B9039A069B019953430898019AC1
:10F2B000C8521A44099B5380029B94800133B4E7DF
:10F2C00001226A6203220A920122D2E7069F009875
:10F2D000384407900098C75F3A4402F10807079A3C
:10F2E000B2F90220114401F108020799B1F90400B2
:10F2F000391112110C9F03440D98083350F8211056
:10F3000050F822201B1139443A4450F82330307809
:10F310003B4411F800A07178149812F801904FEA5C
:10F32000EA01B27850F8210013F802804FEAA902EE
:10F3300011904FEAE803970107EB4307C05B10B950
:10F340005846FFF7D0FD119B059ADB5B1B99013BEB
:10F350000098009F5354159A0899D25CAAEB020AB0
:10F36000169AD25CA9EB0209179AD35C4FEA4A02BB
:10F37000A8EB03080AEB02031944134401801A4462
:10F380000E990998194408914FEA490109EB0103C4
:10F3900018440B44788019440F98184409904FEA98
:10F3A000480008EB00031C440344BC80109C1C4430
:10F3B00003440A9806440B9801380B90DDE9047069
:10F3C0003844059007980090CDE90F98CDF838A003
:10F3D00066E72DE9F04F93B0D0F8E03101214FF00E
:10F3E000010A03934FF002091B690190C0F88830AD
:10F3F000039B5B690293029A436852011B6898471A
:10F4000000231F223F21836005464261A846C0E9D0
:10F410000313C0E90032019B0146D3F8E001FFF776
:10F420000BFC2B46029A524534DC00210022D8E91D
:10F430000003CDE906220C93D8F808300493D8F8DD
:10F440000C300D93D8E904530E936B001093019B7D
:10F45000D3F8E0319B6903EB800BC30004330893BE
:10F46000049B9B010993049B9B0002331193EB00C7
:10F4700004330F936FF001036B430B9313460C9C03
:10F480008442C0F2A880119CDDF824E00294049C20
:10F4900005947EE0029AB2EB4A0F3EDB002128463B
:10F4A0000E460F46C269BA4204DD8469002CC4BF0F
:10F4B0000146174601362030B245F3D10029B5D0B8
:10F4C0004A6803F1200B5A62CA68DA624A695A63D1
:10F4D0000A681A628A689A620A691A63D1E9002086
:10F4E0000492821A4FEAC20ED1E902260592B21A9C
:10F4F0004FEAC20C0CEB820CD1E90442171B3F010E
:10F50000BC45C0F29E80E64516DC059A164496FB83
:10F51000F9F6CE6001369E6215E000212A460846C3
:10F520000E4697690130B742C4BF11463E46824538
:10F5300002F12002F5D1C1E7049A104490FBF9F0E2
:10F54000486001301862019B0AF1010AD3F8E0011A
:10F55000FFF772FB019B5946D3F8E001FFF76CFB04
:10F560005B465FE7109CDBF800700EEB04060B9C1B
:10F57000DDF83C902644BC192F460A940E9CBC42F0
:10F5800012DA059C0EF1400E029E013404360594F9
:10F5900002960D9C059EB442E4DA089E01300BF100
:10F5A000040B083608966AE70A9C34F8176076B1AF
:10F5B000089C334406FB0922A446069C0CFB064427
:10F5C0000694029CA446079C0CFB06440794013752
:10F5D00009F10809D2E701985D1008F12008D0F878
:10F5E00088002A4406680698284490FBF3F070547B
:10F5F0000198D0F8880046680798284490FBF3F0FB
:10F600007054019892FBF3F3D0F88800806843545B
:10F61000013151457FF40AAF019B62220198C3F882
:10F6200084101B685A61019B1B6899610121019B31
:10F630001B685B6898470123039AD36113B0BDE848
:10F64000F08FBE453FF778AF224492FBF9F24A6152
:10F6500001321A6377E70000F8B543682C220121D4
:10F6600004461B689847344BC4F8E0010546036024
:10F67000324BC360002303628362A36F032B06D067
:10F680002368302220465A6123681B6898476368C4
:10F690000026802201211B6820469847A8616368E4
:10F6A0004FF48052AF6901215B6820469847B851FA
:10F6B0000436802EF3D10123EB61E36E002B38D0AA
:10F6C000266E072E2BDC23683A225A610822236813
:10F6D0009A61204623681B68984763683246012177
:10F6E00020469F680323B847C5E9040694F85830BC
:10F6F00013B1022384F8583094F85830022B1AD1F1
:10F70000236F0622204601215A4363680C325B684E
:10F71000984728622046BDE8F840FFF7E4B9B6F5FF
:10F72000807FDADD23683B225A614FF480722368C0
:10F73000CEE72B61DAE7F8BD61EB010857EB010872
:10F740000844013890FBF1F070474B1E184490FBC1
:10F75000F1F301FB1301401A704770B5049C00EBF4
:10F76000810502EB8306002C00DC70BD059A013C8C
:10F7700055F8041B56F8040BE9F7BAF8F3E70B4603
:10F78000D20101461846E9F7B3B87047DFF834D024
:10F79000002103E00C4B5B58435004310B480C4BE9
:10F7A00042189A42F6D30B4A02E0002342F8043B87
:10F7B000094B9A42F9D3ECF751F81AF0A9F8ECF793
:10F7C000D7FA7047000005200C5B040800000020F9
:10F7D000780A0020780A0020606D0120FEE780880A
:10F7E000704770B503680C46002105465B6A984770
:10F7F00006462B682846A41B1B6AA4B29847B4FB94
:10F80000F0F070BD00238380704710B50368044694
:10F8100081885B6A9847A3880133A38010BD036881
:10F820005B6A184770470000024A0260002282802B
:10F83000704700BFB43C0408806A7047836A0020A8
:10F840002BB120B95A1A9B6950425041F8E77047D2
:10F85000002348618B61836A13B981627047134644
:10F860009A69002AFBD1996170470022836A23B10B
:10F8700099698162C3E90522F8E770470023836232
:10F8800070470022028042808280C280704770B53B
:10F890000D461646846A3CB1236820463246294606
:10F8A0005B6D9847A469F6E770BD38B50D46846A6C
:10F8B00034B12B68214628469B689847A469F7E72E
:10F8C00038BD704710B504462C2117F081FC204646
:10F8D00010BD836A9BB18B4209D19A69002159619D
:10F8E000826202B970479961704713463AB19A69CA
:10F8F0008A42FAD18A699A610023C1E905337047C7
:10F9000010B4836A04462BB9036811465DF8044BB2
:10F910001B6E184741B99361826254615DF8044BD4
:10F92000704703460028F9D099429869F9D190614F
:10F930008A61F2E72DE9F0411F4690F824300D4628
:10F94000164603B13860846A14B394F82530EBB1DD
:10F95000B4F904108D4219DB89B223890B441BB220
:10F960009D4213DAB4F9062096420FDB92B2638906
:10F9700013441BB29E4209DA2368B21A691A204660
:10F98000D3F8248012B23B4609B2C047A469DBE732
:10F99000BDE8F0812DE9F04F6D4CA1B0064624681A
:10F9A0002A9D94F84990002403932C802B9D2C8051
:10F9B0001C60CDE90112FFF7BDFFB9F1030F40F361
:10F9C000C18031460CA806F041FCBDF930300693E9
:10F9D000BDF932300793039BD3F800A0BAF1000FB2
:10F9E00000F0B380514610A806F030FC0220BDF9AB
:10F9F0004410019B069A91FBF0F19D18BDF940302F
:10FA0000079A1944029B1344BDF946206D1ABDF9AB
:10FA1000421092FBF0F20A449B1A5B4305FB05354A
:10FA20004C4F10ACB9F10C0F0FCF0FC40FCF0FC458
:10FA30000FCF0FC497E80F0084E80F004FF00303C7
:10FA4000D8BF09F1FF324FF00004CDF80090CCBFD1
:10FA5000984692FBF3F8631C10AA04F001044FF0DF
:10FA6000000B0893009B02EB441493FBF8F304345F
:10FA70009BB20493049A54F8043C13FB02F3019ADA
:10FA80009BB299180593B6F9043009B299424DDB3F
:10FA9000328913441BB2994248DA049B276817FB4A
:10FAA00003F7029BBFB2FA18B6F9063012B29A42B7
:10FAB0003CDB708903441BB29A4237DA002330469C
:10FAC0000B930BABFFF736FF0B9A7AB352452DD051
:10FAD00011460EA8099206F0B9FB4FF0020EBDF9CF
:10FAE0003C10069ABDF93800019BBDF93EC0134495
:10FAF000079A91FBFEF19CFBFEFC0144581A029B05
:10FB0000BDF93A101344099A8C44A3EB0C035B43F0
:10FB100000FB0033AB4208D20B991D4603980160ED
:10FB20002A99059808802B990F8092460BF1010BBA
:10FB30000834BBF1040F9DD1009B089C4B44444505
:10FB4000009388D121B0BDE8F08F4FF0FF3567E713
:10FB50006C60012000F103082DE9F043B1F9007059
:10FB60008C88B0F900903C44A4B20FFA84F8C145E7
:10FB70002FDA82884A4492B20FFA82FE774528DA59
:10FB8000B1F90250CB88B0F902602B441BB29E42FF
:10FB90001FDAC38833449BB20FFA83FC654518DA39
:10FBA0004F45B8BF4F46B542B8BF3546F045D8BF00
:10FBB0002246D21B82804A88C98807800A44458031
:10FBC00092B211B28C45A8BF13465B1BC380BDE83F
:10FBD000F0830023038043808380C380F7E7B0F97C
:10FBE0000430002B06DDB0F906000028CCBF002051
:10FBF00001207047012070472DE9F04100230446A1
:10FC00008D6A038043808380C380002D40D0281DEF
:10FC1000FFF7E5FF88B92046FFF7E1FFB5F90420BB
:10FC2000B5F90630B5F908E0B5F90AC038B1228057
:10FC30006380A4F804E0A4F806C0AD69E5E7B4F970
:10FC40000000B4F9021090420746B4F804800E4652
:10FC5000A8BF174699427244B4F806E0A8BF1E46F2
:10FC600040447144634400B2278012B2668009B2F6
:10FC70001BB29042ACBFC7EB0002C7EB0202994235
:10FC8000ACBFC6EB0103C6EB0303A280E380D4E75D
:10FC90002046BDE8F0812DE9F34190F8253083B38B
:10FCA000846A74B3B1F90050B1F90260B1F904701B
:10FCB000B1F9068094F8253003B36846211DADF8EC
:10FCC0000050ADF80260ADF80470ADF80680FFF7A3
:10FCD00043FF6846FFF783FF80B9BDF800306946EF
:10FCE000A28820469B1AE288ADF80030BDF80230A9
:10FCF0009B1AADF8023023689B689847A469002CD2
:10FD0000D8D102B0BDE8F08173B590F825300D462A
:10FD1000164623B3846A14B394F82530EBB12868EF
:10FD20006B46696803C36846211DFFF715FF6846E7
:10FD3000FFF755FF88B9BDF800306946A288204614
:10FD40009B1AE288ADF80030BDF802309B1A3246AB
:10FD5000ADF802302368DB6D9847A469DBE702B099
:10FD600070BD036813B5D3F8A8400023CDE9003374
:10FD70006B46A04702B010BD012380F84B3080F8DD
:10FD80006D307047012380F84B3080F86D3070473C
:10FD9000436801225A72406803681B69184740682B
:10FDA00003689B68184730B58BB004689DF85850BD
:10FDB00009959DF8545008959DF850500795BDF849
:10FDC0004C5006959DF8485005959DF84450049573
:10FDD000BDF840500395BDF83C500295BDF8385031
:10FDE000CDE900351346E46B0022A0470BB030BDCF
:10FDF000044B1B7823B190F86E0080F0010070472F
:10FE0000012070476860012010B50446406803680F
:10FE10009B68984794F86D3013B1012384F86E30D5
:10FE200010BD10B50446EAF791FDEBF76DFC606874
:10FE30000368DB689847E06803689B689847236815
:10FE400020465B6FBDE81040184708B503680446BC
:10FE5000D3F88030984723689B6F20469847EAF78D
:10FE6000C1FD23681B6FF8E77FB5036804465B4D4F
:10FE7000D3F8B0309847002800F095800120002684
:10FE8000EBF7A8FB94F86A3084F84B6084F86B3089
:10FE900094F8793084F86A6033B123682046D3F847
:10FEA000C430984784F8796094F84A300126626833
:10FEB00083F001032E70537205F0B4F803685B6B96
:10FEC000984794F86B300BB984F86B6005F0AAF88A
:10FED00003685B699847E06D03681B69984794F86D
:10FEE0006B3094F86C20013BDBB284F86B300AB1C4
:10FEF000002BEBD13A4A94F96810137801335BB2C6
:10FF00009942137010DC0023E06802A9137003AA61
:10FF10000368DB6898472368002850D0D3F8BC30CA
:10FF20002046DDE902129847002360698DF807300A
:10FF300058B103680DF10701DB68984728B1E06DFF
:10FF40009DF807100368DB68984704F11C0016F061
:10FF500031F994F870300BB3206903681B69984736
:10FF6000636F064603B96067636F1E4AF31A9342D4
:10FF700014D9206903689B699847636F6422F31A58
:10FF8000B3FBF2F3B0FBF3F000281DDC84F869202A
:10FF9000206900210368DB699847666705F042F82D
:10FFA00003689B6B984723682046D3F8B430984782
:10FFB0000120EBF73FFB00232B7004B070BDD3F89A
:10FFC000C03020469847AFE76328CBBF0023C0F17D
:10FFD000640084F8693084F86900D9E77060012012
:10FFE0007160012000E1F50510B50446EAF7DEFC7A
:10FFF000002263689A7210BDC1651C3016F0D8B833
:020000040802F0
:1000000030B587B0044604A8CDE9041204F0F2FD2F
:10001000049B06A903A8ADF80C30059B21F80A3D06
:1000200004F03AFE94F86F1004F11C00BDF80C20A7
:10003000BDF80E3089B1B4F8645000931346B4F89B
:1000400060102A4616F0C4F828B1BDF90C302366BA
:10005000BDF90E30636607B030BD16F0F9F8012324
:1000600084F86F30F1E710B5002B46D081EA02002A
:10007000C40708D50B44013A8B423ED912F8010F50
:1000800001F8010BF8E7D00742BF12F8010B03F1AA
:10009000FF3301F8010B012B11D981EA020410464C
:1000A000A40722D023F001040C448C42024604D958
:1000B0001288023021F8022BF7E703F0010323F046
:1000C000030008448842144604D92468043241F8E5
:1000D000044BF7E703F00303013A0B448B420CD9BE
:1000E00012F8010F01F8010BF8E79007E7D032F89A
:1000F000020B023B21F8020BE1E7012010BD10B515
:1001000090F86F30044653B1B0F864300121B0F874
:1001100060201C3016F09CF8002384F86F3010BD6E
:100120002DE9F04385B004460020994604AD0F4602
:10013000904645F8040DA06906680195BDF8305059
:1001400000953568A847104D0646A5F80090E9F7D8
:1001500017FA0368DB6A984728B101280BD03046AC
:1001600005B0BDE8F0832B8808FB0372039BA3EB6B
:100170004203E363F3E72A88039B08FB027202EB66
:1001800042029A1AE263EAE764600120F0B58BB09C
:10019000174604460E461D46E9F7F2F90368DB6A86
:1001A00098479DF85430079031462268CDE90803FE
:1001B0000C4B20461B8806939DF8503005939DF804
:1001C0004C300493BDF848300393BDF8443002939B
:1001D000BDF84030CDE900533B46D56B0022A8471F
:1001E0000BB0F0BD646001202DE9F0439846036830
:1001F0008BB01746DD6B0E46134B0446B3F80090E8
:10020000E9F7BEF90368DB6A98479DF85830002289
:100210003146CDE9080302232046CDE906930123A8
:1002200005939DF854300493BDF850300393BDF806
:100230004C300293BDF84830CDE900833B46A847D7
:100240000BB0BDE8F08300BF646001202DE9F043EE
:100250009846036887B00E469D6D17460F4B0446BF
:10026000B3F80090E9F78CF90368DB6A98479DF8CA
:1002700044303A463146CDF80C90CDE904039DF860
:10028000403020460293BDF83C300193BDF8383031
:1002900000934346A84707B0BDE8F083646001209F
:1002A0002DE9F04F04468FB010460D4691461E468C
:1002B00008F098F9002800F09D8023682046DFF8B8
:1002C00098B10DF138089B6A984723682046DFF8FB
:1002D0008CA1DB6A9847BBF800305C4F0193BAF8F9
:1002E000003028F81C9D404602933B880393584BEE
:1002F0001A880593049208F009FA3880404608F0FD
:1003000039FA059B80B21880524B1B78002B74D1B0
:100310003B88AAF80000ABF800304846D4E90F87C4
:1003200008F060F90022C4E90F0011462846B5F92B
:100330000490B5F906A0E8F7D7FF012395F825B09A
:1003400085F82530B6F90430002B5CDDB6F90630AF
:10035000002B58DD2A460AAB52F8040F516803C33C
:1003600031460AA8FFF7F8FB384B0021B3F900200B
:10037000374BADF834200AAAB3F900300C91ADF830
:10038000363008AB92E8030083E8030018460CA956
:10039000FFF7E2FBE36C002B3CD1002084F858000F
:1003A00000266B6908A92A68284605936E61926841
:1003B0009047059B524649466B61284684F8586031
:1003C00085F825B0E8F790FF019A234B20461A8064
:1003D000029A224B1A80039A1C4B1A801C4B049AD7
:1003E0001A802368C4E90F879B6A984723682046D0
:1003F000DB6A98470FB0BDE8F08F3B88ABF8000090
:10040000AAF8003089E72A460AAB52F8040F51686F
:1004100003C3A9E707A808F0E9FA0646E06C0368F9
:10042000DB6A98478642B8D1E9F7AAF8036806461E
:1004300007A85B6B059308F0D9FA059B0146304687
:10044000984780F00100C0B2A8E700BF5E600120BD
:10045000606001206260012064600120666001200C
:10046000074B10B51B7804463BB103681B6B9847DC
:10047000E36B834201D1206C10BDE06BFCE700BF51
:10048000686001202DE9F0411D468AB04FF4806379
:100490009046BDF84C600024074606FB0585049491
:1004A0008DF82040CDE90131BDF84030ADF818306D
:1004B000BDF84430ADF81A30BDF84830ADF81C3006
:1004C000FFF7CEFF00EB45057868ADF81E6001A987
:1004D00005958DF822408DF821408DF823408DF848
:1004E000244003685B6898470AB0BDE8F0812DE9B5
:1004F000F0438BB0002491461D46BDF850604FF488
:10050000006388460746049406FB0595CDE901344F
:10051000FFF7A6FFBDF8483000EB45057868ADF859
:10052000183001A9BDF84C300595ADF81A30ADF87A
:100530001C40ADF81E60CDF81080ADF820408DF85D
:1005400022408DF823408DF8244003685B6898476B
:100550000BB0BDE8F08300002DE9F0418AB0984669
:10056000002306469DF85C509DF850000B2D9DF829
:1005700054C0BDF858709DF86040049337D1802373
:100580008DF8200030460392CDE90131BDF84430AA
:10059000ADF81830BDF84830ADF81A30BDF84C3021
:1005A000ADF81C30FFF75CFF0B2CBDF84020ADF818
:1005B0001E7094BF194B00218DF8215098BF195D12
:1005C00002FB07838DF82240C91001FB03009DF850
:1005D000643001A905908DF82330002370688DF8F0
:1005E000243003685B6898470AB0BDE8F081022DAB
:1005F00009D1FF2805D1BCF1000F14BF40232023EF
:10060000BEE74023BCE7FF2805D1BCF1000F14BFB3
:1006100004230123B4E70423B2E700BF703D0408BC
:100620002DE9F04F8BB01D46002488469DF8589068
:1006300093469DF860600746B9F1FF0FBDF85CA0D6
:10064000049414BF0823022305FB0AB5CDE9013445
:10065000FFF706FF0B2E9DF8642001A998BF134BEE
:10066000ADF81EA098BF9C5DBDF85030E410CDF8E9
:100670001080ADF81830BDF8543004FB05047868DC
:10068000ADF81A3000230594ADF81C308DF8209099
:100690008DF823208DF824308DF821608DF82260AC
:1006A00003685B6898470BB0BDE8F08F703D0408A5
:1006B0002DE9F0411E460A4B0F4690461D88E8F78B
:1006C0005FFF0368DB6A98470B2896BF054B002441
:1006D0001C5C08FB0570E41004FB0060BDE8F081C1
:1006E00064600120703D0408F0B58BB01F460446DD
:1006F0001646BDF854300025CDE90131BDF8403033
:100700000495ADF81830BDF84430ADF81A30BDF896
:100710004830ADF81C309DF850308DF82030FFF790
:100720009FFE3A46314603462046FFF7C1FF0E4B77
:1007300005901B88ADF81E30E8F722FF0368DB6ADE
:100740009847139B8DF8220001A98DF8210004938E
:1007500060689DF858308DF824508DF82330036878
:100760005B6898470BB0F0BD64600120F0B58DB0B8
:10077000012504466B46039583E806000023BDF877
:100780000060BDF80270069303681B6B98473A46F9
:10079000314603462046FFF78BFF636C04900793B6
:1007A000BDF80430ADF82030BDF80630ADF8223089
:1007B0000E4B1B88ADF82430ADF82630E8F7E0FE8C
:1007C0000368DB6A9847FF238DF8290003A98DF899
:1007D0002A0060688DF828308DF82B508DF82C5049
:1007E00003685B689847606C0DB0F0BD64600120E1
:1007F0002DE9F0418CB01E46002304466D46069359
:10080000036885E806000125BDF80070BDF8028088
:1008100003951B6B98474246394603462046FFF72F
:1008200047FFBDF804300490ADF82030BDF8063025
:100830000796ADF82230104B1B88ADF82430129B80
:10084000ADF82630E8F79CFE0368DB6A9847FF2383
:100850008DF8290003A98DF82A0060688DF82830EA
:100860008DF82B508DF82C5003685B689847304604
:100870000CB0BDE8F08100BF64600120F0B585B028
:10088000054602AC84E80600BDF80860BDF80A70B1
:10089000FFF7E6FD314603463A462846FFF708FFD4
:1008A000054A2B6812880092DE6E0346284694E8BB
:1008B0000600B04705B0F0BD6460012070B590F847
:1008C0006E3004469BB10220EAF7E4FE0023204686
:1008D00084F86E3084F86D302368D3F8B850FFF791
:1008E000BFFD014620462B46BDE87040184770BD4D
:1008F00070B505460C46032049B1EAF76BFE28693E
:1009000068B1036801215B69BDE870401847EAF7E8
:1009100091FE286918B1036821465B69F4E770BD50
:1009200038B590F87B3004460D468B4206D00368FC
:1009300029B9D3F8C830984784F87B5038BDD3F82C
:10094000CC30F8E70D4B10B51B7804465BB990F836
:100950004830022B07D0406800F02CF918B16268CB
:10096000537A002BFCD0EAF719F820460021FFF754
:10097000D7FF2046FFF774FD10BD00BF686001205F
:1009800070B50446036819B99B6ABDE87040184702
:10099000002290F87B6080F87B209B6A9847636810
:1009A000012105462046997284F87B60FFF7B8FF65
:1009B000284670BDD0E90320131A584258417047A9
:1009C000D0E903239B1A002BDCBF82689B18012B04
:1009D000CCBF00200120704702694368242000FB3F
:1009E0000230704703681B691847012370B5037212
:1009F0000446406803689B69984703680546402B96
:100A00000CD010D8042B1DD004D8012B06D0022BFB
:100A10002CD070BD082B1DD0202BFAD12368204686
:100A2000DB6B984713E0B3F5007FF7D004D8802B39
:100A3000F4D0B3F5807FF0E7B3F5806FEED0B3F577
:100A4000006FE5E72368017F20469B6B984723688A
:100A50001B6B06E02368017F20469B6B9847236849
:100A60005B6B29462046BDE8704018472368204646
:100A7000DB6B9847F3E7704770477047D0E9033264
:100A800010B5D21A002ADCBF84681219012A16DDBB
:100A90004268242404FB032301F1200251F8044B93
:100AA000914243F8044BF9D10A781A70C3688268FE
:100AB000BFF35B8F01339A42D8BF9B1AC36010BD4E
:100AC00003698268BFF35B8F01339A42D8BF9B1AD8
:100AD0000361704770B504460E46606803685B6842
:100AE00098470028F9D10D4D28680368DB6F9847B7
:100AF000E9F762FF28680121FFF712FF60683146BD
:100B000003689B68984723682046DB6A98472868F3
:100B10000368BDE870409B6F184700BF6C60012000
:100B200008B5E9F73BFFBDE80840E9F73FBF10B55E
:100B30000446142116F04CFB204610BD10B50446A7
:100B4000406803681B68984748B9637A3BB1237AC9
:100B50002BB9236820465B6ABDE81040184710BDDA
:100B600070B50446406803681B689847054630B96D
:100B7000237A23B1606803685B69984725726068CF
:100B800003681B68984728B9236820465B6ABDE85C
:100B900070401847BDE87040E9F716BF10B5826095
:100BA0000022034CC0E90322C0E9004110BD00BF90
:100BB000843D0408406803681B6818470000000073
:100BC0002DE9F04880FB0101214F1C461646A0FB91
:100BD00007BC9DF8185007FB01CCABFB0B010BFBCE
:100BE0000CF700FB0CF301EB47010BFB0133A0FBFF
:100BF0000B01194414A3D3E90023E6F7CDFCF72E2B
:100C000090B29EBF02F00702B618F6B2FB2C9EBF50
:100C1000C0F3C103E418E4B2F72D98BFC0F342104B
:100C20004FEAC40498BF2D180A4804F4FC6400EA93
:100C3000062098BFEDB2044344EAD50080B2BDE877
:100C4000F08800BFAFF30080778D7A790000000054
:100C5000A74BEC0000F8FFFF2DE9F04F01EB420439
:100C600005462DED028B87B0417CBDF94890BDF95A
:100C70004C609DF850A0002900F09A80B0F9062041
:100C800090ED087A4A45C06825DBB5EEC07A40F69B
:100C9000FC72F1EE10FAC8BF0022825800214FEA20
:100CA00012282D7C5009C2F3C40C08F4784E04EBD2
:100CB000460700F4FC60002D44D0BAF1FF0F41D18B
:100CC00061BB4EEA00004CEA0005BC4280F0148291
:100CD00024F8025BF9E7B5F908704F4508DCB5EE7A
:100CE000C07A40F6FC72F1EE10FAD8BF0022D4E7C9
:100CF000A9EB0202B5EEC07A07EE902AF1EE10FAE7
:100D0000F8EEE77A67EE877AFDEEE77A17EE902A3B
:100D1000D8BF02F2FF3292008258C0E7D5B2C2F3C8
:100D2000074A5FFA88F81E46BC4280F0E5813046EB
:100D300000954346524649460136FFF741FF24F8E5
:100D4000020BF1E7120EFF2602FB0AF2531C03EB23
:100D50002222121202FB0CF5DFF8B0C302FB0EF1E7
:100D60005043D24302F0FF02BC4280F0C581B4F888
:100D700000E00EEA0C030EF4FC680EF01F0E02FBFE
:100D8000031302FB080802FB0E5E93FBF6F398FBCD
:100D9000F6F89EFBF6FE03EA0C0308F4FC680EF07E
:100DA0001F0E43EA080343EA0E0324F8023BDBE785
:100DB000827C002A4FD0B0F9062007EE902AF8EE88
:100DC000E77A07EE103A1F46F8EEC76AF4EEE76AD4
:100DD000F1EE10FA00F29580B7EE007A40F6FC7161
:100DE000EA6895F810C037EE877A37EE667A06EE35
:100DF000906AF8EEE66AB4EEE67AF1EE10FA4ABFCF
:100E0000BDEEC77A02968DED027A95ED087AB5EEC1
:100E1000C07AF1EE10FAC8BF0021525802994FEA89
:100E2000122B04EB410150090BF4784B0391C2F3F0
:100E3000C40100F4FC60BCF1000F24D0BAF1FF0F34
:100E400021D14BEA000B41EA0B01039A944255D29F
:100E500024F8021BF9E707EE109AD0ED067AD0EDE0
:100E6000056AB8EEC77A37EE677AC7EE267A90ED54
:100E7000087AB5EEC07AF1EE10FA44BF90ED077A29
:100E800077EEC77A9DE7120EDFF880824FF0FF0EF3
:100E900002FB0AF202F1010C0CEB22221212504367
:100EA000514302FB0BFBD243049002F0FF02059179
:100EB00003998C4222D2208800F4FC6100EA080CDD
:100EC0000F46049902FB0CBC02FB07119CFBFEFCC5
:100ED00091FBFEF10CEA080C01F4FC614CEA010103
:100EE00000F01F0C059802FB0C0C9CFBFEFC0CF0A8
:100EF0001F0C41EA0C0124F8021BD9E7029A1A449C
:100F000017461E4436B2BE4240F3F68095ED077A8E
:100F100006EE907A37EE877AF8EEE66AB4EEE67A75
:100F2000F1EE10FA40F3B28006EE106A76EEE77A40
:100F30009FED748AB8EEC66A2B7CB4EEC67A9FED3C
:100F4000726AF1EE10FAD6BFBDEEC77AB04617EE60
:100F5000108A95ED087AB5EEC07AA8EB070704EB86
:100F60004707F1EE10FA38FE068AA7EE278ADBB1B2
:100F7000BAF1FF0F18D1BC4262D2FDEEC87AEB681D
:100F8000494617EE900A53F82020D3B20093C2F3DB
:100F90000723C2F30742FFF713FE24F8020BD5ED37
:100FA000087A38EE278AE6E7DFF860B14FF0FF09EC
:100FB000BC4245D2FDEEC87AEB68B4F800E017EE0B
:100FC000902A53F82220130E0BEA122103FB0AF396
:100FD00089B2581C00EB23200EEA0B0300126FEAC3
:100FE000000C5FFA8CFC0CFB03F300FB013191FB5E
:100FF000F9F101EA0B0302935309C2F3C40203F4AB
:10100000FC6319460EF4FC630EF01F0E0CFB03F399
:101010000CFB0EFC00FB0133029900FB02C093FBAA
:10102000F9F390FBF9F003F4FC6300F01F0019439F
:10103000014324F8021BD5ED087A38EE278AB7E77A
:10104000464559DDD5ED087A40F6FC73EA68A6EB13
:101050000806F5EEC07A297C04EB4606F1EE10FA9C
:10106000D8BF0023D258100AC2F3C407530900F4B2
:10107000784003F4FC6359B1BAF1FF0F08D118436B
:101080003843B44238D224F8020BFAE7B846D9E71D
:10109000120EDFF878C002FB0AF14A1C02EB212293
:1010A000121202FB07F5FF2750435343D24302F0CD
:1010B000FF02B44220D2B4F800E00EEA0C010EF4B4
:1010C000FC680EF01F0E02FB010102FB083802FB58
:1010D0000E5E91FBF7F198FBF7F89EFBF7FE01EA35
:1010E0000C0108F4FC680EF01F0E41EA080141EA09
:1010F0000E0124F8021BDCE707B0BDEC028BBDE853
:10110000F08F00BF00000000FEFF7F4400F8FFFFEB
:101110007047704710B50446242116F059F8204650
:1011200010BD00004A09064BC16003EA112302F416
:10113000FC62C1F3C401134319430182704700BF2D
:1011400000F8FFFFA0F10800ECE700BF08B5054B71
:1011500018680368D3F8A0309847431E5842584196
:1011600008BD00BF6C60012070470838704730B47C
:1011700001EB4204BDF90C50028A9DF8103029465B
:101180000292C268204630BCE9F7B6BBE9F7AABBB9
:1011900010B50446142116F01BF8204610BDA0F12E
:1011A0000800F5E70023C3840385438583858069B0
:1011B00010B103681B69184770470163704738B561
:1011C0000B0E04460D4683770368DB6B9847036874
:1011D00029469B689847236820461B6C9847A06166
:1011E00038BD4177704730B50D4600F134040FCD5E
:1011F0000FC40FCD0FC42B68236030BD38B5044633
:10120000031D08680025496803C3136804F134000E
:10121000C4F826305368A561C4F82A3005F078FA7E
:10122000FF2384F825506377A3774FF07E53236321
:10123000012384F8243038BD2DE9F0412DED0A8BCF
:101240000BEE101A0AEE903A86B00BEE902A7BEE67
:101250006A7A05469DED16AA179BF5EE407A199914
:101260009DED1ACADDED1BCAF1EE10FA9DF8706013
:101270001D9F026812D17BEECA7AF5EE407AF1EE3C
:1012800010FA0BD103F18043926A013B51F823100D
:1012900006B0BDEC0A8BBDE8F0411047FF2305F115
:1012A00034082846AB77936B98471BEE903A044678
:1012B0001BEE102A4146684605F0E5FA1AEE103A90
:1012C0001AEE902A414602A8DDED008ADDED019A72
:1012D00005F0D9FA9DED028A9DED039AF4EE488A55
:1012E000F1EE10FAF4EE499A0CBF01230023F1EE5F
:1012F00010FAF4EE488A63740CBF01230023F1EE68
:1013000010FAA37423D0F4EE499AF1EE10FA1ED02D
:101310007AEECBAA41463AEE6BAA04A88AEE8C7A02
:10132000CAEE2C7AECEE87BAA7EECCBA1BEE903A56
:101330001BEE102A05F0A7FA9DED047A37EE687AC5
:10134000B5EE407AF1EE10FA21D10123A374637C4B
:10135000002B53D039EE697ADFED3E6AF4EEC99A7C
:10136000C6EE877AF1EE10FAC4ED087AFDEEC97A7E
:1013700017EE903AFDEEE97A1AB217EE903A48BFAE
:1013800022811BB256BFE280E38023812EE0DDED97
:10139000056A76EEE96AC6EE877AF5EE407AC4ED24
:1013A000057AF1EE10FA02D101236374CFE7B0EEB3
:1013B000697A39EE699A38EE688AA8EEE77A84EDA0
:1013C000067A89EE277A38EE478A9FED237AC7EEB0
:1013D000087A84ED078AB5EEC08AF1EE10FAC4ED02
:1013E000087A03D5B1EE488A84ED078AE76026744F
:1013F000AC6106B0BDEC0A8BBDE8F081A37C002B8C
:10140000F4D038EE687ADFED136AF4EEC88AC6EEDF
:10141000877AF1EE10FAC4ED087AFDEEC87A17EE7D
:10142000903AFDEEE87A1AB217EE903A48BF228160
:101430001BB256BFE280E3802381B4F90620B4F9E1
:1014400008309B1A07EE903AF8EEE77AC4ED077A77
:10145000CCE700BFFEFF7F440000804430B500258C
:1014600004462DED028B85B09DED0B8ADDED0C8AD7
:1014700003950A9DCDED028A8DED018A009515F048
:1014800027FAF0EE687A23682046FEEEED7A9B6834
:1014900017EE902AF0EE487AFEEEED7A17EE901AEB
:1014A00005B0BDEC028BBDE83040184730B50025D3
:1014B00004462DED028B87B005950E9D9DED0F8A9C
:1014C00002950D9DDDED108A01950C9DCDED048AF0
:1014D0008DED038A009515F0C9FAF0EE687A23685D
:1014E0002046FEEEED7A9B6817EE902AF0EE487AE1
:1014F000FEEEED7A17EE901A07B0BDEC028BBDE858
:101500003040184713B5134604460A46416F6846F3
:1015100005F0B9F9DDED017A2046B0EE677ADDED30
:10152000007ABEEEED7A17EE102AB0EE677ABEEEC4
:10153000ED7A17EE101A02B0BDE8104015F022B98E
:1015400013B5134604460A46416F684605F09BF9F9
:10155000DDED017A2046B0EE677ADDED007ABEEE71
:10156000ED7A17EE102AB0EE677ABEEEED7A17EE3E
:10157000101A02B0BDE8104015F051B9F0B50024C2
:10158000079F4FF0010E2646DDE9050C63446345D5
:101590002DD013F8015D062DF9D80EFA05F515F0DA
:1015A000660F0DD115F0100F17D12D07EFD50138AB
:1015B0001EB907EB80052D680D606CB90126E6E7C2
:1015C00026B907EB800353F8083C0B6024B907EBFE
:1015D000800050F8043C1360F0BD01381CB907EBE3
:1015E000800424681460002EF6D10124CFE70EB9E0
:1015F00000230B60002CEFD10023ECE730B52DED7C
:101600000A8B85B0B6EE00AA04460BEE901A0CEEDB
:10161000102A0AEE903A9DED12BA9DED139ADDED77
:10162000149A159D7BEE298A3AEE898A68EE8A8A99
:1016300028EE0A8A7CEE687A3BEEC87A67EEA77AD3
:10164000E7EE077A17EE900A16F04AFD06EE900ACA
:10165000F5EE406AF1EE10FA2ED179EE6A7A39EEA3
:10166000CB7AB0EE6A8AF0EE4B8AA7EE8A8AE7EE72
:101670000A8AA7EE0A8AE7EECA8A022D2FDC013514
:101680001AEE903A8DED00BA1CEE102A1BEE901A5D
:1016900020460395B0EE68BACDED028AF0EE48AA76
:1016A0008DED018AFFF7AAFF18EE902A18EE101AA6
:1016B0002046FFF745FFB5E738EE6B8AD4ED1F7A79
:1016C00078EECC8A28EE277A68EEA77A87EE268A0B
:1016D000C7EEA68A3BEE888A7CEE288ACDE718EE14
:1016E000902A18EE101A2046FFF72AFF05B0BDEC2D
:1016F0000A8B30BD10B52DED0A8B0AEE903A90F8AA
:10170000843084B00446022B0CEE101A09EE102A25
:10171000DDED108A9DED11BADDED12BADDED139A03
:101720009DED14AA9DED158ADDED16CA2DD11BEE97
:10173000902A1BEE101AFFF703FF7AEECBAA7AEE7F
:101740006CCA78EEEB8A39EEC88A6AEEACAA28EE4B
:10175000888AF4EEC8AAF1EE10FA10DB01238DEDB1
:1017600002AACDED019A19EE102A03931CEE101A6D
:10177000CDED00BA1BEE103A2046FFF73FFF1AEE00
:10178000102A19EE901A204639E0012B3DD178EE4F
:10179000EB5A79EEC86A7AEECB7A3AEE6C6A26EEAC
:1017A000E57AA7EE867AB5EE407AF1EE10FA2CD003
:1017B00028EE4A8A68EECB8AACEEA98AEAEEAB8ABA
:1017C00068EE677A28EE658AE6EEA87AA6EE288AA1
:1017D000C7EE876A88EE076A3CEE667A79EE467A4B
:1017E00067EEA77AE7EE077A90ED207AB4EEE77A13
:1017F000F1EE10FA09DB16EE102A16EE901AFFF73A
:101800009FFE04B0BDEC0A8B10BD1BEE902A1BEEB0
:10181000101A2046FFF794FEB1E7000010B52DED39
:101820000C8B0AEE903A90F88530044609EE101AB7
:1018300009EE902A9DED0EBA33B9FFF781FE1BEE3B
:10184000102A1AEE901A1DE0F6EE007A022B7AEEBC
:10185000C98A3BEE698A68EEA78A28EE278A17D1E3
:1018600079EEE87A17EE902A79EE087A17EE901A58
:10187000FFF766FE7BEE687A17EE902A7AEE887A9A
:1018800017EE901A2046FFF75BFEBDEC0C8B10BDE7
:10189000FFF756FEF0EE496ADFED637AB0EE697A43
:1018A000B1EE68AADFED61BAE8EEA76A2046A8EEBD
:1018B000277A9FED5FCADFED5FCA9FED5FDAF0EE3A
:1018C000667AAAEE2B7AE8EE2B7A17EE102A17EE3C
:1018D000901AFFF735FEF0EE496ADFED587AB0EE68
:1018E000697A2046E8EEA76AA8EE277AF0EE667AD3
:1018F000AAEE0C7AE8EE0C7A17EE102A17EE901A80
:10190000FFF71EFEF0EE496ADFED4D7AB0EE697A20
:101910002046E8EEA76AA8EE277AF0EE667AAAEEED
:101920002C7AE8EE2C7A17EE102A17EE901AFFF7B1
:1019300007FEF0EE496ADFED437AB0EE697A2046A1
:10194000E8EEA76AA8EE277AF0EE667AAAEE0D7A9C
:10195000E8EE0D7A17EE102A17EE901AFFF7F0FD59
:1019600039EE887A79EE287A204637EE687A77EE73
:10197000887A17EE102A17EE901AFFF7E1FDF0EEC5
:10198000496ADFED317AB0EE697A2046E8EEA76A5F
:10199000A8EE277AF0EE667AAAEE0D7AE8EE0D7AD6
:1019A00017EE102A17EE901AFFF7CAFDF0EE496AFB
:1019B000DFED267AB0EE697A2046E8EEA76AA8EE57
:1019C000277AF0EE667AAAEE2C7AE8EE2C7A17EEF9
:1019D000102A17EE901AFFF7B3FDF0EE496ADFED1B
:1019E0001C7AB0EE697A2046E8EEA76AA8EE277A5C
:1019F000F0EE667AAAEE0C7AE8EE0C7A17EE102A70
:101A000017EE901AFFF79CFDDFED127A2046E8EE04
:101A1000279AA8EEA79AEAEE2B9AA8EE2B9A19EE2F
:101A2000902A19EE101A08E70AD7233D295C8F3E49
:101A30009A99193FCDCC4C3F8FC2753FCDCC4C3ECF
:101A4000CDCCCC3EEC51383F0AD7A33FCDCCCC3FD8
:101A50006666E63F48E1FA3F70B52DED068B0AEE6B
:101A6000102A90ED238A90ED229A0AEE901A3AEE0F
:101A7000488A88B03AEEC99A044668EE087AE9EED8
:101A8000097A17EE900A16F02BFB07EE900AF5EE96
:101A9000C07AF1EE10FA36DD94ED1F7A002694F844
:101AA0007850C7EE876AD4ED227A94ED237A84F8D1
:101AB0007960C8EE268A89EE268A77EEA89A78EEB3
:101AC000AA8A37EE489A3AEE488A05B3C4ED249ABA
:101AD00019EE102A84ED259A19EE901AC4ED268A83
:101AE000204684ED278AFFF70DFD84F87860C4ED69
:101AF000289A84ED299AC4ED2A8A84ED2B8AC4EDB4
:101B000022AA84ED23AA08B0BDEC068B70BD94F820
:101B10007A30D4F8A810D4F8AC204BB18DED009AEF
:101B200019EE903A2046FFF779FE84F87A50DEE706
:101B3000D4F8A4302046029217EE102A019117EE35
:101B4000901A00938DED068ACDED058A8DED049AED
:101B5000CDED039AD4F8A030FFF7CCFDC7E7000025
:101B600007EE902A07EE101AF8EEE76ADFED067A24
:101B7000B8EEC77A66EEA76A67EE277A16EE902A65
:101B800017EE901AFFF768BF0000003D30B52DED4D
:101B9000028B90F8795083B004460DB3D0ED1F7AD4
:101BA00090ED238AD0F8881078EE678A38EE278A7D
:101BB00018EE902AFFF7A6FCD4F8883018EE902A89
:101BC000204619468DED008AFFF728FED4F88830AC
:101BD000CDED008A18EE102A19462046FFF71EFEAA
:101BE000284603B0BDEC028B30BD70B588B004460A
:101BF0000D461646FFF7CAFFF0B9D4F89C302046D0
:101C0000324629460693D4F898300593D4F8943098
:101C10000493D4F890300393D4F8AC300293D4F802
:101C2000A8300193D4F8A4300093D4F8A030FFF783
:101C300061FD012008B070BD0020FBE7D0F89430B2
:101C400007B5D0F8AC200093D0F8A810D0F89030A9
:101C5000FFF7E4FD03B05DF804FB00002DE9F04F51
:101C60008BB01C46824615469DF858300DF1280869
:101C7000179E069300230791089348F8043D069B9E
:101C8000DDE9149786F87A30079B9D426BD9013DB8
:101C900019F80530062BF7D801A252F823F000BF3F
:101CA000BF1C0208891C0208BD1C0208DD1C0208BA
:101CB000DD1C0208E11C02081F1D0208023C42460E
:101CC00008A9504600942B46CDE90197FFF756FC32
:101CD000099A08993046FFF7BFFED5E7013CEEE7C9
:101CE000A4F1040B2B46424608A95046CDF800B09B
:101CF000023CCDE90197FFF741FC099B07EB840407
:101D000030460293089B019354F8043C009354F826
:101D1000083C62682168FFF7A1FB5C46B4E7A4F1C8
:101D2000060B2B46424608A95046CDF800B0023CAF
:101D3000CDE90197FFF722FC099B07EB84043046AD
:101D40000493089B039354F80C3C029354F8103C02
:101D5000019354F8043C009354F8083C62682168ED
:101D6000FFF7A4FBD9E7069B13B13046FFF766FFE8
:101D70000BB0BDE8F08F00BF07EE902A0368FEEEBF
:101D8000ED7A9B6817EE902A07EE901AFEEEED7A38
:101D900017EE901A18470000044B10B5044640F89F
:101DA000143B00F0BDFD204610BD00BF40440408B8
:101DB0002DE9F04FD0ED0C7AB9B005461E46F5EE90
:101DC000C07A09910B920024F1EE10FA40F24D8195
:101DD000FF23021D0CAF0093439B81690CA814F0F4
:101DE00085FBD5ED0C7AA24BB6EE007AF5EEC07A03
:101DF00001220C9305F13403D5ED086AF1EE10FAD7
:101E000029934FF000038DF8A9206A7F48BFF1EEB7
:101E1000677A8DF8A8308DF8AA308DF8743067EEA7
:101E2000877AAB7F2E945A4395F8240026EEA77A42
:101E3000CDED2B7A531C2F94309427EE267A03EBAA
:101E400012233194C3F30723329467EE277A339435
:101E50008DF8B63000233494CDED2C7A9A46DFED20
:101E6000857A3594369417EE908A379417EE909AC7
:101E700095F825101C468DF8B4008DF8B510069322
:101E8000CDED087ACDED077A0B9B534500F0CB8062
:101E90000AF101030A93099B13F80A30062B3BD879
:101EA000DFE803F0043D68758085A100069B9A4534
:101EB0002CD9089A38460799FFF7CEFD3846FFF728
:101EC00065FE804610BB089A38460799FFF78DFEDD
:101ED0004FF00103DDED077A28468DF8A8308DF824
:101EE000A930099BCDED2E7ADDED087A00932346CB
:101EF0000A9A06990196CDED2F7ACDE90287FFF770
:101F0000ADFE089A07993846FFF76FFE0A9BDDF889
:101F10002080DDF81C900693DDF828A0B4E7069B2E
:101F20009A450FD93846FFF731FE58B90123039778
:101F3000524606992846CDE90163099B0093234642
:101F4000FFF78CFE06EB8403CDF818A00234D3F81B
:101F50000090D3F804804FF00103CDF8B890CDF88D
:101F6000BC808DF8A8308DF8A930CDF82080CDF850
:101F70001C90D1E706EB840338460234D3F8009076
:101F8000D3F8048049464246FFF766FDC4E706EBF6
:101F90008403D3F800904246494638460134FFF79F
:101FA0005BFDB9E706EB8403D3F80080F3E7A300F9
:101FB00049463846043403F10C0A03F1080B334454
:101FC000B244B344DAF800200292DBF80020019218
:101FD0005A68009242461B68FFF740FADBF800900F
:101FE000DAF8008098E7A30049463846063403F142
:101FF000140A03F1100B3344B244B344DAF800205E
:102000000492DBF800200392DA6802929A68019247
:102010005A68009242461B68FFF748FADBF80090C6
:10202000DAF8008078E70B9B0CAF069A93420FD941
:102030003846FFF7ABFD58B9012303970B9A2846A2
:102040000699CDE90163099B00932346FFF706FE3D
:102050009DF8B610384614F0DDFA04463846FFF70E
:102060009BFE204639B0BDE8F08F0124F9E700BFA0
:10207000003E04080000000010B50446FFF78CFE87
:10208000B021204615F0A4F8204610BD2DE9F04FF0
:102090009A46FF23814614468B46021D09F13407F8
:1020A00000252DED048BB1B02E4600933F9B816936
:1020B00013A814F01BFA99F81C30394609A85A1EC7
:1020C000534253418DF8903000231A4604F0DBFB55
:1020D0000BEB04039DED098A0024DDED0A8A0793CA
:1020E000079B5B4500F0BE801BF8013B062BF7D831
:1020F000DFE803F00408273D5357820013A814F0CB
:1021000067FAEDE70AEB8403394609A81E685D68A3
:1021100032462B4604F0B7FBDDED0A8A9DED098AB5
:1021200013A8F0EE687AFEEEED7A17EE902AF0EE44
:10213000487AFEEEED7A17EE901A14F023FB023483
:10214000CEE70AEB8403394609A81E685D6832466B
:102150002B4604F098FB9DED098ADDED0A8A13A851
:1021600018EE101A18EE902AFFF706FEE7E70AEBC2
:1021700084031E682B463246394609A804F083FBC7
:102180009DED098ADDED0A8A13A818EE101A0134B4
:1021900018EE902AFFF7F0FDA2E70AEB84031D6812
:1021A000E8E7A21C39460FA804340AEB820216683D
:1021B000556852F8043C52F8082C04F064FB2B4696
:1021C000324639460BA804F05EFB109B9DED0B9A3E
:1021D00018EE902ADDED0C9A18EE101A009313A851
:1021E000CDED029A8DED019A0F9BFFF737F9F0EED6
:1021F000698AB0EE498A73E704F1040839460DA8EC
:1022000006340AEB8808D8F80060D8F8045058F86B
:102210000C3C58F8102C04F036FB58F8043C58F8E5
:10222000082C39460FA804F02EFB2B4632463946BF
:1022300011A804F028FB109B9DED119A18EE902A2E
:10224000029318EE101A0F9B13A8DDED129A01935A
:102250000E9BCDED049A00938DED039A0D9BFFF735
:1022600025F9C4E799F81D3013A899F81E105943B1
:102270004B1C03EB1121C1F3072114F0CBF9064BE2
:10228000044618A8139300F04BFB204631B0BDEC78
:10229000048BBDE8F08F00BF4044040810B4047FF5
:1022A0001CB15DF8044BFFF7F1BE5DF8044BFFF77E
:1022B0007FBD2DE9FF47914602460646884652F803
:1022C000260F9A4602AB02AF516803C3BDF90C302A
:1022D000002B2FDDBDF90E40002C2BDDBDF80A30A0
:1022E0001C44A4B225B2BDF90A30AB4222DA0C9BE1
:1022F0004A4601974146009330465346FFF7CEFFCA
:1023000040B9BDF90E30012B04D001335B10ADF89C
:102310000E30ECE7BDF80E20BDF80A3013449BB236
:102320001A44ADF80A3012B29542DCDAE31AADF87D
:102330000E30D8E704B0BDE8F08700007FB5036831
:102340000D46044601469B6E02A8984728686968B6
:102350006B4603C368461946FDF7FEFBA06A88B1C9
:102360000368211DDB68984760B1BDF90430002B7C
:1023700008DDBDF90650002D04DD2B4A12781AB194
:10238000012A29D004B070BDBDF802301D44ADB2A1
:102390002EB2BDF90230B342F4DA23686946204612
:1023A000DB6E984740B9BDF90630012B04D00133EC
:1023B0005B10ADF80630F0E7BDF80620BDF802303E
:1023C00013449BB21A44ADF8023012B29642E0DADE
:1023D000EB1AADF80630DCE7BDF800501D44ADB295
:1023E0002EB2BDF90030B342CCDA236869462046EC
:1023F000DB6E984740B9BDF90430012B04D001339E
:102400005B10ADF80430F0E7BDF80420BDF80030F3
:1024100013449BB21A44ADF8003012B29642E0DA8F
:10242000EB1AADF80430DCE7626001201FB50368E9
:102430000446014668469B6E98470021B4F908207F
:102440006846B4F90A30029102A9ADF80C20ADF843
:102450000E30FDF781FB2368694620461B699847CB
:1024600004B010BD0121002280F825100A498280A5
:102470000160FF21C280028142818281C281028289
:102480004282C2610284428480F8242080F82610AF
:102490008262C0E905227047603E0408074B828DC6
:1024A0001B88934281BF064B1B6803EB420358789D
:1024B0008CBF00F003000020704700BFC8600120FF
:1024C000C4600120114B2DE9F041818D04461B8829
:1024D0008B4218D903689D6F0D4B1868E7F786FB90
:1024E000236806462046DB6F984723680746204648
:1024F000D3F8803098473A46034631462046AC46EA
:10250000BDE8F04160470020BDE8F081C8600120CF
:10251000D0600120184B2DE9F743818D04461B88BC
:102520008B4226D9154B1B6803EB410213F81100AF
:10253000134B55781B68C5F3810553F82060336849
:10254000DF69104B1868E7F751FB23688046204687
:10255000DB6F9847236881462046D3F88030984740
:102560004B460090424629463046B84703B0BDE886
:10257000F0830020FAE700BFC8600120C46001209A
:10258000CC600120D06001200EB4304B2DE9F04723
:102590001A889DB0838D04469A4254D926AADFF842
:1025A000B090DFF8B0800292D9F8002012F8132022
:1025B000D8F8003053F822502B6828469B6B984778
:1025C000064607B203A804F02DFD2B682846DB6CF5
:1025D00098472B68824628461B6D984753460090C3
:1025E00003A8029A259904F070FDA28DD9F8003055
:1025F00094F837C0258903EB420113F81200A5EBCC
:102600000C054A78D8F800302DB294F83910C2F38E
:102610008102009553F8203003A802F071F8B4F954
:10262000342003B2B91800290BDD013B13FB02F380
:1026300016FB00331FB238461DB0BDE8F04703B0AB
:102640007047002BF7DC0027F5E700BFC8600120CA
:10265000C4600120CC60012038B50E4B0446828D49
:102660001B889A4214D203685B6F9847236805461B
:1026700020461B6F984794F838302DB2014613F06E
:10268000FD0F06BF024629462A462046E6F739FED8
:1026900038BD00BFC860012030B58B8885B00446C6
:1026A0008385B0F9083023B9B0F90A300BB9FFF7C8
:1026B000D3FF23686D4621463C342846D3F8843046
:1026C000984795E8070084E8070005B030BD00236F
:1026D0008380C3800380438091F82630FF2B01BFA5
:1026E0000B8983804B89C3807047000037B504464F
:1026F0006B460868496803C3236869462046DB6A5D
:102700009847084B1B6893F858200AB1D86C00B959
:10271000986803686946A26A1D6A94F82630A8473B
:1027200003B030BD6C600120704710B504462C2109
:1027300014F04EFD204610BD90F826202AB190F8E6
:10274000252012B103685B6918477047304B2DE9AB
:10275000F043828D8DB01B8804460F46934254D9B6
:102760002C4B196801EB420311F812102A4A126827
:1027700052F82110002948D05A7894F83930C2F321
:102780000108C2F381028DF82C30244B8DF82120F2
:102790001A6890F83650B0F934C090F838E0266BDB
:1027A00090F8370092F8583007918DF820808DF816
:1027B00022E00996ADF828C08DF82A508DF82B003C
:1027C0000BB1D56C05B9956805AE2146304603F0CE
:1027D0003DFD134BA18D1868E7F708FA2368804682
:1027E0002046DB6F9847236881462046D3F8803027
:1027F000984707ABCDF8048000933B46CDE90290A3
:10280000284696E80600E7F7A5F90DB0BDE8F08385
:10281000C8600120C4600120CC6001206C600120F0
:10282000D0600120704770B50B880D460446C38404
:10283000084605F06BFF0646284605F09BFF236817
:102840000546314620469B6B98472368294620461B
:10285000DB6BBDE87040184710B504462C2114F01E
:10286000B7FC204610BD10B591F828300446FF2B68
:1028700006D00023038043808380C380204610BDA0
:10288000263105F0ABFFF9E790F828202AB190F83F
:10289000252012B103685B69184770472DE9F041A4
:1028A000044688B000250F4654F8263B04A9064686
:1028B000DB6ACDE904559847204605F027FF80469E
:1028C000204605F057FF069506ADADF81E003946C7
:1028D000ADF81C802846FDF73FF9BDF91C30002BF0
:1028E00019DDBDF91E30002B15DD0C4B1B6893F86C
:1028F00058200AB1D86C00B9986801270168BDF961
:102900001230029796F82860BDF91020CDE90056E4
:102910008D682146A84708B0BDE8F0816C600120B1
:10292000704710B50446302114F052FC204610BD0B
:1029300010B5044600F072FEE06000F075FEE3683A
:10294000C008002247F6FF7123610138A260606071
:10295000198059809A80DA80636A23F0010343F07A
:102960000203636210BD00000A4B10B50360002330
:1029700004464362C0E90133C0E90333C0E90533CB
:10298000C0E907336FF00043C0E90A33FFF7D0FF17
:10299000204610BDAC3F04082DE9F04F93B056110E
:1029A0001C9C0593531104F01F05039363110495B8
:1029B0006511069302F01F03AE4240F0F480049CC0
:1029C000059AA3424FEA621E026925D1B2F900308E
:1029D0009E4503D1B2F902309E4235D0D18893880A
:1029E0000B4310D0B2F90230002B0CDBC16A8B42D2
:1029F00009DAD0E901138B4203F1010338BF083231
:102A0000836038BF02610369039AA3F800E05A802B
:102A100000229A80DA8017E0059C4E1101F01F0C0D
:102A2000B2F8048004F01F047645B2F806A00294C0
:102A3000049CA4EB03040AD1029BA0449C44A2F88A
:102A4000048004FB0CA4D48013B0BDE8F08F059D76
:102A5000691A51BFCCF1200504FB0CF44942002552
:102A60005DBF6C4320254FF001094FF0FF39019500
:102A7000019F4E4494FBF1F501FB1544BC44002C2E
:102A8000BCBF05F1FF356418A84405FB0CACA2F8E7
:102A90000480A2F806C0D0F810C0BCF80680BCF8CC
:102AA000042058EA020211D0BCF90280B8F1000FEC
:102AB0000CDBC26A904509DAD0E9012890453CBF99
:102AC0000CF10802026108F101028260D0F810C026
:102AD0000027BDF90C20B645ACF800602B44ACF8DB
:102AE0000220ACF80470ACF806704BD0049F641A56
:102AF0004FF0000AFF1A3D446D0195FBF1F801FB10
:102B00001855002DBCBF08F1FF386D1808F10107FA
:102B10000397D0F810C064194E4454BF039F474632
:102B2000BCF804B058BF641A3B44BB44ACF804B0D2
:102B3000BCF806B00BEB471BACF806B0D0F810C0E1
:102B4000BCF806B0BCF804705BEA070711D0BCF90A
:102B500002B0BBF1000F0CDBC76ABB4509DAD0E954
:102B6000017BBB453CBF0CF1080707610BF1010776
:102B700087600769B6453E807A80A7F804A0A7F869
:102B800006A0C6D1049AD31A02699188D68819443E
:102B90009180029901F1200C0199ACEB010C03FB2F
:102BA0000C63D38050E7059DA21AA5EB01050292A4
:102BB000089540F12881039A002AFFF645AF029A52
:102BC0004FF0FF3452420B9400240292069A42EADC
:102BD000E27206922A465A430194029C029D92FB9D
:102BE000F4F405FB1422002A0792BCBF521904F129
:102BF000FF340569B8BF079204EB0109019A4FEA57
:102C000069169A4240F01181B5F900309E4204D114
:102C1000B5F90230039A9A421BD0EA88AB88134375
:102C200010D0B5F90220002A0CDBC36A9A4209DAF7
:102C3000D0E901329A4202F1010238BF08358260C0
:102C400038BF05610369039A1E805A8000229A806A
:102C5000DA800B9B039A01691A44B1F90030B34240
:102C600003D1B1F902309A421AD0CC888B88234321
:102C700010D0B1F90240002C0CDBC36A9C4209DA87
:102C8000D0E901349C4204F1010438BF083184606A
:102C900038BF0161036900211E805A809980D98064
:102CA000069B934200F08280089B02995B01029C84
:102CB00093FBF1F104FB11330391002B089304DA29
:102CC0004B1E0393089B23440893079B4F4602998E
:102CD00000265B1A0793019BC3F120030E930E9904
:102CE000019B5B1A0A93DDE907315B1858BF029913
:102CF000079357BF5B1A03990793039B58BF591C4F
:102D0000002A89444FEA691A2EDBC36A93422BDDFD
:102D1000019C0569A0460E9CB5F904C0A045B5F913
:102D200006E040F04C81B5F90010514503D1B5F9EA
:102D30000210914218D05CEA0E010FD0B5F90210D2
:102D400000290BDB8B4209DDD0E90131994201F109
:102D5000010138BF0835816038BF05610369A3F8F8
:102D600000A05A809E80DE800B9B01691A44CC88AB
:102D70008B88234310D0B1F90240002C0CDBC36ACE
:102D80009C4209DAD0E901349C4204F1010438BFC5
:102D90000831846038BF016103694F46A3F800A081
:102DA0005A809E80DE80069B93429CD1019B0769DE
:102DB000C3F12006059B4FEA631E049B9E4240F030
:102DC000C781B7F900309E4504D1B7F902309A4265
:102DD0003FF43AAEF988BB880B4310D0B7F9023004
:102DE000002B0CDBC16A8B4209DAD0E901138B425C
:102DF00003F1010338BF0837836038BF07610369F7
:102E0000A3F800E003E6C26A039CA242FFF61CAEF0
:102E1000069CA242089CBCBF01320692C3F120026C
:102E2000624301240B942024D6E64FEA611809F08E
:102E30001F0201F01F01B5F804E00C92B045019AA1
:102E4000B5F806A0A2EB030208D10C9B96441944E6
:102E5000A5F804E002FB01A1E980FAE6002CC0F22B
:102E6000A7800127C1F1200C0A97202702FB0CF252
:102E70000997099F92FBF4FC04FB1C223944002AA9
:102E8000BCBF0CF1FF3C12190CFB01A1E644E98028
:102E90000A99A5F804E008EB01050169B1F806807C
:102EA000B1F804E058EA0E0710D0B1F902E0BEF123
:102EB000000F0BDBC76ABE4508DAD0E9017EBE45CC
:102EC0003CBF083101610EF10101816001694FF0E1
:102ED000000EBDF90C80AE420D806344A1F8028063
:102EE000A1F804E0A1F806E053D00199121BC91A19
:102EF0006144490191FBF4FE04FB1E110029BCBF93
:102F00000EF1FF3E09190EF101070D97D0F810A040
:102F100052180A9F54BFDDF834C0F446BAF804B022
:102F200058BF121B63443D44E344AAF804B0BAF806
:102F300006B00BEB4C1BAAF806B0D0F810C0BCF8DA
:102F400006B0BCF804A05BEA0A0714D0BCF902A0E2
:102F5000BAF1000F0FDBC76ABA450CDAD0E9017A83
:102F6000BA450AF1010A38BF0CF1080CC0F808A0F4
:102F700038BFC0F810C0D0F810C04FF00007AE4204
:102F8000ACF80050ACF80280ACF80470ACF80670F5
:102F9000BCD10469019A0C99D31AA28820311A4431
:102FA000A280099A891AE28803FB0123E38050E694
:102FB0004FF0FF374A4364420A97002758E74FEA29
:102FC000671809F01F0307F01F071FFA8CFCD04594
:102FD0000F931FFA8EFE0AD10A9B9C440F9B1F443D
:102FE0000A9BA5F804C003FB07E7EF80BCE60029B5
:102FF000C0F2A6800A9CC7F12003634301240D940C
:1030000020240C9493FBF1F401FB143B0C9BBBF1CB
:10301000000F1F440D9BBCBF04F1FF348B4404FB25
:1030200007E7A444EF80A5F804C008EB0305D0F837
:1030300010C0BCF806E0BCF804705EEA070311D0CB
:10304000BCF902E0BEF1000F0CDBC76ABE4509DA2D
:10305000D0E9017EBE453CBF0CF1080707610EF1C7
:1030600001078760076913B2554510937B800E9B5B
:103070003D80BE8004EB030CFE8050D0019BA3EB8F
:103080000C07ABEB01033C440993640194FBF1F89A
:1030900001FB1844002CBCBF08F1FF38641808F18C
:1030A00001071197099BD0F810E01B19BEF804B076
:1030B00054BF119F4746099358BF5B1ABB44BC4499
:1030C00058BF0993AEF804B0BEF806B00BEB471B2F
:1030D0000D9FAEF806B03D44D0F810E0BEF806B043
:1030E000BEF804705BEA070311D0BEF902B0BBF171
:1030F000000F0CDBC76ABB4509DAD0E9017BBB4591
:103100003CBF0EF1080707610BF1010787600769F3
:103110005545109B3D807B80BE80FE80C2D1019BC7
:103120000F9FA3EB0C0C03692037998861449980A9
:103130000C997F1AD9880CFB071CA3F806C013E66C
:103140004FF0FF340A9B49420D9400247B4358E71B
:1031500005994FEA691B09F01F0CB7F8048001F0CC
:103160001F01F345B7F806A002910499A1EB0604EC
:1031700008D1029BA0449C44A7F8048004FB0CA443
:10318000FC8061E40599B1EB090151BFCCF1200548
:1031900004FB0CF4494200255DBF6C4320254FF031
:1031A00001094FF0FF390195019B94FBF1F501FBFB
:1031B00015449C440BEB0903002CBCBF05F1FF3503
:1031C0006418A84405FB0CACA7F80480A7F806C057
:1031D000D0F810C0BCF80680BCF8047058EA0707A5
:1031E00011D0BCF90280B8F1000F0CDBC76AB845FA
:1031F00009DAD0E90178B8453CBF0CF1080707614E
:1032000008F10107876007694FF0000C12B29E4574
:103210003B802E447A80A7F804C0A7F806C04BD0A4
:10322000049F641A4FF0000ABF1B3D446D0195FBDB
:10323000F1F801FB18556545BCBF08F1FF386D1862
:1032400008F101070397D0F810C064194B4454BF2C
:10325000039F4746BCF804B058BF641A3E44BB44C1
:10326000ACF804B0BCF806B00BEB471BACF806B0EA
:10327000D0F810C0BCF806B0BCF804705BEA0707D1
:1032800011D0BCF902B0BBF1000F0CDBC76ABB4523
:1032900009DAD0E9017BBB453CBF0CF108070761A7
:1032A0000BF10107876007699E453B807A80A7F88C
:1032B00004A0A7F806A0C6D1049B9E1B03699A88A8
:1032C00032449A80029A02F1200C019AACEB020C73
:1032D000DA8806FB0C26DE80FFF7B6BB436A9B0745
:1032E000F7B50E46154611D5D0E9051286EA010755
:1032F00085EA02033B4309D033460095FFF74CFBB8
:10330000436A43F00103C0E90565436203B0F0BDC1
:10331000F8B5436A154604460E469A0701D4FFF7EE
:1033200007FB636ADB0704D52046D4E90712FFF7E1
:10333000D5FF236970116911B3F90020904203D1C0
:10334000B3F9022091421AD0DF889A883A4310D00C
:10335000B3F90220002A0CDBE76ABA4209DAD4E9A1
:103360000172BA4202F1010238BF0833A26038BFCD
:10337000236123690022188059809A80DA8066616F
:103380002562C4E90656F8BD2DE9F047D0B000EB40
:10339000C1016C4627460D1A00F10803482D40F381
:1033A000D5802D11B0F906C0B0F9009000EBC50230
:1033B000B0F90280B0F904E016680660566846600D
:1033C00020F83590A2F80280A2F804E0A2F806C026
:1033D000A1F1080231F9065CB0F90AC0654506DBC7
:1033E00019D1B0F9086031F9085CAE4213DD0E4620
:1033F000B0F90890B0F90C8056F8085DB0F90EE00D
:103400001D6075685D6021F8089C21F806CC21F8E4
:10341000048C21F802ECB0F90260B0F90A50AE4217
:1034200006DB16D1B0F900C0B0F90850AC4510DA8F
:103430001D68B0F90080B0F904E0B0F906C005607D
:103440005D68A0F8088045604681A0F80CE0A0F80F
:103450000EC031F9065CB0F902C0654506DB19D132
:1034600031F9086CB0F90050AE4213DA0E46B0F9EB
:103470000090B0F9048056F8085DB0F906E00560E8
:103480007568456021F8089C21F806CC21F8048C69
:1034900021F802EC0833B0F902C0B3F902E0E645C6
:1034A000F8DB05D1B3F90060B0F90050AE42F1DBB2
:1034B0001546083AB2F90260B445F9DB05D1B0F916
:1034C0000080B2F90060B045F2DB9342A5F1080636
:1034D00016D8D6F800C0B3F900A0B3F90490B3F938
:1034E0000680C3F800C0D6F804C0C3F804C025F8AD
:1034F00008AC25F806EC25F8049C25F8028CC9E7F1
:10350000D6F800E0B0F900A0B0F90490B0F9068058
:10351000C0F800E0D6F804E0161AC0F804E025F878
:1035200008AC25F806CC25F8049C25F8028CCD1AA9
:10353000ED10B5EBE60FB5BFC4E90002C4E90031F8
:103540000A46034608341846114624E7994227D90B
:10355000A3F11002B2F912C0B2F90A50AC4506DB71
:103560001CD1B2F91060B2F90850AE4216DA154615
:10357000B2F91090B2F91480083A55F8086FB2F910
:103580001EE09661A8426E68A2F81090D661A2F87B
:1035900012C0A2F81480A2F816E0DBD10833D5E7F8
:1035A000BC4203D954E90201083CF4E650B0BDE83E
:1035B000F08710B5436A0446DA0707D5D0E9071249
:1035C000FFF78CFE436A23F001034362636A9B07A3
:1035D00021D52369D9889A880A4310D0B3F90220EB
:1035E000002A0CDBE16A8A4209DAD4E9011291422D
:1035F00002F1010288BF0833A26088BF2361A1687D
:1036000029B16368994202D8E068FFF7BDFE636A9A
:1036100023F002036362E06810BD0000014B1868EC
:10362000704700BF74600120014B1868704700BFED
:103630007860012010B503680C46DB6A9847031BCD
:103640005842584110BD0000014B1960704700BF3F
:103650007C6001202DE9F04F964697B00546144650
:103660000E461F460DF11C0CBDF888809DF88C900D
:10367000BDF890A0BEE80F00ACE80F00DEF8003007
:1036800004F1140ECCF800300DF1300CBEE80F0040
:10369000ACE80F00DEF8003004F1280ECCF8003062
:1036A0000DF1440CBEE80F00ACE80F00DEF800306E
:1036B0003146219A2846CCF800302B680192209A96
:1036C000CDF80880009207AACDE9039AD3F83CB060
:1036D0003B46D847A6460DF11C0CBEE80F00ACE8EF
:1036E0000F00DEF8003004F1280E3C34CCF8003036
:1036F0000DF1300CBEE80F00ACE80F00DEF8003032
:10370000CCF800300DF1440C0FCCACE80F0023686E
:1037100031462846CCF800302B68CDE9039A219A2F
:10372000CDF808800192209A009207AADC6B3B46F4
:10373000A04717B0BDE8F08F2DE9F04F99B088464B
:10374000D3F800C02299BDF8A0400F6892ED0D5A41
:10375000A7EB0C0792ED096AD2ED0B5ABC42D3EDF0
:10376000072A2499A8BF3C46DDF894A0B1F900903F
:1037700006EE904ABAF9001009EB0C0ED3ED0A7A66
:10378000F8EEE66A93ED0D7A714526EE866A66EEEE
:10379000A55A66EE856AB7EE005A37EEA54A77EE6F
:1037A000263A85EE223A72EE864A67EE837A27EE53
:1037B000037A40F3A280A1EB0E0696FBF4F503EE2C
:1037C000105A002D04FB1566B8EEC33AE3EE064A24
:1037D000A3EE254AE3EE263A12DD74EEC67A33EE06
:1037E000E67AF5EE407AF1EE10FA14BF85EE273A4C
:1037F000B0EE453A74EE657A27EE037A67EE837A87
:1038000005FB04F2BF1A9444BAF80420114409EBF2
:103810000C0209B23A448A42C4BFA1EB0902A2EBEE
:103820000C07002F66DD97FBF4F104FB11720AB957
:103830000139224685EE243A40689DF89CB0B64492
:10384000D0F800A00029CCBFA1469146179023983C
:1038500004FB05E5B0EE471ACDED146A1090F0EECA
:10386000671A2498CDED135ABEEEC81A8DED126A70
:10387000FEEEC81ACDF844B0B0F902B05B691798F3
:103880005B448DED097ACDED087A64EE032A0F933F
:1038900023EE832A11EE103A8DED0C3A32EEE75A00
:1038A000CDED0A2A8DED0B2ACDED033ABEEEC85AB6
:1038B0008DED024ACDED014A009415EE107A32EEFC
:1038C000475A97FBF4F7BEEEC85ACDE90D8515EEC1
:1038D00010CA9CFBF4FC0CFB0633059311EE903AE6
:1038E000CDE9067C07FB0637A9EB06030497DAF857
:1038F0000840A04719B0BDE8F08F00252E4683E7A9
:103900002DE9F04FDBB01D461446BDF898310F91FC
:1039100029460A939DF89C3109900B93BDF8A0317C
:10392000DDF894B1109303685F6CDDE90A23B847B2
:10393000099B5860002800F0A1832B68F2EE047AFE
:1039400094ED027A14936B68B4EEE77A1593C14B49
:103950001978D5E90223002916BF194611461346E6
:10396000F1EE10FA1691CDE9173240F2878394ED0B
:10397000077AB4EEE77AF1EE10FA40F27F8394ED25
:103980000C7AB4EEE77AF1EE10FA40F2778322680F
:10399000B14B9A42C0F27283B04963698A4200F324
:1039A0006D8303F51C33AE48FF33834200F2668318
:1039B000A36AAC4D03F51C33FF33AB4200F25E83C8
:1039C000626802F51C33FF33834200F25783A1691A
:1039D00001F51C33FF33834200F25083E36A03F5A1
:1039E0001C30FF30A84200F249838A4280F21081E5
:1039F0009A4200F31981994280F21D810225012724
:103A0000A946B8464FF0000A214649A804F03CF800
:103A10002246534649A9CDF8009019A804F064F94C
:103A20002246534649A9CDF8008029A804F05CF944
:103A30004346224649A9CDF8009039A804F054F92C
:103A4000AF4212AFB7BF0023012329AD19ACB1BFFC
:103A50000E9319AD0E9329AC0F9B93E8030087E8F2
:103A6000030028B9804B186803689B6A9847386040
:103A7000649BBBF80600B3F902302F9A0C930C99A3
:103A800063690B44BBF90210084400B283420D90F5
:103A900080F2DD808B4208DA002A06DDCB1A9A42DA
:103AA000C0F2E480002B00F3E28067690DF150085A
:103AB0000C9B3B441F460D9BDF1B9742A8BF17463C
:103AC000002F40F36681649B2968B3F90020BBF99D
:103AD00000301144206899421ADDBBF804100244FA
:103AE0000B441BB29A4213DC109A12A9099B099845
:103AF0001B6806920B9A009505920A9ACDE903B2CB
:103B0000649ACDE9018249AAD3F848902346C84770
:103B100094ED0A7AD4ED0B7AD4ED0E6A37EE277A5B
:103B2000D4ED0D7AA16877EEA67A94ED086AD4ED0B
:103B3000076A84ED0A7A76EE866AC4ED0D7AD4E9D6
:103B40000023C4ED076A1A4463690133226063618C
:103B5000A369013BA36123690B44E1688B422361A4
:103B600015DB94ED096A01325B1A76EE266A226053
:103B70002361C4ED076AD4ED0C6A36EE877A84EDD2
:103B80000A7A94ED0F7A77EE277AC4ED0D7A95EDE7
:103B90000A7AD5ED0B7AD5ED0E6A37EE277AD5ED98
:103BA0000D7AA96877EEA67A95ED086AD5ED076AD1
:103BB00085ED0A7A76EE866AC5ED0D7AD5E90023A1
:103BC000C5ED076A1A446B6901332A606B61AB6902
:103BD000013BAB612B690B44E9688B422B6115DB20
:103BE00095ED096A01325B1A76EE266A2A602B612E
:103BF000C5ED076AD5ED0C6A36EE877A85ED0A7A4F
:103C000095ED0F7A77EE277AC5ED0D7A013F57E7EC
:103C1000994213DC9A4214DA022503274FF0000878
:103C2000A9464FF0010AEFE601250027A946B8464C
:103C30004FF0020AE8E601250227E1E60025012708
:103C4000F4E7022703254FF00009B846E9E71346D9
:103C500028E700BF62600120018FFDFF00710200B4
:103C6000FFE10400FEE104006C60012013462B9983
:103C70009E462E9F9C4611914FF00009DDED344A7F
:103C80009DED337A9DED374ADDED367ADDED313A43
:103C9000DDED306A9DED325ADDED355A9DED386A25
:103CA000DDE9290ADDE92C81BCF1000F47D103EBE6
:103CB000070CD71AB9F1000F09D029908DED337A8E
:103CC000CDED367ACDED306A2D91CDE92EC71B9919
:103CD0004FF00008DDED244A1191DDED236A9DEDE2
:103CE000274A9DED267ADDED213ADDED207A9DED26
:103CF000225ADDED255A9DED286ADDE9190ADDE934
:103D00001EC7DDE91C91BEF1000F31D0119E504459
:103D100076EEA46A314437EE047A77EEA37A494509
:103D200008DB77EE857A013076EEA56AA1EB090112
:103D300037EE067A0EF1FF3E4FF00108E3E7119EE1
:103D4000504437EE247A314477EE847A76EEA36AD3
:103D5000414508DB76EE856A013037EE257AA1EB26
:103D6000080177EE867A0CF1FF3C4FF001099BE7E2
:103D70009C44FF1AB8F1000F09D01990CDED236AC9
:103D80008DED267ACDED207A1D91CDE91EC7D21A90
:103D90008BE60E9B3F9A002B00F0D18019AD39AC19
:103DA000649BBBF80600B3F902300C930C9963696D
:103DB0000B44BBF90210084400B283420D9080F21C
:103DC000C1808B4208DA002A06DDCB1A9A42C0F283
:103DD000BB80002B00F3B98067690DF150080C9B84
:103DE0003B441F460D9BDF1B9742A8BF1746002F81
:103DF00040F33C81649B2968B3F90020BBF9003093
:103E00001144206899421ADDBBF8041002440B44A7
:103E10001BB29A4213DC109A12A9099B09981B68DD
:103E200006920B9A009505920A9ACDE903B2649A1C
:103E3000CDE9018249AAD3F848902346C84794EDBA
:103E40000A7AD4ED0B7AD4ED0E6A37EE277AD4EDE8
:103E50000D7AA16877EEA67A94ED086AD4ED076A28
:103E600084ED0A7A76EE866AC4ED0D7AD4E90023F1
:103E7000C4ED076A1A446369013322606361A36970
:103E8000013BA36123690B44E1688B42236115DB8D
:103E900094ED096A01325B1A76EE266A226023618C
:103EA000C4ED076AD4ED0C6A36EE877A84ED0A7A9F
:103EB00094ED0F7A77EE277AC4ED0D7A95ED0A7AB4
:103EC000D5ED0B7AD5ED0E6A37EE277AD5ED0D7A62
:103ED000A96877EEA67A95ED086AD5ED076A85EDB3
:103EE0000A7A76EE866AC5ED0D7AD5E90023C5ED2E
:103EF000076A1A446B6901332A606B61AB69013B45
:103F0000AB612B690B44E9688B422B6115DB95EDA6
:103F1000096A01325B1A76EE266A2A602B61C5EDCA
:103F2000076AD5ED0C6A36EE877A85ED0A7A95ED4B
:103F30000F7A77EE277AC5ED0D7A013F57E739AD55
:103F400019AC2DE7134644E713463B9E9E46DDF829
:103F5000F8C01F469DED437A4FF00009DDED444A5D
:103F6000DDED467A9DED474ADDED406ADDED413AF3
:103F70003D99DDF8F0809DED425ADDED455A9DED0D
:103F8000486A0E96DDE9390A002F46D19C44D71ABB
:103F9000B9F1000F09D039903D91CDED406A8DED1A
:103FA000437ACDED467ACDE93EC71B994FF0000824
:103FB000DDED244A0E91DDED236A9DED274A9DED4E
:103FC000267ADDED213ADDED207A9DED225ADDEDF8
:103FD000255A9DED286ADDE9190ADDE91EC7DDE9EC
:103FE0001C91BEF1000F30D00E9E504476EEA46AB4
:103FF000314437EE047A77EEA37A494508DB77EE51
:10400000857A013076EEA56AA1EB090137EE067AD2
:104010000EF1FF3E4FF00108E3E70E9E504437EEED
:10402000247A314477EE847A76EEA36A414508DB40
:1040300076EE856A013037EE257AA1EB080177EE3E
:10404000867A013F4FF001099EE79C44FF1AB8F1C0
:10405000000F09D01990CDED236A8DED267ACDEDB4
:10406000207A1D91CDE91EC7D21AB5E60F9B1B68B9
:1040700023B9044B18680368DB6A98475BB0BDE856
:10408000F08F00BF6C60012070B5044600250598D4
:104090009DF81C60616063829DF81010BDF91830B6
:1040A000258021726672E0602282A382E5822583E8
:1040B0006583A583E583258484F822502EB30368A5
:1040C0005B699847064600B3E06831460368DB68E1
:1040D00098470546C8B1437B827A5B0003F480733E
:1040E00013432384637A062B0FD1E0682A463146B6
:1040F00003685B6C98476B7B5B0003F48072AB7A60
:1041000013431844238C18442084204670BD2DE9A5
:10411000F04F002485B08146884692469B4627464C
:104120002546264654452ADA002303934FF6FF63BB
:104130009D4204D042F20B039D4218BF2F4603ABB1
:1041400042465946484603F0B5FA0546B8B10A2832
:1041500015D0039A8AB1507B3946937A40009588EE
:1041600000F48070034340460193D8F800305B6C44
:104170009847019B18440644B6B20134D2E7304652
:1041800005B0BDE8F08F022A30B511D0032A1CD04B
:10419000012A0CD18B880188B0F904205B1A44886D
:1041A000B0F906109B1A048081804380C28030BD24
:1041B000CB8842889B1AC2889B1A8A8801884380D0
:1041C000521A8188521A0280F1E7CB884188B0F9EF
:1041D00006205B1AB0F90050B0F904409B1A4580E4
:1041E00082800380C480E2E72DE9F04F9FB00F92F8
:1041F0001293299A299B12889B882A9D13440E901A
:1042000028681BB217919DF8ACB0119303689DF814
:10421000B8405B6D98472B6813901A7BDB7A159238
:104220001693BDF9A060002C67D02B7C2D9A062B2D
:1042300014BF0123022313444FF0000910934C468E
:10424000CDF83490CDF830900D9B109A934280F2C7
:104250008B800023CDE91C338DF86F304FF6FF6360
:104260009C4206D00C9B42F20B02944218BF23469C
:104270000C930D9B2D992A688B4240DB13681046E6
:104280005B699847044628681DAA214603689F6811
:104290000DF16F03B8471C904FF6FF639C4200F08E
:1042A000EB8042F20B039C4200F0E680002C00F011
:1042B0000D810A2C5ED01C9A6AB39488BBF1000F62
:1042C0003AD092F80D90BBF1010F4FEA490909F479
:1042D000807392F80A9049EA030933D10C9BA6EB4C
:1042E0000906002B4DD1159A09EB06031344299AB0
:1042F000B2F9002093424EDA36E02D9B9CE70DF197
:104300006F0359462C9801931DAB00931CAB03F02F
:104310001AFA0446C0E7286803681B6998474FF6F5
:10432000FF63984200F0A88042F20B03984200F02D
:10433000A380BBF1000F00D14E441C9A002AC0D1CB
:10434000914699E00C9B002B00F0C280BBF1000F5E
:1043500017D128680C9903685B6C98470644169B34
:10436000119AF31A934216DD002C00F0AF800A2C4C
:1043700040F09D800A24B4FA84F040091FB0BDE8E3
:10438000F08F28680C9903685B6C9847BBF1010FAC
:10439000A6EB0006A7D01C98299B90F90910B3F949
:1043A0000080437B31445B0103F4807283791343C3
:1043B0000B44434560DB119B99425DDA2868B045A8
:1043C0000368CCBFA8EB06084FF000081B6BC8BF02
:1043D0001FFA88F898471C9A537BD90001F480771C
:1043E000117A39435F06129F48BFA1F50071074457
:1043F00048BF09B27F1A2999BFB2B1F902100FFA6A
:1044000087FA51453CDD1B01D07903F480730343E7
:104410009A44514530DCCF1B8A463FB21992139A19
:104420001D9B2868002A2DD11893BFB20E9B1968D6
:10443000CB6C01681493096C8847A979189B0B9180
:10444000A97B199A0A919DF86F100991A9680693A2
:10445000299B05920493CDF804A0CDE90287B044CE
:10446000149F0FFA88F300930F9BCDE9070117996A
:104470001A680E985B68B8470D9B01330D93E3E60D
:104480000027CBE70E9AD2F808C0129ADCF8001089
:10449000CDE90462AA790392AA7B0292AA68CDE9C7
:1044A0000002299A60468F680F99B847E4E70D9D8E
:1044B00001352D9B9D42BFF65EAF59462C98E5F71E
:1044C00005FB044610B10A28F2D153E7002452E755
:1044D000BBF1000F3FF443AF5DE730B5C48A458BB5
:1044E00043832C44E41A838BC482048B22440C44FF
:1044F000591AC2830483818330BD2DE9F04F0446ED
:10450000478AC06885B003689B6B9847B4F914600C
:10451000637A06EB4006013BB742ACBF4FF000099F
:104520004FF00109052B04D8DFE803F054080F47CA
:104530004C4C0025A9462E462F460EE0B7424FF0C0
:104540000005B4BF00260126F6E7B7424D464FF0FE
:104550000009B4BF002601264F464FF00008A4F81A
:104560001680A4F81880CDF80480002303932388D4
:10457000202B33D042F20B015A1AD2F1000A4AEB37
:10458000020A4FF6FF62934208D08B42019A0EBF97
:104590004FF0010A1A464FF0000A019203ABE2689D
:1045A000217A606803F086F82080D8B9A28B0023B6
:1045B00011462046FFF791FF6EE000250127A9462E
:1045C0002E46CAE7B7424FF00005B4BF00270127C7
:1045D0002E46C2E700250126A946ADE701934FF01C
:1045E000010ADBE7638B0A2803F101036383DDD053
:1045F000039A62BB4FF6FF63984203D042F20B036B
:104600009842B2D12388A18B202B03D042F20B0019
:10461000834231D1BAF1000F0ABF884650460120CB
:104620000A44238BB4F810C092B2A2831344B9F1A8
:10463000000F02D1002D42D000B3218C19448C45CB
:1046400037DAE18A002934D063458EDD1DE0938896
:104650000199238092F80DB04FEA4B0B0BF4807058
:1046600092F80AB04BEA000BE06803685B6C98476D
:104670000BEB000292B2C5E70020D1E763457FF75C
:1046800074AFE38A002B3FF470AF0123228C84F8CF
:104690002230E38B1344E383E06803689B6B984705
:1046A000B4F914301844638A181A608205B0BDE862
:1046B000F08F002311462046FFF70FFF55E76345B3
:1046C00014DD17B101230A4672E7002E3FF44DAF07
:1046D00000287FF44AAFBAF1000F02D0012342460E
:1046E00067E7E38A002B3FF440AFD5E700287FF46B
:1046F0003CAFBAF1000F3FF438AF01234246DAE78E
:10470000F0B505468FB017461C460E46D1B11B6862
:1047100020469B6B9847404203964FF6FF7300B2CA
:104720000097BDF850202946CDE90140012405A895
:10473000FFF7AAFC05A8FFF7E0FEBDF8143063B14F
:104740000134F7E7012403F081F80A28284608BF5E
:10475000013403F07BF80028F7D1A0B20FB0F0BD10
:104760002DE9F04FE3B01C46834688466C9B002B36
:1047700000F012812368002B00F00E81A37B002B38
:1047800000F00A810AAD106851682B46B8F9042080
:1047900003C30021B8F90630ADF8342028460C9147
:1047A0000CA9A279ADF83630FFF7EDFC0CA9A2797F
:1047B0000846FFF7E8FC17A802F034FC20680368FD
:1047C000DB6C98470646206803681B6D98473346A4
:1047D0006D9A6C99009017A802F077FC206894F805
:1047E00004A003689B6B9847B4F90C6023680746E4
:1047F000064430A893F8099002F014FC237C7BB1A6
:1048000020680368DB6C9847099020680268126D85
:104810009047099B009030A86D9A6C9902F055FC66
:10482000BDF834100EA8E27BBDF836308A1A217C20
:10483000039192B2B4F90C1002912168019161794F
:10484000009130A9FFF720FC002E5BDC17AF4FF082
:104850000009237C002B00F0B1800EA8FFF74DFE6D
:10486000BAF1000F00F0A580237C6422394649A8E4
:104870000993E4F73DF8099B002B00F0A780BDF9F0
:1048800056302279012A40F08A80BDF93400C01ADE
:10489000022390FBF3F000B2237C002B00F08B800E
:1048A000BDF84E209DF85A10BDF93230CDE90521F2
:1048B000BDF8302000211044424600B2CDE90397F4
:1048C00000905846CDE90154FFF78EFC002863D1D3
:1048D000B2B2BDF83230BDF8361013448A1A1BB29A
:1048E000ADF836209DF85A20ADF83230002A53D169
:1048F00022686988127A9B1AEA880A4412B29342A3
:10490000A7DD49E0237C4F44C3B14FF6FF79BDF9E1
:104910003230B5F902203B44934297DA0EA8FFF7F4
:10492000ECFDBDF84E30013B9BB24B45099321D0C5
:10493000617917A8E5F7CAF8099BF4E71FFA86F929
:10494000BDF93230B5F902203B449342BFF67EAF49
:1049500017A802F07BFFF8B10A28F1D1BDF8323078
:104960004B44ADF83230BDF83630A3EB0903ADF857
:104970003630E5E7B3B2BDF832201A44ADF8322044
:10498000BDF83620D31AADF83630BDF838301BB13B
:104990009DF85A30002BBAD063B0BDE8F08F022AE0
:1049A00005D1E27BBDF83400801AC01A73E70020FD
:1049B00072E7E07B70E747F6FF7273E7BAF1000F2A
:1049C000F7D06422394649A8E3F792FF002347F65F
:1049D000FF72216849A8FFF79AFB03B251E7032B46
:1049E00018D8DFE803F002060D13B0F900205018C4
:1049F000704703888088184400B2801A01387047D5
:104A000003888088184400B2401AF7E7B0F9000024
:104A10001044704700207047032B17D8DFE803F0DD
:104A200002060910B0F9021050187047B0F90220C0
:104A3000FAE74388C088184400B2801A01387047EA
:104A40004388C088184400B2401AF7E70020704736
:104A5000014B00221A6070477C6001200346C8B1F8
:104A6000020C1204A2B90304102013F07F4F04BFFC
:104A70001B02083013F0704F04BF1B01043013F009
:104A8000404F04BF9B000230002B04DB0130704715
:104A90000020EAE7202070472DE9F04F87B00D464F
:104AA000164698460146DDE9104720B11AB11F2D80
:104AB00001D81F2B04D90020386007B0BDE8F08F63
:104AC0007DB943B102462B4641463046CDE9004709
:104AD000FFF7E2FFF1E74FF0FF336FF000403B607C
:104AE000EBE732FA05FA06D14643B6FBF4F004FBD5
:104AF00010663E60E1E7012200FA05FBAA40BBFB1D
:104B0000F4F9013A0AFB09F304FB19B916400393BF
:104B10003046FFF7A3FF2B460A4601463046CDE953
:104B20000047FFF7B9FF0646484605EB0801FFF7C7
:104B300095FF05AB4A46CDE9004303465046FFF7D3
:104B4000ABFF3968059A039B1144B1FBF4F2D3180B
:104B500004FB12141E443C603044AEE72DE9F043E0
:104B600085B0B0F100091D4617460C9CBBBFC9F1CA
:104B700000094FF0FF3601262368BCBF5B4223606B
:104B8000002A04DA2368574276425B422360002DF4
:104B90003846BABF6D424FF0FF384FF00108FFF7BB
:104BA0005DFF03AB3A46CDE9005303464846FFF7A5
:104BB00073FF2368039A46451A4492FBF5F31844A1
:104BC00005FB132318BF4042721C236005D1002B44
:104BD000C3F100020BDB226006E0012E04D1002BA2
:104BE00002DA2B440138236005B0BDE8F0830138B8
:104BF000521BF0E72DE9FF411C4C05460768A369ED
:104C00002BB94068C5E9007004B0BDE8F0814FF0F1
:104C10000208A26804AE206893FBF8F10A44E16937
:104C200046F8042D3A460096FFF798FFA369074619
:104C30006A68216A00966068FFF790FFA36962695D
:104C40000744616A0096E06893FBF8F842440392D7
:104C50002A68FFF783FF80460096A3696A68A16A05
:104C60002069FFF77BFF4044CCE700BF8060012054
:104C7000074B1B78012B09D1B1F90030B0F90020A6
:104C80000380044B1B88013B9B1A0B80704700BFBD
:104C9000626001205E600120074B10B51B78012B7C
:104CA00008D1064B0C881B88B0F90020013B1B1B68
:104CB00003800A8010BD00BF626001205E60012099
:104CC0000A4B10B51B78012B0ED1B0F906104388A2
:104CD000B0F90040CA18064B44801B889B1A038019
:104CE000B0F904308180C38010BD00BF6260012034
:104CF0005E600120084B1B78012B0CD10388B0F9B2
:104D00000410428802805A18044B1B889B1A438067
:104D1000C388C18083807047626001205E6001208B
:104D2000074B10B51B78012B08D1B1F90030B0F951
:104D3000004003809388013B1B1B0B8010BD00BF0C
:104D4000626001200A4B0A4610B51B78012B0DD179
:104D5000818803880B440146013B21F8023BFFF7A1
:104D6000DFFFB0F90430C288C380828010BD00BF6D
:104D700062600120064B0021B3F90020054BC0F80A
:104D80003011B3F90030A0F83421A0F83631704763
:104D90005E60012060600120034B186810B1036859
:104DA0009B691847704700BFB06001207047000042
:104DB000094B07B5B3F900200021084B0091694663
:104DC000B3F90030ADF80420ADF8063003689B6CF1
:104DD000984703B05DF804FB5E600120606001202D
:104DE000094B82B00021B3F90020084BADF8042034
:104DF00002AAB3F900300091ADF80630036812E959
:104E000006001B6C02B018475E6001206060012044
:104E1000034B186810B10368DB691847704700BF7F
:104E2000B0600120034B186810B103681B6A184773
:104E3000704700BFB06001200023A0F8EC3070473D
:104E4000034B186810B103689B6A1847704700BF8E
:104E5000B0600120704710B504464FF49E7112F007
:104E6000B7F9204610BD10B5B1F900408A88B0F9F5
:104E70000030224412B2934215DA828813441BB2E6
:104E80009C4210DAB1F90230C988B0F90220194405
:104E900009B28A4207DAC088104400B28342ACBF2C
:104EA0000020012010BD0020FCE7B0F90030002BED
:104EB00010B504DA84882344838000230380B0F98A
:104EC0000040B0F90430091B8B42B0F90230C8BF72
:104ED0008180002B04DAC1880B44C3800023438007
:104EE000B0F90210B0F90630521A9342C8BFC2801E
:104EF00010BD0000104B10B50C46B3F900200F4B4D
:104F00002046B3F90010FFF7D0FF0D4B186890B1A1
:104F1000036821469B6898470A4B186818B10368D4
:104F200021469B689847084B214618680368BDE8EE
:104F30001040DB69184710BD606001205E600120F1
:104F4000B0600120AC6001206C600120F8B506461D
:104F500008460F46FAF743FEE8B9B7F90050B6F92C
:104F60000040A54217DBB7F90220B6F902309A4299
:104F700011DBB9880D44B1880C442DB224B2A5428E
:104F800009DCF8881044F288134400B21BB298423E
:104F9000CCBF00200120F8BDF8B5044608460D46F8
:104FA000FAF71DFE78B92046FAF719FEB5F9006048
:104FB00050B12680B5F902306380B5F90430A38082
:104FC000B5F90630E380F8BDB4F90010B5F9022058
:104FD000B142B4F90230B5F804C00F46ED88A8BF5D
:104FE0003746934218466644B4F804C0A8BF10463A
:104FF0002A44E588614436B227802B4409B212B2B4
:1050000060801BB28E42ACBFC7EB0601C7EB01014B
:105010009A42ACBFC0EB0202C0EB0302A180E28067
:10502000D1E70000014B1868704700BFC060012045
:10503000002310B5A0F8A4300446B0F88030A0F8E2
:10504000A630B4F8A430B4F8A6209A420ED9E218DB
:1050500092F8842022B154F8230003681B6D98470E
:10506000B4F8A4300133A4F8A430EAE710BD00235B
:1050700000F18402A43020F8243C02F8013B824273
:10508000FBD1704770B50B4C05460E46206810B139
:1050900003685B699847281DFFF7E9FF26603368BE
:1050A0003046DB6898472B6828465B6CBDE870404B
:1050B000184700BFB06001200023B0F880C0B0F8EE
:1050C000A4101A46F0B51C461D469C451ADDC618AC
:1050D00096F884606EB19A4208D050F823701FFA97
:1050E00082FE40F82E70871887F884600132013301
:1050F000EBE79942B0F8A660A8BF01359E42C8BF51
:105100000134F4E7B0F8A630491B1B1BA0F8A4102B
:10511000A0F8A630B0F88030934203DD013BA0F840
:105120008030F7E7F0BD000070B5164D04462868E2
:1051300040B1037A33B984F8383103689B68BDE81D
:105140007040184794F838310F4E73B968B1037A3C
:105150005BB1306810B103681B6998472868036821
:10516000DB689847012384F8383104342046FFF780
:105170005FFF2046FFF7A0FF306810B103685B6A4D
:10518000DDE770BDB4600120B0600120034600F18E
:10519000400100221A80083323F8062C23F8042C3F
:1051A00023F8022C8B42F5D1A0F840207047000074
:1051B000F8B51D4B06460446002546F8043BA822D8
:1051C0000021304614F01AFFA4F8845004F1AC001A
:1051D000164FFFF7DBFF04F1EE00FFF7D7FFA4F84F
:1051E0003051A4F83251A4F83451A4F8365184F85F
:1051F00038510F490F4810F089FF0F4B58B11D80EF
:1052000000230E4A304613600D4A3B601360FFF7DF
:105210002EFF2046F8BD4FF4806202201A803860CD
:1052200001F086FDECE700BFBC3F0408B060012040
:10523000CDB5E8B5C2A507F444000020C060012048
:10524000B4600120B0F84030013B9BB28B42A0F823
:10525000403010B508D900EBC30300EBC1041A6855
:1052600040F831205A68626010BD00002DE9F04F0F
:105270008FB08F4B83460AAC84E80600B3F9002058
:1052800020468C4BB3F90010FFF70FFE2046FAF7CB
:10529000A6FC00286AD10394BBF8EC400BF1AC03E8
:1052A0000BEBC4050193A4355CB129460398FFF7C5
:1052B0004DFE013C18B1A1B20198FFF7C3FF083DB4
:1052C000F2E7BBF8ECA00AF1FF33CDF810A002938F
:1052D0004FEACA0303F1A40406935C440025264662
:1052E000CDF814A02F46059B002B73D003993046B0
:1052F000FFF7B9FD50B3BDF928E0B6F900C0BDF91C
:105300002A80E645B6F9029033DBBDF82C20B3883D
:105310007244634412B21BB29A422ADC1FFA89F229
:10532000F388C845BDF82E1013441FFA88FC9BB2C1
:105330000FFA83FE0FDBA3EB0C03C91A09B2002995
:10534000ADF82E1012DDADF82AE00546059B083EAB
:10535000013B0593C7E7614409B2714538DCA2EB14
:105360000C0212B2ADF82E20002AEEDC0FB0BDE820
:10537000F08FC8452CDBF3889944BDF82E30984453
:105380000FFA89F90FFA88F8C14521DB1FFA8CF270
:10539000B388E645BDF82C1013441FFA8EF89BB273
:1053A0000FFA83F90ADBA3EB0803C91A09B2002933
:1053B000ADF82C10DADDADF82890C6E7414409B20B
:1053C000494505DCA2EB080212B2ADF82C20CBE770
:1053D0000746BBE7002D81D1002F00F0DD81BDF92C
:1053E0002860BDF92A70B3B2BDF82EA00593059AC6
:1053F000BDF82C301344BAB292449BB21FFA8AFA19
:105400000FFA83F80FFA8AF9CDE90723049B002BE2
:1054100052D003992046FFF726FDDDE90723C0B1EE
:10542000B4F900E0B4F90210764522DCB4F804C007
:10543000F4440FFA8CFCE0451BDB8F421FFA81FC21
:10544000E1880DDCAAEB0C0CA4F80290A1EB0C0196
:10545000E18028460499083C054601390491D3E7C8
:10546000614409B24945F5DCA2EB0C0CA4F806C076
:10547000EFE78F42EEDCB4F806C0614409B289451B
:10548000E8DB76451FFA8EFCA18807DCA3EB0C0C49
:10549000A4F80080A1EB0C01A180DAE7614409B215
:1054A0008845D7DB0599A1EB0C0CA4F804C0D0E724
:1054B000606001205E600120002D00F06D81069B80
:1054C0005B441C46029B013300F0668104F1A40595
:1054D00003982946FFF73AFD20B1BDF8081001985E
:1054E000FFF7B0FE03992846FFF7BDFC002800F047
:1054F0009C80B4F9A490B4F9A8301FFA89F1BDF9E1
:105500002800099301EB030C83B24845BDF92AE05A
:105510001FFA8CFABDF82CC0B4F9A62003EB0C05D9
:10552000ADB20595BDF914500495BBF8EC5040F3AD
:1055300099805B1A96450FFA8AF09BB21EB22EDD57
:10554000029F1FFA8EFE92B2BDF82E400BEBC708E9
:10555000049FAEEB0201A6443F1AB8F8B20089B22C
:1055600002440FFA8EFE0DB212B26F43AEEB02028E
:105570007243974209DBB8F8AC20A8F8B2509C44BB
:10558000ADF82820ADF82CC086E62144B8F8AE303E
:10559000A8F8B060ADF82E10ADF82A307CE6049F74
:1055A000B84227DA02993F1ABDF82E500BEBC1041E
:1055B00005EB0E011FFA81F8B4F8B21011440FFA8E
:1055C00088F9A2EB0E02A1EB0801724389B20FFA2F
:1055D00081F808FB07F7BA4206DCA4F8AE90A4F8FD
:1055E000B280B4F8AC20CAE72944A4F8B060ADF8A2
:1055F0002E1051E60598062DAAEB000080B20FFA96
:1056000080FE17D8049BB4F9AA10A4F8A4306B1C30
:10561000A4F8A8E0ABF8EC30019B019803EBC503BC
:1056200020F835905A809E80D980029B083C013B2F
:10563000029347E7029AB6454FEAC2020DDB9C444B
:105640005A44ADF828901FFA8CFCA2F8B0E0ADF8EF
:105650002CC08C44A2F8ACC01EE65A448444A2F884
:10566000B0608FE71FFA8EF1BDF82E6093B29645B9
:1056700001EB060806931FFA88F8069F0FFA88F3D5
:105680000793B4F8AA303B449BB2089324DA0599F7
:10569000A3EB0803A2EB0E02A9EB0000AAEB0104A6
:1056A0009BB2A4B219B225B248436A438242029A1D
:1056B0004FEAC2025A4406DC079BA444A2F8B21087
:1056C000A2F8AE305EE70499A2F8B050A2F8AC1090
:1056D0003344ADF82E30DFE5069F049BC91B0FFA5B
:1056E0008AF789B29F420FFA81FE23DD059AA9EB62
:1056F0000000BDF92030AAEB0202079D0EFB00F06E
:1057000092B2A5EB030A029B14B2DB0004FB0AFA77
:105710005B44504503DBA3F8B2E0944432E7049ABB
:105720003144A3F8B040A3F8AC20B3F8AE30ADF8E4
:105730002A305CE7089B062DA3EB08039BB218B246
:1057400013D8079BA4F8AA00A4F8A6306B1C0199F3
:10575000ABF8EC30019B21F8359003EBC5035A8080
:10576000099AA3F806E09A805FE7029C70454FEA29
:10577000C4040DDB3144069B5C44ADF82A2089B299
:10578000A4F8B200ADF82E101944A4F8AE1083E5C9
:105790005C44A4F8B2E09BE7BBF8EC404FF6FF7620
:1057A000651E0BEBC404ADB2B54244D0BDF92A204E
:1057B000B4F9A600BDF928108242B4F9A4701FD133
:1057C000BDF92EC0B4F9AA309C4519D1B4F8A8305F
:1057D000BDF82C20D81900B2884209D1ADF8287044
:1057E0001344ADF82C3029460198FFF72BFD03E058
:1057F000114409B2B942F3D0013D083CADB2D3E740
:10580000B942F9D1BDF92C10B4F9A8309942F3D1BD
:10581000B4F8AA30BDF82E101F183FB2BA4205D115
:10582000ADF82A000B44ADF82E30DCE70A4412B282
:105830009042E1D1F6E7BBF8EC60072E4FEAC604D0
:1058400012D8751CBDF92800BDF92A10ABF8EC5030
:10585000019DBDF92C202C44BDF92E3025F83600D1
:105860006180A280E38081E50BF1AC03013E5C44E2
:105870006FF0004A4FF0FF3700250593B4F9A830C8
:10588000721E02939146B4F9AA30049304F1A40362
:10589000B9F1FF3F18680DF1300C079216BF05995A
:1058A000DDF80CE001EBC90E0693BEF80610BEF859
:1058B000048018FB01F85968ACE8030071460CA895
:1058C000FFF76AFBBDF83610BDF834004FF0080C46
:1058D000049B029A10FB01F002FB0388A0EB080175
:1058E00090FBFCF0884220DC5145DDE9063203DA0A
:1058F000D9B18A464F46354609F1FF3919F1020FF1
:10590000C6D116460132A4F10804B7D1019BACB24E
:10591000ED0058197B1C0BD101460398FFF73CFBA7
:1059200021460198FFF78EFCB6E44F463546EDE779
:10593000019BFF005D44D9195F44FFF72DFB039BDA
:1059400003CB039BC7F8AC00C7F8B01055F8AC0FF9
:10595000696803C3E4E700BF2DE9F04F00F59876CE
:105960009BB004463046FAF73AF9054648B9236831
:1059700020461B6C96E806009847C4F83051C4F8DE
:105980003451C54B1B68002B3FD0C44D2846FAF755
:1059900026F90646002838D12846FFF791F92368F2
:1059A000296820461B6C6A6898472E806E80AE80FE
:1059B000EE800DF12408BA4D4046FFF7E7FB2E8834
:1059C000B4F8EC7004F1AC003346BB4224D2BDF80D
:1059D0006410072916D800EBC30230F93390B2F9EE
:1059E00002A0B2F904E0B2F906C04A1CADF8642086
:1059F00008EBC10228F83190A2F802A0A2F804E056
:105A0000A2F806C001339BB2DFE7B4F8EC30002BFC
:105A1000CFD11BB0BDE8F08FB4F82E31B3420CD912
:105A200004EBC603226801362046176CD3F8EE104B
:105A3000B6B2D3F8F220B847EEE79A4A1368914617
:105A400093F84830012B40F0E08029880026B4F814
:105A5000EC7004EBC103AE338F4203F108030ADD9F
:105A600033F8042C013133F8080C024412B2964288
:105A7000B8BF1646F0E78C4BDFF828921B880F2B37
:105A80008CBF4FEAD30B4FF0010B0023CDE9053358
:105A9000BDF81670BDF81A00824B384407B218687A
:105AA000B742036880F28380D3F89C30984707EBB5
:105AB0000B03984207DAB04205DA87426CDD002F0B
:105AC0006ADD304604E08742FBDCB042A8BF3046C6
:105AD000764BC01B0022ADF81670B3F900302F884A
:105AE000ADF81420ADF81830ADF81A00B4F8EC3069
:105AF000BB42CDD904EBC70207AB52F8AC0F5168DB
:105B000003C305A907A8FFF7AEF900284CD0BDF9DB
:105B10001C00BDF91420BDF820A086469042BDF9B6
:105B20001E105044BDF818A0B8BF9646BDF91630F7
:105B3000524480B299428C4692B20293B8BF9C46BE
:105B400003B20FFA82FAADF81CE0ADF81EC053455F
:105B5000B8BF0246029BA2EB0E02ADF82020BDF8B2
:105B600022201144BDF81A20134489B29BB208B216
:105B70001AB29042B8BF0B46A3EB0C03ADF822302B
:105B800007A8FAF72CF820B9236807A920469B6CD0
:105B900098470137BFB2A9E7D9F80000012103688F
:105BA000D3F89830984773E7CDE90700E8E75B6AD8
:105BB00098473F4B1B78002B3FF42BAF002304F199
:105BC000EE00A4F82E312B88BDF86450AB42BFF430
:105BD00020AFB4F82E11072914D808EBC30238F906
:105BE00033E0B2F902C0B2F90470B2F906604A1C9F
:105BF000A4F82E2100EBC10220F831E0A2F802C087
:105C00009780D68001339BB2E0E7022B40F03381CE
:105C1000284B04F1AC0A1B78012B00F098802A88ED
:105C2000B4F8EC10013292B20029C2D0B4F8AE60E0
:105C30009446B4F8B2304FF000091E4436B21FFA51
:105C40008CF34FEAC907994240F2BE80274404EB27
:105C5000CC0EB7F9AE30BEF9AE00834240F3A0805F
:105C6000BEF8B260E146064436B29E42A8BF1E4668
:105C70000CF1010CE3E70AD16245B6F9B200BEF9B6
:105C8000B210B8BF62468842B8BF1F4686E08A425B
:105C9000B8BF0A4682E000BFAC600120B8600120B6
:105CA000440000206C600120606001205E600120E3
:105CB0006860012062600120A11907AB51F8AC0FA8
:105CC000496803C3BDF9203007A8BDF81C10132B89
:105CD0000B44D8BFBDF91C209B1AADF81C20ADF8B1
:105CE0002030FFF707F807A8F9F779FF78BBBDF96F
:105CF00022C02644D9F80000BCF1140FBDF82030B2
:105D0000D0F800E0A8BF4FF0140CBDF81E20BDF87D
:105D10001C101FFA8CFCCDF800C0DEF890B0D847FC
:105D20008346ADF8220007A8FEF7CAFF2368204685
:105D300007A99B6C9847B6F8B000A0EB0B0000B227
:105D4000A6F8B00018B9B9B25046FFF77BFAB4F81C
:105D5000ECB0BBF1000F3FF42CAF2B880027B4F957
:105D6000AC2001339BB299B2FE008B45A4D92644E6
:105D700004EBC30EB6F8AC10B6F8B000BEF9ACC078
:105D80000844BEF8B010614400B209B28842BFF6C0
:105D900072AF844562461F46B8BF02460133E2E750
:105DA0000ED1BEF9B000BEF8B2E0B7F9B0707344DE
:105DB0001BB29E42A8BF1E468742B8BFE14657E7C6
:105DC0008642A8BF064653E70AEB07002744B7F907
:105DD000B2B0BBF1130FDCBFB7F8AE605E44CDE9E3
:105DE0000221D8BF36B2F9F7FAFEDDE90221002818
:105DF0007FF41AAFB7F9AE201FFA8BFBADF8220083
:105E0000B61A2948B7F9AC10142EB7F9B0300068AB
:105E1000A8BF1426ADF81C10ADF81E2089B2ADF84D
:105E20002030B6B2D0F800C092B25E4594BF009662
:105E3000CDF800B09BB2DCF89060B0472368ADF8B5
:105E4000220007A99B6C20469847BDF82210B7F89E
:105E5000B230B7F8AE205B1A0A441BB2A7F8AE20E6
:105E6000A7F8B230002B7FF4DAAE1FFA89F1504662
:105E7000FFF7E8F9D3E62E88B4F8EC30B3427FF6AA
:105E800098AE04EBC60207AB52F8AC0F516803C3DF
:105E900007A8F9F7A4FE20B9236807A920469B6C40
:105EA00098470136B6B2E7E76C600120034B002249
:105EB0001A805A809A80DA80704700BFB86001204B
:105EC0002DE9F04F9DB0064614468A4603A81D46AC
:105ED00001F0A8F83368304642F20B0BDB6C9847B0
:105EE0003368074630461B6D98472A4600252146F1
:105EF00000903B462C46A946A84603A801F0E5F8C9
:105F0000002302934FF6FF639C4202D05C4518BF0A
:105F1000254602AB3246514603A801F0CBFB0446AE
:105F200008B10A280AD1C14538BFC1464FF0000860
:105F3000002CE5D148461DB0BDE8F08F029A002A3A
:105F4000DED0577B294633687F0094885B6C07F46A
:105F50008070977A074330469847384480441FFA48
:105F600088F8E5E708B50368DB68984728B1437B04
:105F7000807A5B0003F48073184308BD0EB4F0B55B
:105F80009EB0054623AB05A853F8044B039301F0DC
:105F900049F82B682846DB6C98472B68064628464C
:105FA0001B6D9847334621461EAE00240090039A8D
:105FB00005A801F08AF846F8684D2A46334621467E
:105FC00005A801F077FB00B30A281AD0049FC7B1D7
:105FD000787B3B7AC100EA8801F48071194343065B
:105FE0004FEA001048BFA1F5007300F4807048BF6D
:105FF00019B2FB79034313445B1A1BB29C42B8BF2E
:106000001C4633462A460021DAE7A0B21EB0BDE89E
:10601000F04003B07047437A8088184480B27047DC
:1060200003681B6B18470EB470B59DB0044621ABD6
:1060300003A853F8045B029300F0F4FF23682046A2
:10604000DB6C98472368064620461B6D0124984761
:10605000334600902946029A03A801F036F803A8B7
:1060600001F0F4FBA3B238B10A2803A804BF01333E
:106070001CB201F0EBFBF5E718461DB0BDE870401F
:1060800003B070470EB4F0B59EB0044623AB05A82C
:1060900053F8045B039300F0C5FF23682046DB6CD4
:1060A00098472368064620461B6D98473346294685
:1060B0000090039A05A801F008F81EAD002147F6EC
:1060C000FF76224605A845F8681D2B4601F0F2FA36
:1060D000D8B10A2812D0049880B1477BE288FB002F
:1060E00003F48071037A0B43790644BFA3F5007370
:1060F0001BB2D31A1BB29E42A8BF1E462B46224695
:10610000002105A801F0D6FAE2E730461EB0BDE84E
:10611000F04003B0704713B503680024B0F90810CD
:10612000B0F90A20ADF8041069461B690094ADF877
:106130000620984702B010BD38B50B680C460546DE
:10614000DB689847236820462946DB6A984728463B
:1061500038BD10B40A88848822440A804A88C488DA
:1061600022444A80406920B103685DF8044BDB6A31
:1061700018475DF8044B704770B582880C460B8851
:10618000054613440B804B88C28813444B80011D85
:106190002046F9F7E1FCB4F90430002B0BDDB4F92B
:1061A0000630002B07DD686928B1036821469B6A29
:1061B000BDE87040184770BD70B582880C460B88EA
:1061C000054613440B804B88C28813444B80011D45
:1061D0002046F9F7C1FCB4F90430002B19DDB4F9FD
:1061E0000630002B15DD686928B1036821461B695C
:1061F000BDE870401847074B1B6804339D4208D127
:10620000FEF710FF0368216862681B6CBDE87040F0
:10621000184770BDB060012070B5044616460D46A3
:1062200001B992B1236820469B699847E288A1880A
:1062300020463244294412B209B2E3F755F82368E4
:1062400020469B69BDE87040184770BD10B500231B
:1062500004460846B1F908102380B0F90A2063808B
:106260000368A1802146E280DB6A9847204610BD82
:10627000044A02600022C0E90122C0E90322C0E909
:1062800005227047784004082DE9F04F044687B096
:1062900096468068228BB6EE006A0591511C2183D8
:1062A000012181548946B3F90020608B06EE902AC3
:1062B000E2684518F8EEE66A02EB80026583C2EDFB
:1062C000006AB3F90220608B07EE102AE2684518D5
:1062D000B8EEC77A02EB80026583181D0D4682ED89
:1062E000007ABEF8002003920022134694460192E1
:1062F0000292B4F81880059E08F10107D4F808A0AE
:106300008E42BFB20AEB080B40F3B680039BB0F994
:1063100000C043FA05FB0BF0010B5FFA8BF304930B
:10632000B0F90230BBF1000F57D007EE90CA2783B7
:10633000F8EEE75A07EE903AF8EEE77AB9F1000F77
:1063400028D04FF002060AF80860B4F81A80E7680F
:1063500008F1010907EB8807A4F81A90C7ED005A65
:10636000B4F81A80E76808F1010907EB8807A4F878
:106370001A90C7ED007A0135102D06D1029D013526
:1063800002953EF815500395002501310430DDF8E3
:106390001090AEE74FF005069DED015A0AF808602F
:1063A000B8EEC55AB4F81A80E76808F1010907EB9E
:1063B0008807A4F81A9087ED005A05EE102AB4F861
:1063C0001A80E768B8EEC55A08F1010907EB88079B
:1063D000A4F81A9087ED005AB7E7B9F1000F47D13A
:1063E0004FF00506DDED017A27830AF80860F8EE24
:1063F000E77AB4F81A80E76808F10109019E07EB13
:106400008807A4F81A906644C7ED007A07EE902A30
:10641000B4F81A801A44E768F8EEE77A08F101093F
:1064200007EB8807A4F81A90C7ED007A07EE906A88
:10643000B4F81A80F8EEE77AE76808F1010907EB8B
:10644000880767EE867AA4F81A90C7ED007A07EEFF
:10645000902AB4F81A80F8EEE77AE76808F10109A3
:1064600007EB880767EE867AA4F81A90C7ED007AE2
:106470001A46CDF804C07EE7B9F1000F28D007EE28
:1064800090CAF8EEE77AF4EE676AF1EE10FA08D1F6
:1064900007EE903AF8EEE77AB4EE677AF1EE10FA8A
:1064A00016D0022327838BF80030628BE368511CDF
:1064B00003EB82036183C3ED006A628BE368511CC6
:1064C00003EB8203618383ED007A07B0BDE8F08FB0
:1064D0000523DDED017A27838BF80030F8EEE77AAB
:1064E000618BE3684D1C03EB81036583C3ED007A88
:1064F00007EE902A618BE368F8EEE77A4D1C03EB18
:1065000081036583C3ED007ACFE700002DE9F045F4
:1065100004468FB01F4688461546169E9DF864A017
:10652000E3F79EFE6060002F00F0E880002800F096
:10653000E58005A800F0F9F8336830469B6D984770
:106540000246014605A800F0F4F86068BAF1030FAE
:1065500017D8DFE80AF0024C739D03682A464146CB
:106560009B689847DDED1B7AF8EEE77A17EE902AE4
:10657000DDED1A7AF8EEE77A05A817EE901A00F02A
:1065800053F9606805A90025BE1C03685B6B98473A
:1065900060681799036841F07F419B6A984760687B
:1065A0009DF860100368DB6A984760680221036801
:1065B000DB6898473F8804F11003A56104F10802E5
:1065C00004F1140104F10C00E3F7A4F9AF4240F325
:1065D00086803188B21C2046013501F10F03C3F3D8
:1065E000071302EB4303FFF74FFE0646EEE7B5F94C
:1065F0000620B8F8043069889B1AADF8102003AA69
:106600005B1A4146ADF80C302B88ADF80E30AB88E4
:10661000ADF8123003689B6898473A4905A800F026
:10662000B1F8B8F904101B9BDDED1A7AC91AF8EE1F
:10663000E77A17EE902A07EE901A9BE7B5F9042047
:10664000B8F8043029889B1AADF8102003AA5B1A09
:10665000B5F906106D88ADF80C30B8F80630ADF815
:1066600012105B1A41465B1BADF80E3003689B6845
:106670009847254905A800F085F81B9BB8F9062026
:106680001A99D21AB8F9043007EE902A591ACEE7AF
:106690006B88B5F90420ADF80C30B8F806302988BD
:1066A0009B1AADF8122003AA5B1A4146ADF80E30D2
:1066B000EB88ADF8103003689B689847134905A82C
:1066C00000F060F8B8F906201A9BD21A07EE902A5B
:1066D000F8EEE77A17EE902ADDED1B7A4AE760685C
:1066E0000021228B03680191618B00911D6AD4E91E
:1066F0000213A84760680368DB6998470FB0BDE8DC
:10670000F08500BF0000B44200003443000087431E
:1067100000234FF07E52436002608360C3600261D9
:1067200043618361C3610262704708B5FFF7F0FF00
:1067300008BD06EE901AD0ED007A07EE102A67EE3B
:10674000A67AC0ED007AD0ED017A67EEA67AC0EDA8
:10675000017AD0ED027A67EEA67AC0ED027AD0ED2A
:10676000037A67EE877AC0ED037AD0ED047A67EE9C
:10677000877AC0ED047AD0ED057A67EE877AC0EDAE
:10678000057A704707EE101ADFED257A67EE277A53
:106790009FED247A10B52DED028BC7EE878A044653
:1067A00018EE900A11F000FC08EE100A18EE900A9C
:1067B00011F046FC94ED036A07EE100A94ED004ACE
:1067C000D4ED046A67EE467AD4ED014A26EE086AF3
:1067D00094ED025AE8EE047AA7EE046AC4ED007A5A
:1067E00067EE667A66EE886A84ED036AE8EE247ADC
:1067F000E7EE246AC4ED017AD4ED057AC4ED046AAB
:1068000067EE675A67EE887AE8EE055AE7EE057A92
:10681000BDEC028BC4ED025AC4ED057A10BD00BF79
:10682000DB0F49400000344306EE901A90ED065A03
:10683000D0ED007A07EE102AD0ED075AE5EE267A61
:1068400090ED086AC0ED007AD0ED017AE5EEA67A07
:10685000C0ED017AD0ED027AE6EE267AC0ED027A3A
:10686000D0ED037AE5EE077AC0ED037AD0ED047A35
:10687000E5EE877AC0ED047AD0ED057AE6EE077A88
:10688000C0ED057A704707EE903A91ED017A06EE79
:10689000902A91ED006A27EE877A10B5A6EE267A47
:1068A00091ED026A37EE067A80ED007A91ED047A76
:1068B00067EE877A91ED037AE7EE267A91ED057A15
:1068C00077EE877AC0ED017A10BD000030B5838085
:1068D000BDF80C309DF81850C3809DF81030416110
:1068E00003729DF8143002834372837A65F30603C2
:1068F0009DF81C5065F3C71383729DF82030C37256
:106900009DF824300373BDF82830C381BDF82C30C6
:106910000382014B036030BD8C400408F0B544692C
:10692000BCB3A388028BCB1A02F1FF3231D493425D
:106930000CDD0E2303FB02439B885B1AD31A9A4299
:1069400027DB002BBCBF022392FBF3F300250E26AE
:1069500095421EDC06FB03408788B9421AD00DD24F
:106960005A1E954215DC30F80A3C5B1AD31A9A423B
:106970000FDB9D42ECDD53195B10E9E75D1CAA4279
:1069800007DB438ACB1A2B449D4202DC9A42DFDAB2
:10699000F1E70020F0BDF8B5044617461E4611B9D0
:1069A00000252846F8BD0A29FAD04FF6FF62914229
:1069B000F6D042F20B029142F2D0FFF7AFFF05464C
:1069C00050B9236820461B69984701462046FFF7C7
:1069D000A5FF05460028E3D0236829462046DB6D45
:1069E0009847386023682046DB6B98473070D8E7BB
:1069F00000207047012070470220704770477047A1
:106A00007047704710B504460C2110F0E1FB20469A
:106A100010BD10B50446102110F0DAFB204610BD61
:106A200010B504460C2110F0D3FB204610BD10B564
:106A300004463C2110F0CCFB204610BD30B50D467D
:106A4000016B87B0044601B301A8FFF7FFFB2A8959
:106A5000BDF804302879D21AA38EB5F906101A446D
:106A60006B89BDF806508DF810005B1BE58E206B1E
:106A70002B44074DADF8121003A90395ADF814206F
:106A8000ADF8163003689B6C984707B030BD00BF67
:106A90001C4104082DE9F041036B8AB004460D4601
:106AA00013B10B79002B44D004F1040803A841462C
:106AB000FFF7CCFB2B79BDF90C70BDF90E6083B9E3
:106AC00004F136032A89E9884046921B0193C91BC9
:106AD00004F1340312B2009309B204F13003F8F761
:106AE00059FF216B29B305A8FFF7B0FBBDF81420AF
:106AF0002B7907A9BF1AEA88206B1744A28E8DF85C
:106B000020301744BDF81620B61A2A89ADF8227035
:106B10001644E28E1644084AADF824600026079217
:106B2000ADF8266003685B6C98472B790BB1C4E91C
:106B30000C660AB0BDE8F081F44004082DE9F0418C
:106B40000C46016B88B0054600296DD06846FFF7FA
:106B50007DFBA98EE388BDF900800B44BDF902706E
:106B60001BB2434531DBBDF804C0C4440FFA8CFCB2
:106B700063452ADAEA8E2689164436B2BE4224DB01
:106B8000BDF80600384400B286421EDA6389194413
:106B900009B2414508DB614506DAA3891A4412B2FD
:106BA000BA4201DB824210DB214B04A9286B04931B
:106BB00002238DF814300023ADF81630ADF81830EC
:106BC000ADF81A3003685B6C9847291D02A8FFF7DF
:106BD0003DFBBDF80830E088A3EB0808BDF80A309B
:106BE00021791FFA88F8DF1BB5F834C0BBB24044E6
:106BF000228967896044A4891A44EE8EB8442344EC
:106C0000ADF816003244E04433440A4C286B8DF84A
:106C1000141004A90494ADF81820ADF81A80ADF84A
:106C20001C300368DB6C984708B0BDE8F08100BFFA
:106C3000F44004080841040837B5044634F90C2F21
:106C4000013212D10025B0F90810B0F90A2003680A
:106C500000956D46ADF80410ADF8062029469B6AF4
:106C6000984795E8030084E80300204603B030BD50
:106C700013B5B0F920300446013309D10146684606
:106C8000FFF7E4FABDF800302384BDF802306384D6
:106C9000B4F9200002B010BD13B5B0F9223004469B
:106CA000013309D101466846FFF7D0FABDF800303C
:106CB0002384BDF802306384B4F9220002B010BD11
:106CC00070B5174B0546174A012145F8043B0023D0
:106CD00042600446038143818381C38103824382EE
:106CE0008382C38203628384C38480F82830436331
:106CF00080F8291080F83810C0E90633C0E90B335A
:106D0000094B2846B3F90060936B084AB2F90010AA
:106D10009847636828463146DB6B9847204670BD2C
:106D200030410408E83C0408606001205E600120F6
:106D3000094B07B5B3F900200021084B00916946C3
:106D4000B3F90030ADF80420ADF8063003689B6855
:106D5000984703B05DF804FB5E600120606001208D
:106D60002DE9F04FB1F9043089B080460C46002B74
:106D700015460EDDB1F90630002B0ADD2846FFF777
:106D80005BFF2146FEF76FF8EB6928B91D46002B23
:106D9000F4D109B0BDE8F08F04AE002B00F0B5804F
:106DA0002B68294602A8DB6898472846FFF760FF52
:106DB000BDF8087007442846FFF76EFFBDF80A309B
:106DC000BDF90C203FB21844BDF90E302146ADF894
:106DD0001420ADF812003046ADF81630ADF8107042
:106DE000F8F7BAFE2846FFF727FF06AB024696E8FB
:106DF000030083E8030011461846F8F7ADFEBDF91D
:106E00001830B4F90010BDF91AA09942BDF91CB0B0
:106E1000BDF91E900BD1B4F90220524507D1B4F947
:106E200004205A4503D1B4F906204A456DD0BBF180
:106E3000000F65DDB9F1000F62DDB4F902201FFA21
:106E40008AF05245009012DA0193009BB4F90400D5
:106E5000ADF812209A1AADF810103146ADF81400B2
:106E60004046ADF81620EA69FFF77AFF019BB4F9B6
:106E700000209FB29A420DDAADF81020BA1AADF890
:106E800012A03146ADF814204046ADF81690EA69DC
:106E9000FFF766FF22885F44A388BFB213443AB26B
:106EA0009BB219B291420DDDDB1BADF81020ADF89D
:106EB00012A03146ADF814304046ADF81690EA699C
:106EC000FFF74EFFE28863881344009A4A449BB25E
:106ED0001FFA82F919B20FFA89F28A4215DAB4F967
:106EE0000410A3EB0903B4F90000ADF81410314607
:106EF000ADF81000ADF81220ADF81630EA6901E0E7
:106F0000EA6921464046FFF72BFF2846FFF794FE2B
:106F1000616802463346206803C311463046F8F7DD
:106F20001BFEBDF91430002B7FF733AFBDF91630CF
:106F3000002B7FF72EAF2846FFF79AFEBDF81030E2
:106F4000181AADF810002846FFF7A6FEBDF812305B
:106F50003146181AADF8120028462B689B689847EE
:106F600017E770B5061D86B00C460023314605466E
:106F700002A80193FFF76AF9BDF808302288BDF82E
:106F80000A10D21A6388B4F904005B1AB4F9061027
:106F9000ADF8102001AAADF814003046ADF8161077
:106FA00004A9ADF81230F8F7AFFE019A1AB12146E4
:106FB0002846FFF7D5FE06B070BD024630B5044640
:106FC00085B052F8080F0D466B46516803C3294639
:106FD0006846F8F7C1FD94F838302BB16946204671
:106FE000FFF7BFFF05B030BD043402A82146FFF70C
:106FF0002DF9BDF80030BDF80820694620469B1ADF
:10700000BDF80A20ADF80030BDF802309B1AADF88B
:107010000230F8F740FEE5E70B460A68011D926969
:107020001846104738B50025022304460E22037483
:10703000294645610576C5830584C5860587C587CC
:10704000A0F84050C0E90055C0E911554C3012F08D
:10705000D5FF01232046A4F85A50A4F85C50A4F8A8
:107060005E5084F8603084F86150E2F771FD20468C
:1070700038BD30B500250124436813B9036813B344
:107080004360037E43B143692BB11A881AB19A1C3D
:107090004261188830BD05764368198899B19A1CF9
:1070A00002294260F5D1037C012BE5D85A1C02333A
:1070B000027450F823304361002BDDD01B88002B75
:1070C000DAD00476D8E70020E4E70160002130B48C
:1070D00041601568856052684364029BC260017418
:1070E0004161017601870184A0F84010836430BCBF
:1070F000E2F72EBDF0B505460846F1B105F14C04A6
:107100000B4601F1080722461868083353F8041C9F
:107110002646BB4203C63446F6D118683060104696
:107120009B88B38095F859305B0103F4807195F822
:1071300052300B435B4285F85530F0BD38B50C46F4
:1071400011681046CD681946A847002808BF204698
:1071500038BD0000F8B50446154608463AB9A4F80B
:107160005A20A4F85C20A4F85E202846F8BD92F8C6
:107170000DC06FF4636793884FEA0C1606F48072B3
:10718000EE791643DA1991B2B7B21D297BD80122E4
:10719000F6108A4074490A422ED112F4607F72D0F0
:1071A00004F14C022B4605F1080E15461868083309
:1071B00053F8041C94467345ACE803006246F5D1CD
:1071C0001868CCF800009B88ACF80430B3B2B4F86F
:1071D0005C1094F85900CA1ACF1B20F0600092B2DC
:1071E000FB1A84F85420D21002F06002024384F8A3
:1071F0005920A4F85C30B8E7E38E04EB4303598CC4
:1072000040F63363994210D10368DB689847417BAD
:10721000CB0003F48072037A480643EA020344BFBA
:10722000A3F500731BB2A4F85A30B4F85A302A46BA
:1072300005F1080C3B44334404F14C069BB235463F
:10724000A4F85A301068083252F8041C37466245D8
:1072500003C73E46F6D1106838609288BA8084F839
:107260005430DB1094F8592003F0600322F06002E0
:10727000134394F85E2084F8593094F855309B1AE3
:1072800084F8553071E723F0040240F61B618A420E
:1072900003D040F61D62934220D1013B02462946AD
:1072A00020469BB2FFF74AFF417BCB00490603F41F
:1072B0008072037A43EA020344BFA3F500731BB252
:1072C000A4F85A306B7BAA7A5B0003F480731343F3
:1072D0005A1102EB9303A4F85E3035E04FEACC027A
:1072E0001CF0400F02F480712A7A42EA010240F653
:1072F00009611CBFA2F5007212B2A4F85A2023F053
:1073000010028A4203D040F61362934229D16E7B69
:107310002946760006F48072AE7A164340F6136270
:1073200093420246204616BF03F1FF3340F60C633A
:107330009BB2FFF703FF437B827A5B0003F4807309
:107340001343F61AA4F85E60697BCB0003F48072E5
:107350002B7A13434A0644BFA3F500731BB2DB1B11
:1073600047E70023B7E700BF7900C03F2DE9F043AE
:10737000044642B94FF40043A0F85A30A0F85C30FC
:10738000A4F85E3047E0517B93880D0105F48070CE
:10739000D5790543042DCCBF4FEA950E4FF0010E71
:1073A000B3F5DD6F00F2AB8040F2E760834216D2A6
:1073B00040F25B60834259D840F2576083420ED25C
:1073C000B3F5CA6F4AD240F24E60834207D240F210
:1073D0001A6083422AD021D8B3F5C26F5BD3B4F9C7
:1073E0005A3013F5004F40F0D080B4F95C0010F52E
:1073F000004F40F0CA80CB00490603F48070137A36
:1074000043EA000344BFA3F500731BB2A4F85A304B
:107410005D1BA4F85C501046BDE8F08340F24B6061
:10742000834238D340F24C608342D8D9B4F95A0031
:10743000B4F95C3010F5004F40F0F38013F5004FC5
:1074400040F0EF80CB004E0603F48070137A43EADD
:10745000000344BFA3F500731BB2D9E740F25460A8
:107460008342E3D8B3F5CA6FE0D9B8E740F274605D
:107470008342B4D02DD840F25E60834204D840F2FB
:107480005D608342D2D3AAE740F25F608342CDD0F1
:10749000B3F5CE6FA3D0CB00490603F48070137A06
:1074A00043EA000344BFA3F500731BB25D1BA4F8BD
:1074B0005A30A4F85C50537B5B0103F480719379DC
:1074C0000B4305215B0093FBF1F392F909100B4488
:1074D00056E740F2E260834209D840F2DF6083421F
:1074E000BFF47DAFA3F2D663052BD4D877E740F283
:1074F000E36083429AD040F2E4608342CAE7B3F586
:107500000F6F2BD240F6ED0083428FD240F6E5009C
:10751000834216D840F6E4008342BFF460AF40F2E5
:10752000EC6083420AD840F2EB608342BFF457AF6D
:1075300040F2EA6083423FF479AFACE740F2ED609D
:10754000F8E740F6E800834202D840F6E70098E703
:1075500040F6E90083427FF442AF67E740F6F60069
:1075600083423FF463AF02D840F6F200F2E740F600
:10757000FA00834205D840F6F9008342FFF42FAFAA
:1075800054E740F6FE008342AFE704F14C0C174687
:1075900002F1080866463868083757F8041CE646C2
:1075A0004745AEE80300F446F5D13868CEF8000050
:1075B000B988AEF80410B4F95E0010F5004F09D098
:1075C000517B9279490101F480711143A0EB510084
:1075D00084F8550013F5004FADB20DD02B4494F84C
:1075E00059209BB222F0600284F85430DB1003F083
:1075F0006003134384F8593094F85910CB004F06B8
:1076000003F4807294F8543043EA020344BFA3F5B4
:1076100000731BB2A4F85A305B1BA4F85C303246EE
:10762000F9E604F14C0C174602F108096646386881
:10763000083757F8041CE0464F45A8E80300C44645
:10764000F5D13868C8F80000B988A8F80410B4F972
:107650005E0010F5004F09D0517B9279490101F489
:1076600080711143A0EB510084F8550013F5004FD1
:107670000ED0A3EB0E0394F859209BB222F06002C7
:1076800084F85430DB1003F06003134384F859305E
:1076900094F85910CB00480603F4807294F85430E3
:1076A00043EA020344BFA3F500731BB25D1BA4F8B9
:1076B0005C50B4E72DE9F0411E46C38E04461746E0
:1076C00000EB4303B3F82280E2F700FA054618B94D
:1076D00030602846BDE8F0813B6801463846DB68EB
:1076E0009847A8F5C06302463060B3F5407F13D2D7
:1076F000434639462046FFF739FE3060336843B1D0
:107700005A7B9B7A520002F4807213430CBF012310
:10771000002384F86130DCE7A5F560639BB27F2B22
:1077200004D839462046FFF715FDE6E794F86130A6
:10773000002BE3D040F602139D42DFD101462046E4
:10774000FFF7D8FCD9E72DE9F8431E46C38E04465F
:10775000174600EB4303B3F82280E2F7B7F905467A
:1077600018B930602846BDE8F8833B6801463846C2
:10777000D3F80890DDE90823C847A8F5C06302469E
:107780003060B3F5407F13D2434639462046FFF7B9
:10779000EDFD3060336843B15A7B9B7A520002F4AE
:1077A000807213430CBF0123002384F86130D9E7B2
:1077B000A5F560639BB27F2B04D839462046FFF7BE
:1077C000C9FCE6E794F86130002BE3D040F60213E1
:1077D0009D42DFD101462046FFF78CFCD9E710B56A
:1077E0000446B4F84010238FE1B10A2B2DD0E28F6C
:1077F000013904EB4200408FA4F84010511C89B2BB
:1078000001298ABF02F1FF32E187E2875A1C2287F1
:10781000E28E13449BB2092B88BF0A3B04EB43035F
:107820005884DEE7238F0A2B0FD02046FFF721FC78
:10783000238F5A1C2287E28E13449BB2092B88BFE8
:107840000A3B04EB43035884ECE710BD38B5C38E04
:10785000044600EB4302558C028F013A02875A1C02
:1078600092B2092A8ABF093BC286C386FFF7B7FFD7
:10787000238C012B9CBF01332384E38B0BB90223A0
:10788000E383E38B2846013B9BB2E38304EB430491
:10789000658338BD8A422DE9F047C78E32D9058FFE
:1078A000541AB0F84080EE191FFA84FEB0F83EC0BA
:1078B000013EB4B2A4EB0E091FFA89F9092C264641
:1078C00088BFA4F10A06BCF1000F04F1FF3408BF21
:1078D0004FF0020C00EB4606A4B20CF1FF3CB6F8E8
:1078E00022A04C451FFA8CFC00EB4C06A6F83AA0EF
:1078F000E4D1A5EB0E050EEB0804A0F83EC0058709
:10790000A0F84040048F0A25641A394489B20487DC
:10791000092988BF0A39C1868AB1018F013A01312C
:1079200092B233F812400187C18E01B9C586C18E6B
:10793000013989B2C18600EB41014C84ECE7BDE816
:10794000F047FFF74CBF70B50025954211D0C48BAE
:1079500031F8026B1444013C641BA4B2012C88BFB3
:10796000023C00EB4404648BB44217D10135ADB244
:10797000EBE7BDF8102000241344A2B29A420FDABC
:10798000C68E31F814500134324492B2092A88BFAD
:107990000A3A00EB4202528CAA42EED0002070BD9F
:1079A0000120FCE72DE9F74F054616468C1C098897
:1079B0004FEA113A34F81A30B34224D1C1F3032903
:1079C000C1F3031801F00F075246CDF800804B4673
:1079D00021462846FFF7B7FF834668B10AEB090145
:1079E0003A462846414404EB41034946FFF752FF1B
:1079F000584603B0BDE8F08F07EB0A014944414403
:107A000004EB4101D2E74FF0000BF1E770B51088AD
:107A1000984217D8481E32F82000984212D300240A
:107A20008C420FD26018401032F820608500B342BB
:107A300002D9013084B2F3E701D281B2F0E72A44DF
:107A4000508870BD0020FCE72DE9F041456C0446EC
:107A50000B266F887F08013E13D0E38E2A463946F5
:107A6000204604EB4303B3F822804346FFF7CEFFE2
:107A700038B105EB400142462046FFF793FF00284E
:107A8000E9D1BDE8F081000070B54A698D6A4B68A4
:107A9000541BCE6A00F006819B1B03D06343102267
:107AA00093FBF2F30C688A69651B00F0FD80921B62
:107AB00003D06A43102492FBF4F29B1A9FED894A8B
:107AC000B7EE007A0A4607EE903A00F10C0403463E
:107AD000F8EEE77A67EE847A87EE273AB1EE436AEA
:107AE000D2ED027A1432C7EE276AE3EC016A9C42B7
:107AF00052ED027A67EEA67AC3ED027A52ED017A70
:107B000067EEA67AC3ED057AEAD1CA6A8B69D0ED31
:107B1000024A9B1AD0ED003AD0ED016A07EE903A86
:107B20004B6876EEE46A90ED055A9B1AF8EEE77A18
:107B300073EEE44A90ED032A07EE103AD0ED045AB2
:107B400067EE847A90ED071AB8EEC77AD0ED062A70
:107B500075EEC55A64EEE77A27EE047A32EE455A9E
:107B6000E6EE877A67EE837AC0ED097A8C6A4A6915
:107B7000131B07EE103A0B68B8EEC77A1B1B27EEF3
:107B8000047A64EEC74A07EE103AB8EEC77A27EED9
:107B9000047AE6EE874A64EE864AC0ED0A4ACA6A6B
:107BA0008B699B1A06EE903A4B689B1AF8EEE66AD0
:107BB00007EE103A66EE846AB8EEC77A65EE666A3A
:107BC00027EE047AE5EE876A66EE836AC0ED0B6AFB
:107BD0008C6A4A69131B07EE103A0B68B8EEC77A35
:107BE0001B1B27EE047A25EE475A07EE103AB8EE33
:107BF000C77A27EE047AA5EE875AD0ED085A31EEFF
:107C0000651A72EEE55A25EE065A80ED0C5ACA6ADC
:107C10008B699B1A07EE103A4B689B1AB8EEC77A2D
:107C200001EE903A27EE047AF8EEE11A25EEC77AD3
:107C300061EE841AA1EE217A27EE037A80ED0D7AA7
:107C40008C6A4A69131B03EE103A0B68B8EEC33A0C
:107C50001B1B23EE043A65EEC35A03EE103AB8EE4E
:107C6000C33A23EE044AE1EE045A25EE866A62EE38
:107C7000675A80ED0E6AE3EEA65AF5EEC05AF1EEB1
:107C800010FA13DD4FF4004362EEE77AC363E3EECC
:107C9000877AF5EEC07AF1EE10FA15DD4FF4004365
:107CA000036470BD2346FDE62A4606E702D547F683
:107CB000FF73E9E722EE642AA3EE852AB5EEC02A17
:107CC000F1EE10FADEDAF2E702D547F6FF73E7E7E6
:107CD00062EEE44AE3EE864AF5EEC04AF1EE10FAAF
:107CE000DCDAF2E70000803D2DE9F04714275F431E
:107CF00002EB070CDCF8045015F10F0E00F1A28026
:107D00004FEA2E1E089C1426C0F814E0664302EBCE
:107D10000608D8F8045015F10F0400F19F802411D3
:107D2000A4EB0E048461002C00F08A80DCF804903F
:107D3000D8F804409559A4EB0908D459A5EB040AD6
:107D40004FEA08164FEA0A150EFB05FE0AFB19EE6C
:107D500008FB04E4013CA41900F18C8094FBF6FEBE
:107D600006FB1E44C0F800E00461002DC0F29580BF
:107D700095FBF6F406FB145544608560C66001EB84
:107D80008303DCF804404569D259C4EB0514DFEDE8
:107D90004B6A91ED0A6A07EE104A0468C2EB0412BE
:107DA000B8EEC77A07EE902A27EE267AF8EEE77A41
:107DB00067EEA67AD3ED006AE6EE076A91ED096AEE
:107DC000E6EE276AC0ED076AD0ED016AD1ED095AE7
:107DD000F8EEE66A91ED0A6AA6EEA56A80ED086AF9
:107DE0004A6A4262D1ED0C5A93ED036AA5EE876AA6
:107DF000D1ED0B5AA5EEA76A80ED0A6AD1ED0B5AB8
:107E000091ED0C6AA6EEA56A80ED0B6ACA6A026360
:107E100093ED066AD1ED0E5AA5EE876AB0EE467A6A
:107E200091ED0D6AA6EE277A80ED0D7A91ED0D7A2F
:107E3000D1ED0E7AE6EE877AC0ED0E7A4B6BC36316
:107E4000BDE8F0871024C5F101059EFBF4FE15F096
:107E50000F0518BF0125AEEB050E53E74FF01009D3
:107E6000C5F1010594FBF9F415F00F0518BF0125C4
:107E7000641B55E7644294FBF6FECEF1000806FB56
:107E80001E44C0F800800461002C3FF46EAF6FEA1E
:107E90000E0E341BC0F800E066E76D4295FBF6F469
:107EA000C4F1000E06FB1455C0F804E08560002DF7
:107EB0003FF464AFE443751B44605EE70000803D1F
:107EC000024648B1002398B2013302EB430131F876
:107ED000021C0029F7D17047704730B5044659B1EC
:107EE00048B1002398B2824205D9CD5C24F81350E2
:107EF0000133002DF6D130BD0846FCE7F0B58BB05C
:107F00008C46044600211F2601AF8DF82410711EF7
:107F100094FBF3FE03FB1E4484EAE475A5EBE475D1
:107F2000ECB2092DD4BF30345734E4B2BC5574469A
:107F300074B9002805DA0AAB19442D2301F8243C52
:107F4000B11E013160463944FFF7C7FF0BB0F0BDE9
:107F50000E46DCE7F0B58C468BB0002101AE8DF803
:107F600024101F21B0FBF3F703FB17053846ECB2D2
:107F7000092DD4BF30345734E4B28C554C1E2FB980
:107F800031446046FFF7A9FF0BB0F0BD2146E9E799
:107F90002DE9F04F85B09146026888461C469DF851
:107FA00040109DF848308346104603910293019299
:107FB000FFF786FFB8F1000F0CBF844600F1010CFB
:107FC000B9F1690F9DF838600F9F1FFA8CFC139D63
:107FD000DDF854A00399DDE9012341D034D8B9F18B
:107FE000630F59D0B9F1640F3AD0B9F1580F34D0BA
:107FF0000024BDF85020013A69B111998C4509DA85
:10800000A1EB0C0189B233B9002E51D000284FD01A
:108010000C44A4B200212B68934207DAB8F1000F98
:1080200004D02AF813802B6801332B603027002CF2
:108030004ED02E68013CB242A4B249DD2AF8167037
:108040002B6801332B60F2E7B9F1730F1DD0B9F142
:10805000780F02D0B9F16F0FC9E784464FF00008DE
:10806000002CC6D047B9012806D11488302C02BF95
:1080700002323846CBF80020BC4514DABFB2A7EB79
:108080000C04BC46A4B20026B3E784466CB1B842E7
:1080900000DDB8B2002403E04FF0010C002460467C
:1080A0002646A046A5E70024EDE72646A046A0E721
:1080B0000029B0D020272E680029ACD00139964283
:1080C00089B2A7DA2AF816702B6801332B60F2E721
:1080D00088B12B6801389A4280B20CDDDBF80030A1
:1080E0009C1CCBF800401C882B682AF813402B6896
:1080F00001332B60ECE7202651B128680139824218
:1081000089B205DD2AF810602B6801332B60F3E794
:1081100005B0BDE8F08F2DE9F0430024DDE9078CC0
:10812000DDE909E6DDE90B7514801C7088F8004074
:108130008CF800408EF800403C700468A4B124889C
:108140004FF0010914B32B2C01D0202C10D1148036
:1081500004680CB1023404600C680CB101340C608A
:1081600004687CB12488EDE70C687CB12478E7E7EB
:108170002D2C02D183F80090EAE7232C07D188F850
:108180000090E5E70C680CB12478DBE70024A4F14B
:108190003003092B01D92A2C22D10123302C8EF84F
:1081A00000300DD18CF8003003680BB1023303604E
:1081B0000B680BB101330B600368002B2FD01C88B8
:1081C0002A2C35D14FF0FF33336003680BB10233F3
:1081D00003600B680BB101330B6003681BB31C8891
:1081E0002E2C1AD101233B7003680BB102330360BC
:1081F0000B680BB101330B600368002B36D01B8872
:108200002A2B37D14FF0FF332B6003680BB10233B9
:1082100003600B680BB101330B60BDE8F0830C68A1
:1082200034B12478CCE70B68002BF6D01C78D7E764
:1082300000230A223360A4F1300C1FFA8CF3092BBF
:10824000CED8336802FB03C3336003680BB102333B
:1082500003600B680BB101330B6003680BB11C8822
:10826000E9E70C68002CE6D02478E4E70B680BB152
:108270001B78C5E700220A242A60303B2A689EB298
:10828000092E13D804FB02332B6003680BB10233B1
:1082900003600B680BB101330B6003680BB11B88E3
:1082A000EBE70B68002BE8D01B78E6E7062AA8BFAF
:1082B00006222A60B1E72DE9F04FA3B00026074659
:1082C00088460DF1440931462C9C48460D96CDE96F
:1082D0000832422211F092FE5FB108F1FF3A099A8A
:1082E0000D9B52B112880AB19A452EDC002227F864
:1082F0001320384623B0BDE8F08F089A002AF5D045
:108300001278F0E7002DEAD02A7842B1252A01D070
:108310009A4508DCBBF1000F21D1002DDFD02A786F
:108320004FF0000B1DE0BBF1000F77D0BBF8002031
:1083300027F81320BBF1000F02D00BF102020992C3
:108340000DB10135089501330D930D9BDDE9085BF7
:10835000BBF1000FD6D0BBF80020002AD6D1BBF865
:108360000020002ABBD09A45B9DDADF832608DF807
:108370002D608DF82E608DF82F608DF830600E9690
:108380008DF831600F96BBF1000F02D00BF10203A4
:1083900009930DB16B1C08930FAB0DF1320208A9C4
:1083A00009A805930DF1310304930EAB03930CABB5
:1083B00002930DF12F0301930DF12E0300930DF1A4
:1083C0002D03FFF7A8FE0E9B002BBFBF23680434CC
:1083D00023EAE3730E930F9B002BBEBF2368043484
:1083E00023EAE373DDE90821B8BF0F93D9B10B8805
:1083F000692B1FD02FD8582B1CD018D8252B34D040
:108400000D9BCDE9085BBBF1000F00F0B780BBF816
:10841000005027F8135001330D9329E00DB12A784D
:1084200086E72A4684E7002AEAD01378E0E7633B30
:10843000012BE5D8CDF8409029B30B88692B63D088
:1084400025D8632B38D0642B5ED0582B7AD0ADF86A
:108450004460254636E0732BECD002D86F2BCFD189
:10846000E8E7752BE6D0782BF9E70D9A27F812305C
:10847000099B0BB102330993089B002B3FF42FAFEC
:10848000013308932BE7002AE1D01378D6E7732B4A
:1084900036D007D86F2BDAD10D9A251D0823A8EB0B
:1084A000020249E0752B42D0782BD0D10D9A251DC0
:1084B0001023A8EB02023FE02368251DADF84660BB
:1084C000ADF84430099BBDF83210002B51D01A880A
:1084D0000DA89DF831302C4605909DF82D00049094
:1084E0000E9803909DF8300002900F9801909DF82F
:1084F0002F00CDE90687009010A8FFF749FDB7E7E8
:10850000251D23681093DDE70D9A0A23494620684C
:10851000A8EB0202251D92B2FFF7F0FCBDF8443033
:108520002D2BCFD1ADF83230109B0233EAE70D9AF4
:10853000251D0A23A8EB020292B249462068FFF7E4
:1085400009FDBFE70D9A102349462068A8EB0202F7
:10855000251D92B2FFF7FEFC0DF1420232F8023FF8
:10856000002BAFD0A3F161011929F7D8203B13806C
:10857000F4E7089A002AABD01278A9E7002D3FF45F
:1085800048AF2D7845E707B5009313460022FFF763
:1085900092FE03B05DF804FB0CB407B504AB53F8CE
:1085A000042B0193FFF7EFFF03B05DF804EB02B07B
:1085B00070470000014B1860704700BFD460012075
:1085C000064B1A88824207D8054B1B8813449842F1
:1085D000ACBF00200120704700207047F4600120EC
:1085E000F860012008B50146FFF7EAFF18B1024B19
:1085F0001B6853F8210008BDD8600120F0B5244C59
:108600002368002B42D0234A234D1188B5F800C0BF
:10861000224861444A1C8F0022F00102DE19120434
:1086200006601F4E120C07EB4207DA1932600E2269
:1086300002FB0CF2033222F003023A44194F1344B6
:108640003B600023184F9C463B80184F3F68BA1A86
:10865000174F3A604FF6FF77164A13808B420DD1C1
:108660002D88002330680E249D420FD904FB03029D
:108670000133117B6FF345111173F5E7226842F85E
:1086800023C0026822F813700133E7E7F0BD00BF92
:10869000D8600120F4600120F8600120EC60012026
:1086A000DC600120E4600120F6600120E060012030
:1086B000F0600120E8600120064B1B6843B939B126
:1086C000054B1A80054B1960054B1860FFF796BFE4
:1086D000704700BFE4600120F8600120E0600120E5
:1086E000D860012070B4074C05461046039A2668EE
:1086F00036B92560044C2180194670BCFFF7DCBFF9
:1087000070BC7047FC600120F4600120124A0388AD
:108710001288934207D2114A1421126801FB0323E5
:10872000B3F9080070470E49098811448B4204DAF6
:108730009B1A0C4A0E211268F0E74FF6FE72934224
:1087400008D1094B1B781BB9084BB3F900007047DF
:10875000074BFAE700207047F4600120FC6001201D
:10876000F8600120DC60012062600120646001206B
:1087700066600120124A03881288934207D2114A88
:108780001421126801FB0323B3F90A0070470E4954
:10879000098811448B4204DA9B1A0C4A0E21126894
:1087A000F0E74FF6FE72934208D1094B1B781BB9D4
:1087B000084BB3F900007047074BFAE700207047F9
:1087C000F4600120FC600120F8600120DC600120E1
:1087D0006260012066600120646001201F4A10B5BC
:1087E0000B881288934213D21D4A1421126801FB90
:1087F0000323B3F90C40B3F90E101A8A5B8AC2F353
:108800000C020480C3F30C0341808280C3800EE01D
:108810001449098811448B420ADA9B1A124A0E2124
:10882000126801FB03231A6802605A68426010BD97
:108830004FF6FE7293420BD10C4BB3F900100C4B68
:108840008180B3F900200023C28003804380EEE7DB
:108850000023038043808380D8E700BFF4600120B9
:10886000FC600120F8600120DC6001205E600120D6
:1088700060600120174A03881288934213D2164A77
:108880001421126801FB03231A8A1989C2F30C020E
:108890008A421DDB588AC0F30C005B899842ACBF4A
:1088A0000020012070470D49098811448B420DDAE0
:1088B0009B1A0B4A0E21126801FB0323B3F9041023
:1088C0001A89914204DBB3F90600E6E700207047FD
:1088D00001207047F4600120FC600120F860012055
:1088E000DC600120124A038811888B420BD2114AA6
:1088F000126812B152F82300C0B90F4A116814224D
:108900005343C85870470D4A12880A44934204DA08
:10891000084A126852F8230070474FF6FE729342DD
:1089200003D1074B1B68586C70470020704700BF8D
:10893000F4600120D8600120FC600120F860012073
:108940006C600120244B02881888824221D2234B7C
:108950001968142303FB0213586800283AD02049F1
:108960000968002936D051F82210002932D01A891E
:10897000588950435A7CDB7C5209C3F3421343EAC3
:10898000C2030B2B18BF4000033020F00300084443
:108990007047144B1B8803449A421ADA124B101A80
:1089A0000E211B6801FB0030037B03F01F030B2B20
:1089B0000BD1038940895843094B0330196820F0D3
:1089C000030351F82200184470470D2B01D10D30DC
:1089D00070470020704700BFF4600120FC60012058
:1089E000D8600120F8600120DC600120174A10B532
:1089F0000388128893420CD2154A1421126801FB95
:108A00000323587C4209D87CC0F3421040EAC200DC
:108A100010BD1049098811448B4209DA9B1A0E4A8D
:108A20000E21126801FB0323187B00F01F00EFE703
:108A30004FF6FE72934206D1E0F7A2FD0368BDE84F
:108A40001040DB6A18470020E2E700BFF460012015
:108A5000FC600120F8600120DC60012010207047DC
:108A600000207047024B1888400080B2704700BF5A
:108A700064600120FF2B50D00B2A4AD00ED8032A65
:108A80003FD004D8012A3ED03FD9C06B7047092A95
:108A90003FD03CD8082A3AD0002070472F2A24D053
:108AA0000DD82D2A14D026D82C2AF5D14B681B7846
:108AB000012B18D023D3022BEED1C0687047312A86
:108AC00004D028D3322A26D0332AE5D1406F70470C
:108AD0004B681B78012B04D00BD3022BDCD14069EF
:108AE0007047406A7047C06970474B681B78002B1D
:108AF000D2D1406B70474B681B78002BCCD1C06A39
:108B00007047C06C7047406D7047406C7047C06DD7
:108B10007047406E7047C06E70470B2A49D00ED820
:108B2000032A40D004D8012A3FD040D9006C7047B6
:108B3000092A3ED001D8082AAED1006E70472F2AEC
:108B400024D00DD82D2A14D026D82C2AA4D14B6895
:108B50001B78012B18D024D3022B9DD100697047BC
:108B6000312A04D027D3322A25D0332A94D1806FDA
:108B700070474B681B78012B04D00BD3022B8BD191
:108B800080697047806A7047006A70474B681B783D
:108B9000002B81D1806B70474B681B78002B7FF4D2
:108BA0007BAF006B7047006D7047806D7047806CC5
:108BB0007047806E7047006F70472DE9F04F87B0A7
:108BC0001D9805929DF88420019102924168DDF87C
:108BD00080E09DED115ADDED125A9DED136ADDED39
:108BE0001A7A9DED1B7A9DED223ADDED233A9DED3B
:108BF000244ADDE91E2401FB0424026802EB44043C
:108C0000DEF800200392DEF8042004320492029A77
:108C1000D643F6B2019A002A03DC059A002A40F3F3
:108C20002981149ABEF908C002F50041159ABEF9CF
:108C30000C7002F50042002B0EDD081405D46045CF
:108C400003DA101401D4B84207DB1698013B023452
:108C5000014417980244EEE771D0581E169D05FB9B
:108C600000152D145FD465455DDA179D05FB0020C6
:108C7000001458D4B84256DA9946A246BDF808B056
:108C8000B9F1000F57DD4FEA224CBEF90870039886
:108C90000D1409F1FF3907FB0C00405D049D35F808
:108CA0001000BAF800504FEA202C2F124FEAE508C6
:108CB0000CF0F80C07F0F807ED0008F0FC0817FBC3
:108CC00006F7EDB218FB06F80CFB0B7CC71015FB82
:108CD00006F5C00007F0FC071FFA8CFCC0B207FBCA
:108CE0000B8700FB0B500CF10105BFB280B205EB06
:108CF0001C2C07F10108451C08EB17280CF4784CD4
:108D000005EB102516984FEA5818C5F3C425014401
:108D100008F4FC68179845EA0C0C02444CEA080C6D
:108D20002AF802CBACE74FF00008BDF808A003EB2F
:108D30000800002841DC23EAE37304EB4304019BB1
:108D4000002B40F39780F7EE004A109B35EE035A54
:108D500075EEA35AF0EE672AC4EE856A36EE046A11
:108D6000FEEEC82ACDED142AF0EE472AFEEEC82A00
:108D7000CDED152A65EEA64A66EE266A74EEE77A10
:108D800036EEC77AFEEEC87ABEEEC87A17EE902AA3
:108D9000F0EE647A92FBF3F317EE102A1693109B11
:108DA000B0EE667A92FBF3F31793019B059A013BB1
:108DB0000193109B08BF13462CE70F1453D4DEF821
:108DC0000850BD424FDD5FEA224C4CD4DEF80C0067
:108DD000604548DD03982DB20CFB0505E85D049D58
:108DE00035F810006FF0010505FB08FB4FEA202C59
:108DF00034F80B500CF0F80C2F124FEAE50907F08D
:108E0000F807ED0009F0FC0917FB06F7EDB219FBB6
:108E100006F90CFB0A7CC71015FB06F5C00007F02D
:108E2000FC071FFA8CFCC0B207FB0A9700FB0A5034
:108E30000CF10105BFB280B205EB1C2C07F1010952
:108E4000451C09EB17290CF4784C05EB10254FEA6B
:108E50005919C5F3C42509F4FC6945EA0C0C4CEA20
:108E6000090C24F80BC0169808F1FF380144179834
:108E700002445CE707B0BDE8F08F2DE9F04F85B004
:108E80009346B7EE004A1B9E1E9D70689DED0F5ADB
:108E9000DDED105A9DED116ADDED187A9DED197A20
:108EA000DDED202A9DED213ADDED223A0091DDE94C
:108EB0001C24DDE914EC00FB0424326802EB4404BA
:108EC0002A6801926A6804320292009A002A03DC3E
:108ED000BBF1000F40F3A080129AB5F9089002F59B
:108EE0000040139AB5F90C8002F50042002B0CDD0E
:108EF000061405D44E4503DA161401D4464505DBA5
:108F000070446244013B0234F0E70FD05E1E0EFB5A
:108F100006073F1441D504EB430698460396B8F183
:108F2000000F59DC23EAE37304EB4304009B002B9E
:108F300072DD35EE225A0E9B75EE835AB0EE672A2B
:108F4000C4EE056A36EE236ABEEEC82A8DED122AFB
:108F5000B0EE472ABEEEC82A8DED132A65EEA64A6A
:108F600066EE266A74EEE77A36EEC77AFEEEC87AC7
:108F7000BEEEC87A17EE902AF0EE647A92FBF3FE0A
:108F800017EE102AB0EE667A92FBF3FC009B013BD1
:108F900000930E9B08BF5B4697E74F45BBDA0CFB7F
:108FA00006263614B7D44645B5DA1E46A046002E2E
:108FB000B8DD1714B5F908A001994FEA20496244B9
:108FC00070440AFB07170299013E17F8097031F83F
:108FD000177028F8027BEAE75FEA204917D4AE68E9
:108FE0004E4514DD5FEA224A11D4EF6857450EDD85
:108FF000019F36B26FF001010AFB0676029F16F858
:10900000096037F8167001FB08F603998F53704416
:10901000624408F1FF3882E705B0BDE8F08F2DE922
:10902000F04F87B01D9C05929DF884200291039219
:109030006168DDF880C09DED115ADDED125A9DED9D
:10904000136ADDED1A7A9DED1B7A9DED223ADDED76
:10905000233A9DED244ADDE91E2001FB0020226811
:1090600002EB40020092DCF800200492DCF80420BD
:1090700004320192039AD543EDB2029A002A03DC2E
:10908000059A002A40F32C81149ABCF908E002F5F5
:109090000041159ABCF90C7002F50042002B10DD5E
:1090A0000C1405D4744503DA141401D4BC4209DB52
:1090B000169C013B00982144179C023022440090EA
:1090C000ECE771D05C1E169E06FB041636145DD4C8
:1090D00076455BDA179E06FB0424241456D4BC4262
:1090E00054DA9846DDF80090BDF80CA0B8F1000FF6
:1090F00054DDBCF90870141404980E1408F1FF38FC
:1091000007FB0404019814F806E0B9F800400EEBE0
:109110004E0E271200EB0E0B10F80EE007F0F807CA
:1091200016989BF802609BF801B0014416FB0AF602
:1091300017981BFB0AFB07FB0567E610E4000244D7
:1091400006F0FC06BFB2E4B206FB05B614FB05F45C
:10915000B6B20EFB0A4E7C1C06F1010B1FFA8EFE06
:1091600004EB17270EF101040BEB162B07F47847DD
:1091700004EB1E244FEA5B1BC4F3C4240BF4FC6B0A
:10918000274347EA0B0729F8027BAFE74FF0000EB1
:10919000BDF80C9003EB0E04002C43DC009A23EA8C
:1091A000E37302EB43030093029B002B40F3988090
:1091B000F7EE004A109B35EE035A75EEA35AF0EE17
:1091C000672AC4EE856A36EE046AFEEEC82ACDED43
:1091D000142AF0EE472AFEEEC82ACDED152A65EED8
:1091E000A64A66EE266A74EEE77A36EEC77AFEEE97
:1091F000C87ABEEEC87A17EE902AF0EE647A92FB37
:10920000F3F317EE102A1693109BB0EE667A92FBDA
:10921000F3F31793029B059A013B0293109B08BF3F
:1092200013462AE70F1454D4DCF80860BE4250DD20
:109230005FEA22484DD4DCF80C40444549DD049CEB
:1092400036B26FF0010008FB0646019C00FB0EFAE7
:10925000009816F8078008EB480804EB080B30F874
:109260000A4001989BF8026027129BF801B016FB98
:1092700009F607F0F80710F808801BFB09FB07FB4D
:109280000567E610E400009806F0FC06BFB2E4B201
:1092900006FB05B614FB05F4B6B208FB09487C1CB6
:1092A00006F1010B1FFA88F804EB172708F10104F7
:1092B0000BEB162B07F4784704EB18244FEA5B1BE3
:1092C000C4F3C4240BF4FC6B274347EA0B0720F8D4
:1092D0000A7016980EF1FF3E01441798024459E7B0
:1092E00007B0BDE8F08F00002DE9F04F85B0B7EE74
:1092F000004A1B9E1E9D039270686F689DED0F5A79
:10930000DDED105A04379DED116ADDF850C0DDED3A
:10931000187A9DED197ADDED202A9DED213ADDEDDB
:10932000223A0191DDE91C2400FB0424326802EB9F
:1093300044042A680292019A002A03DC039A002A54
:1093400040F3CC80129AB5F9089002F50040139AC8
:10935000B5F90C8002F50042002B0DDD061405D492
:109360004E4503DA161401D4464506DB159E6044CB
:10937000013B02343244EFE70FD05E1E0CFB060EB9
:109380005FEA2E4E43D5984604EB430AB8F1000F2E
:1093900071DC23EAE37304EB4304019B002B40F3ED
:1093A0009D8035EE225A0E9B75EE835AB0EE672AE9
:1093B000C4EE056A36EE236ABEEEC82A8DED122A87
:1093C000B0EE472ABEEEC82A8DED132A65EEA64AF6
:1093D00066EE266A74EEE77A36EEC77AFEEEC87A53
:1093E000BEEEC87A17EE902AF0EE647A92FBF3FC98
:1093F00017EE102AB0EE667A92FBF3F31593019BF9
:10940000039A013B01930E9B08BF134693E7CE4599
:10941000B9DA159901FB06263614B4D44645B2DAFA
:109420009846A246B8F1000FB3DDB5F908901614BE
:1094300002994FEA204E08F1FF38604409FB0616F6
:10944000284916F80EE00EEB4E0E07EB0E0B9BF8BC
:1094500001609BF80290F60001EA0929159906F4CB
:10946000FC660A4449EA060617F80E9046EAD90651
:109470002AF8026BD6E75FEA204929D4AE684E4548
:1094800026DD5FEA224B23D4E968594520DD0FFA37
:1094900086FE02990BFB0E1E6FF001011EF809E01B
:1094A00001FB08F9A1F2FE710EEB4E0E07EB0E0662
:1094B00096F802B0767801EA0B2BF60006F4FC660B
:1094C0004BEA060617F80EB046EADB062AF80960F2
:1094D0001599604408F1FF380A4457E705B0BDE824
:1094E000F08F00BF00F8FFFF2DE9F04F87B08B46EB
:1094F000B7EE004A1D9804929DF8842041680592B9
:10950000DDF880C09DED115ADDED125A9DED136A14
:10951000DDED1A7A9DED1B7ADDED222A9DED233AD1
:10952000DDED243ADDE91E2401FB0424026802EB90
:109530004404DCF800200192DCF80420043202929A
:10954000BBF1000F03DC049A002A40F33881149A1F
:10955000BCF9087002F50040159ABCF90C6002F5E0
:109560000041002B0EDD021405D4BA4203DA0A14BE
:1095700001D4B24207DB169A013B02341044179A19
:109580001144EEE719D05A1E169D05FB02052D1455
:1095900009D4BD4207DA179D05FB0212121402D44A
:1095A000B242C0F2AC804FF0000E03EB0E02002A74
:1095B0003EDC23EAE37304EB4304BBF1000F40F30A
:1095C000FE8035EE225A109B75EE835ABBF1010BDB
:1095D000B0EE672AC4EE056A36EE236ABEEEC82AEC
:1095E0008DED142AB0EE472ABEEEC82A8DED152A5D
:1095F00065EEA64A66EE266A74EEE77A36EEC77A1C
:10960000FEEEC87ABEEEC87A17EE902AF0EE647AC3
:1096100092FBF3F317EE102A1693109BB0EE667AC6
:1096200092FBF3F3049A1793109B08BF134687E746
:1096300006145DD4DCF80850B54259DD0F1457D438
:10964000DCF80C20BA4253DD019A2DB207FB052548
:10965000AA5D029D55F822502E0E49D06FF00102EE
:10966000C5F3072A02FB0EF234F802800392059A32
:109670004FEA2827564307F0F807721C02EB262210
:10968000C5F30746EDB212121FFA82F9D24316FB58
:1096900009F6D2B215FB09F507FB02674FEAE806A7
:1096A0001AFB09FA4FEAC808BFB206F0FC065FFAD7
:1096B00088F806FB02A608FB02557A1CB6B2ADB2CA
:1096C00002EB1727039A05F1010A07F478470AEB22
:1096D000152ACAF3C42A4AEA070706F1010A0AEB67
:1096E000162A4FEA5A1A0AF4FC6A47EA0A07A752EE
:1096F000169A0EF1FF3E1044179A114455E74FF0A9
:109700000008A3EB0802002A7FF753AFBCF90860FA
:109710000A14019F051406FB0272525D029D55F862
:1097200022502E0E44D0059AC5F3072A34F818E0CB
:1097300056434FEA2E27721C07F0F80702EB262249
:10974000C5F30746EDB212121FFA82F9D24316FB97
:1097500009F6D2B215FB09F507FB02674FEAEE06E0
:109760001AFB09FA4FEACE0EBFB206F0FC065FFA0A
:109770008EFE06FB02A60EFB02557A1CB6B2ADB2F7
:1097800002EB172705F1010A07F478470AEB152ABF
:10979000CAF3C42A4AEA070706F1010A0AEB162AA5
:1097A0004FEA5A1A0AF4FC6A47EA0A0724F81870C2
:1097B000169A08F101081044179A1144A1E707B05E
:1097C000BDE8F08F2DE9F04F85B08B46B7EE004A2B
:1097D0001B9803924168DDF878E09DED0F5ADDEDAE
:1097E000105A9DED116ADDED187A9DED197ADDEDC7
:1097F000202A9DED213ADDED223ADDE91C2401FB12
:109800000424026802EB4404DEF800200092DEF833
:10981000042004320192BBF1000F03DC039A002AFA
:1098200040F35381129ABEF9087002F50041139A71
:10983000BEF90C6002F50042002B0EDD081405D4C1
:10984000B84203DA101401D4B04207DB1498013B8C
:109850000234014415980244EEE717D0581E149DB7
:1098600005FB00152D1409D4BD4207DA159D05FB33
:109870000020001402D4B042C0F2BC800026981927
:1098800000283EDC23EAE37304EB4304BBF1000F42
:1098900040F31B8135EE225A0E9B75EE835ABBF1C5
:1098A000010BB0EE672AC4EE056A36EE236ABEEEFF
:1098B000C82A8DED122AB0EE472ABEEEC82A8DEDD9
:1098C000132A65EEA64A66EE266A74EEE77A36EE4D
:1098D000C77AFEEEC87ABEEEC87A17EE902AF0EE8E
:1098E000647A92FBF3F317EE102A14930E9BB0EEFA
:1098F000667A92FBF3F3039A15930E9B08BF134607
:1099000089E70F1426D4DEF80850BD4222DD5FEA55
:10991000224C1FD4DEF80C0060451BDD00982DB2F0
:109920000CFB0505E85D019D55F82000070EFF2F93
:1099300016D16FF0010505FB06F7A5F2FE7505EAE5
:10994000102C4509C0F3C40005F4FC654CEA05057C
:109950000543E5531498013E0144159802448EE7EF
:10996000FDB2002FF6D06FF001071FFA85F9ED4325
:10997000C0F3072A77431AFB09FAEDB234F80780DF
:109980000297C0F307474FEA282C17FB09F7C0B22C
:109990000CF0F80C10FB09F00CFB057C4FEAE80713
:1099A0004FEAC8081FFA8CFC07F0FC075FFA88F83A
:1099B00007FB05A708FB05000CF10105BFB280B24B
:1099C00005EB1C2C00F1010A0CF4784C0AEB102A70
:1099D0000298CAF3C42A4AEA0C0C07F1010A0AEBFE
:1099E000172A4FEA5A1A0AF4FC6A4CEA0A0C24F8BD
:1099F00000C0AFE74FF00008A3EB080000287FF796
:109A000041AFBEF908601014009F0D1406FB0070F2
:109A1000405D019D55F820502E0EFF2E12D12C488E
:109A200000EA15266809C5F3C40500F4FC6030435C
:109A3000284324F81800149808F1010801441598E7
:109A40000244D9E7F0B2002EF5D034F818C01FFA5E
:109A500080F9C5F30746C0434FEA2C27C5F3072A10
:109A600016FB09F6C0B207F0F807EDB21AFB09FAC7
:109A700007FB00674FEAEC0615FB09F54FEACC0C33
:109A8000BFB206F0FC065FFA8CFC06FB00A60CFBDE
:109A90000055781CB6B2ADB200EB172705F1010AEC
:109AA00007F478470AEB152ACAF3C42A4AEA0707DB
:109AB00006F1010A0AEB162A4FEA5A1A0AF4FC6A5E
:109AC00047EA0A0724F81870B5E705B0BDE8F08F3B
:109AD00000F8FFFF2DE9F04F87B08B46B7EE004A44
:109AE0001D9C04929DF8842061680592DDF880E059
:109AF0009DED115ADDED125A9DED136ADDED1A7AD6
:109B00009DED1B7ADDED222A9DED233ADDED243A11
:109B1000DDE91E2001FB0020226802EB4000DEF898
:109B200000200192DEF804200292BBF1000F03DC5A
:109B3000049A002A40F34281149ABEF9087002F593
:109B40000041159ABEF90C6002F50042002B0EDDB3
:109B50000C1405D4BC4203DA141401D4B44207DB5C
:109B6000169C013B02302144179C2244EEE719D099
:109B70005C1E169D05FB04152D1409D4BD4207DAA1
:109B8000179D05FB0424241402D4B442C0F2B18012
:109B90004FF0000803EB0804002C3EDC23EAE373DB
:109BA00000EB4300BBF1000F40F3088135EE225A71
:109BB000109B75EE835ABBF1010BB0EE672AC4EE21
:109BC000056A36EE236ABEEEC82A8DED142AB0EE81
:109BD000472ABEEEC82A8DED152A65EEA64A66EE26
:109BE000266A74EEE77A36EEC77AFEEEC87ABEEEE3
:109BF000C87A17EE902AF0EE647A92FBF3F317EE30
:109C0000102A1693109BB0EE667A92FBF3F3049A37
:109C10001793109B08BF134687E70E1462D4DEF833
:109C20000850B5425EDD17145CD4DEF80C40BC422F
:109C300058DD2DB2029C07FB0565665D002E51D0F4
:109C4000019C34F815906FF0010404FB08F44FEA0E
:109C5000292C055B0CF0F80C0394059C4FEAE50AEF
:109C600066430AF0FC0A741C04EB16242E1224121C
:109C700006F0F806ED00A7B2E443EDB2E4B216FB3D
:109C800004F615FB04F50CFB076C4FEAE9061AFB1A
:109C900004FA4FEAC9091FFA8CFC06F0FC065FFAC9
:109CA00089F906FB07A60CF1010409FB075504EB33
:109CB0001C2C039CADB2B6B20CF4784C05F1010A31
:109CC0000AEB152ACAF3C42A4AEA0C0C06F1010A67
:109CD0000AEB162A4FEA5A1A0AF4FC6A4CEA0A0CF2
:109CE00020F804C0169C08F1FF382144179C224438
:109CF00050E74FF00009A3EB0904002C7FF74EAFAB
:109D0000BEF908600D14141406FB0454029D2E5D68
:109D1000002E4CD0019D35F81480059C30F8195068
:109D20004FEA282C66434FEAE50A0CF0F80C741C45
:109D30000AF0FC0A04EB16242E12241206F0F80690
:109D4000ED00A7B2E443EDB2E4B216FB04F615FB56
:109D500004F50CFB076C4FEAE8061AFB04FA4FEA1D
:109D6000C8081FFA8CFC06F0FC065FFA88F806FBB0
:109D700007A60CF1010408FB075504EB1C2CADB23F
:109D8000B6B20CF4784C05F1010A0AEB152ACAF3B5
:109D9000C42A4AEA0C0C06F1010A0AEB162A4FEA19
:109DA0005A1A0AF4FC6A4CEA0A0C20F819C0169CEC
:109DB00009F101092144179C22449CE707B0BDE842
:109DC000F08F2DE9F04F85B08B46B7EE004A1B9C13
:109DD00003926168DDF878809DED0F5ADDED105A31
:109DE0009DED116ADDED187A9DED197ADDED202AE1
:109DF0009DED213ADDED223ADDE91C2001FB00203A
:109E0000226802EB4000D8F800200092D8F8042025
:109E10000192BBF1000F03DC039A002A40F3468154
:109E2000129AB8F9087002F50041139AB8F90C605B
:109E300002F50042002B0EDD0C1405D4BC4203DAFF
:109E4000141401D4B44207DB149C013B02302144BA
:109E5000159C2244EEE717D05C1E149D05FB0415EB
:109E60002D1409D4BD4207DA159D05FB04242414E2
:109E700002D4B442C0F2B38000269C19002C3EDC10
:109E800023EAE37300EB4300BBF1000F40F30E81C4
:109E900035EE225A0E9B75EE835ABBF1010BB0EEE4
:109EA000672AC4EE056A36EE236ABEEEC82A8DED37
:109EB000122AB0EE472ABEEEC82A8DED132A65EEAF
:109EC000A64A66EE266A74EEE77A36EEC77AFEEEAA
:109ED000C87ABEEEC87A17EE902AF0EE647A92FB4A
:109EE000F3F317EE102A14930E9BB0EE667A92FBF2
:109EF000F3F3039A15930E9B08BF134689E70F14DB
:109F000018D4D8F80850BD4214DD5FEA224C11D4B1
:109F1000D8F80C4064450DDD2DB2019C0CFB057595
:109F2000645DFF2C0CD1009C34F815506FF00104D7
:109F300074430553149C013E2144159C22449CE724
:109F4000002CF7D0009F1FFA84FCE44337F81590EB
:109F50006FF00105E4B275434FEA292E02950EF029
:109F6000F80E455B2F124FEAE50A07F0F807ED00FF
:109F70000AF0FC0A17FB04F7EDB21AFB04FA0EFB19
:109F80000C7E4FEAE90715FB04F54FEAC9091FFAF1
:109F90008EFE07F0FC075FFA89F907FB0CA70EF1AC
:109FA000010409FB0C5504EB1E2E029CADB2BFB29E
:109FB0000EF4784E05F1010A0AEB152ACAF3C42AF9
:109FC0004AEA0E0E07F1010A0AEB172A4FEA5A1A5B
:109FD0000AF4FC6A4EEA0A0E20F804E0AAE74FF001
:109FE0000009A3EB0904002C7FF74AAF1414B8F959
:109FF00008600D1406FB0455019C645DFF2C0BD119
:10A00000009C34F8154020F81940149C09F101090E
:10A010002144159C2244E4E7002CF6D0009EA7B210
:10A02000E44336F815E030F81950E4B24FEA2E2C2C
:10A030002E124FEAE50A0CF0F80C06F0F806ED00D7
:10A040000AF0FC0A16FB04F6EDB21AFB04FA0CFB4C
:10A05000076C4FEAEE0615FB04F54FEACE0E1FFA29
:10A060008CFC06F0FC065FFA8EFE06FB07A60CF1E0
:10A0700001040EFB075504EB1C2CADB2B6B20CF478
:10A08000784C05F1010A0AEB152ACAF3C42A4AEAF8
:10A090000C0C06F1010A0AEB162A4FEA5A1A0AF4C6
:10A0A000FC6A4CEA0A0C20F819C0AEE705B0BDE81E
:10A0B000F08F2DE9F04F85B01B9803929DF87C201E
:10A0C000009101924168DDF878E09DED0F5ADDEDD9
:10A0D000105A9DED116ADDED187A9DED197A9DED0E
:10A0E000203ADDED213A9DED224ADDE91C2401FBF9
:10A0F0000424026802EB4404DEF800200292019A74
:10A10000D643F6B2009A002A03DC039A002A40F3F1
:10A110002481129ABEF908C002F50041139ABEF9D3
:10A120000C7002F50042002B0EDD081405D46045CA
:10A1300003DA101401D4B84207DB1498013B02344F
:10A14000014415980244EEE76ED0581E149D05FB9D
:10A1500000152D145CD465455ADA159D05FB0020C9
:10A16000001455D4B84253DA9946A246BDF804B05B
:10A17000B9F1000F54DDBEF908700D14101409F187
:10A18000FF3907FB0050029D35F81000BAF8005067
:10A190004FEA202C2F124FEAE5080CF0F80C07F0DC
:10A1A000F807ED0008F0FC0817FB06F7EDB218FB06
:10A1B00006F80CFB0B7CC71015FB06F5C00007F07A
:10A1C000FC071FFA8CFCC0B207FB0B8700FB0B508F
:10A1D0000CF10105BFB280B205EB1C2C07F10108A0
:10A1E000451C08EB17280CF4784C05EB1025149847
:10A1F0004FEA5818C5F3C425014408F4FC681598C3
:10A2000045EA0C0C02444CEA080C2AF802CBAFE7F2
:10A210004FF00008BDF804A003EB0800002841DC63
:10A2200023EAE37304EB4304009B002B40F3958087
:10A23000F7EE004A0E9B35EE035A75EEA35AF0EE88
:10A24000672AC4EE856A36EE046AFEEEC82ACDEDB2
:10A25000122AF0EE472AFEEEC82ACDED132A65EE4B
:10A26000A64A66EE266A74EEE77A36EEC77AFEEE06
:10A27000C87ABEEEC87A17EE902AF0EE647A92FBA6
:10A28000F3F317EE102A14930E9BB0EE667A92FB4E
:10A29000F3F31593009B039A013B00930E9B08BFB9
:10A2A00013462FE70F1451D4DEF80850BD424DDDA0
:10A2B0005FEA224C4AD4DEF80C00604546DD2DB240
:10A2C00002980CFB057530F815006FF0010505FBD1
:10A2D00008FB4FEA202C34F80B500CF0F80C2F122E
:10A2E0004FEAE50907F0F807ED0009F0FC0917FB54
:10A2F00006F7EDB219FB06F90CFB0A7CC71015FB3B
:10A3000006F5C00007F0FC071FFA8CFCC0B207FB83
:10A310000A9700FB0A500CF10105BFB280B205EBB1
:10A320001C2C07F10109451C09EB17290CF4784C8A
:10A3300005EB10254FEA5919C5F3C42509F4FC694A
:10A3400045EA0C0C4CEA090C24F80BC0149808F1EF
:10A35000FF380144159802445EE705B0BDE8F08F70
:10A360002DE9F04F85B09346B7EE004A1B9E1E9D27
:10A3700070689DED0F5ADDED105A9DED116ADDED0F
:10A38000187A9DED197ADDED202A9DED213ADDED5B
:10A39000223A0191DDE91C24DDE914EC00FB0424E0
:10A3A000326802EB44042A680292019A002A03DC14
:10A3B000BBF1000F40F39A80129AB5F9089002F5AC
:10A3C0000040139AB5F90C8002F50042002B0CDD19
:10A3D000061405D44E4503DA161401D4464505DBB0
:10A3E00070446244013B0234F0E70FD05E1E0EFB66
:10A3F00006073F1441D504EB430698460396B8F18F
:10A40000000F56DC23EAE37304EB4304019B002BAB
:10A410006CDD35EE225A0E9B75EE835AB0EE672A3C
:10A42000C4EE056A36EE236ABEEEC82A8DED122A06
:10A43000B0EE472ABEEEC82A8DED132A65EEA64A75
:10A4400066EE266A74EEE77A36EEC77AFEEEC87AD2
:10A45000BEEEC87A17EE902AF0EE647A92FBF3FE15
:10A4600017EE102AB0EE667A92FBF3FC019B013BDB
:10A4700001930E9B08BF5B4697E74F45BBDA0CFB89
:10A4800006263614B7D44645B5DA1E46A046002E39
:10A49000B8DD1714B5F908A04FEA204902997044B5
:10A4A00062440AFB0797013E31F8177028F8027BD7
:10A4B000EDE75FEA204914D4AE684E4511DD5FEA4E
:10A4C000224A0ED4EF6857450BDD36B26FF001011A
:10A4D000029F0AFB069637F8167001FB08F60399EF
:10A4E0008F537044624408F1FF3888E705B0BDE837
:10A4F000F08F2DE9F04F87B08B46B7EE004A1D98DC
:10A5000003929DF8842041680492DDF880909DEDCF
:10A51000115ADDED125A9DED136ADDED1A7A9DEDAB
:10A520001B7ADDED222A9DED233ADDED243ADDE9AB
:10A530001E2501FB0525026802EB4505D9F8002020
:10A540000192BBF1000F03DC039A002A40F358810B
:10A55000149AB9F9087002F50040159AB9F90C601F
:10A5600002F50041002B0EDD021405D4BA4203DAD5
:10A570000A1401D4B24207DB169A013B023510449B
:10A58000179A1144EEE717D05A1E169C04FB0204DA
:10A59000241409D4BC4207DA179C04FB02121214DB
:10A5A00002D4B242C0F2BF800027DA19002A3EDC92
:10A5B00023EAE37305EB4305BBF1000F40F3208171
:10A5C00035EE225A109B75EE835ABBF1010BB0EEAB
:10A5D000672AC4EE056A36EE236ABEEEC82A8DED00
:10A5E000142AB0EE472ABEEEC82A8DED152A65EE74
:10A5F000A64A66EE266A74EEE77A36EEC77AFEEE73
:10A60000C87ABEEEC87A17EE902AF0EE647A92FB12
:10A61000F3F317EE102A1693109BB0EE667A92FBB6
:10A62000F3F3039A1793109B08BF134689E70614A8
:10A630002DD4D9F80840B44229DD5FEA214C26D454
:10A64000D9F80C20624522DD24B2019A0CFB046487
:10A6500052F82440220E1AD0049E7243561C06EB78
:10A660002222260A12120596FF2A16D16FF0010245
:10A6700026F4FF6602FB07FC620926F00706C4F316
:10A68000C40402F4FC621643264325F80C60169AB3
:10A69000013F1044179A114487E76FF001061FFA33
:10A6A00082FAC4F3074CD2437E43E4B21CFB0AFC9B
:10A6B000D2B235F8068014FB0AF402964FEA282E2F
:10A6C0009DF8146016FB0AF60EF0F80E0EFB02CE93
:10A6D0004FEAE80C4FEAC8081FFA8EFE0CF0FC0C9B
:10A6E0005FFA88F80CFB026C08FB02440EF10102D1
:10A6F0001FFA8CFCA4B202EB1E2E029A661C0EF40A
:10A70000784E06EB1426C6F3C42646EA0E0E0CF16C
:10A71000010606EB1C26760906F4FC664EEA060ED8
:10A7200025F802E0B3E74FF00008A3EB0802002A87
:10A730007FF73EAF0414B9F908600A1406FB024221
:10A74000019C54F82240220E15D0049E7243561CE0
:10A7500006EB2222260A1212FF2A13D1620926F4DE
:10A76000FF66C4F3C40402F4FC6226F00706164335
:10A77000264325F81860169A08F101081044179A24
:10A780001144D2E735F818E01FFA82FAC4F30747FC
:10A79000D2434FEA2E2C17FB0AF7D2B20CF0F80C7A
:10A7A000E4B2F6B20CFB027C4FEAEE0714FB0AF4AB
:10A7B0004FEACE0E1FFA8CFC07F0FC0716FB0AF6D8
:10A7C0005FFA8EFE0EFB024407FB02670CF10102EA
:10A7D000A4B202EB1C2C661CBFB20CF4784C06EB46
:10A7E0001426C6F3C42646EA0C0C7E1C06EB17267C
:10A7F000760906F4FC664CEA060C25F818C0BAE7A0
:10A8000007B0BDE8F08F00002DE9F04F85B08B4612
:10A81000B7EE004A1B9803924168DDF878809DED01
:10A820000F5ADDED105A9DED116ADDED187A9DEDA0
:10A83000197ADDED202A9DED213ADDED223ADDE9A0
:10A840001C2401FB0424026802EB4404D8F8002015
:10A850000192BBF1000F03DC039A002A40F34F8101
:10A86000129AB8F9087002F50041139AB8F90C6011
:10A8700002F50042002B0EDD081405D4B84203DABD
:10A88000101401D4B04207DB1498013B0234014498
:10A8900015980244EEE717D0581E149D05FB0015CD
:10A8A0002D1409D4BD4207DA159D05FB00200014C4
:10A8B00002D4B042C0F2BA800026981900283EDCCB
:10A8C00023EAE37304EB4304BBF1000F40F3178169
:10A8D00035EE225A0E9B75EE835ABBF1010BB0EE9A
:10A8E000672AC4EE056A36EE236ABEEEC82A8DEDED
:10A8F000122AB0EE472ABEEEC82A8DED132A65EE65
:10A90000A64A66EE266A74EEE77A36EEC77AFEEE5F
:10A91000C87ABEEEC87A17EE902AF0EE647A92FBFF
:10A92000F3F317EE102A14930E9BB0EE667A92FBA7
:10A93000F3F3039A15930E9B08BF134689E70F1490
:10A9400024D4D8F80850BD4220DD5FEA224C1DD443
:10A95000D8F80C00604519DD2DB201980CFB057587
:10A9600050F82500070EFF2F16D16FF0010505FBEB
:10A9700006F7A5F2FE7505EA102C4509C0F3C400E0
:10A9800005F4FC654CEA05050543E5531498013EC2
:10A9900001441598024490E7FDB2002FF6D06FF005
:10A9A00001071FFA85F9ED43C0F3072A77431AFB25
:10A9B00009FAEDB234F807E00297C0F307474FEA0F
:10A9C0002E2C17FB09F7C0B20CF0F80C10FB09F0A5
:10A9D0000CFB057C4FEAEE074FEACE0E1FFA8CFC0B
:10A9E00007F0FC075FFA8EFE07FB05A70EFB0500CC
:10A9F0000CF10105BFB280B205EB1C2C00F1010A7D
:10AA00000CF4784C0AEB102A0298CAF3C42A4AEADA
:10AA10000C0C07F1010A0AEB172A4FEA5A1A0AF43A
:10AA2000FC6A4CEA0A0C24F800C0AFE74FF0000EB5
:10AA3000A3EB0E0000287FF743AFB8F908600D14B0
:10AA4000101406FB0050019D55F820502E0EFF2ECD
:10AA500012D12C4800EA15266809C5F3C40500F494
:10AA6000FC603043284324F81E0014980EF1010EB8
:10AA7000014415980244DBE7F0B2002EF5D034F81B
:10AA80001EC01FFA80F9C5F30746C0434FEA2C27C2
:10AA9000C5F3072A16FB09F6C0B207F0F807EDB2B6
:10AAA0001AFB09FA07FB00674FEAEC0615FB09F5EC
:10AAB0004FEACC0CBFB206F0FC065FFA8CFC06FB3A
:10AAC00000A60CFB0055781CB6B2ADB200EB172700
:10AAD00005F1010A07F478470AEB152ACAF3C42ADC
:10AAE0004AEA070706F1010A0AEB162A4FEA5A1A40
:10AAF0000AF4FC6A47EA0A0724F81E70B5E705B0B5
:10AB0000BDE8F08F00F8FFFF2DE9F04F87B08B46CE
:10AB1000B7EE004A1D9803929DF884204168049284
:10AB2000DDF880909DED115ADDED125A9DED136A0E
:10AB3000DDED1A7A9DED1B7ADDED222A9DED233A9B
:10AB4000DDED243ADDE91E2401FB0424026802EB5A
:10AB50004404D9F80820013222F001020092D9F809
:10AB600000200192BBF1000F03DC039A002A40F39E
:10AB70006A81149AB9F9087002F50040159AB9F97A
:10AB80000C6002F50041002B0EDD021405D4BA4220
:10AB900003DA0A1401D4B24207DB169A013B0234ED
:10ABA0001044179A1144EEE717D05A1E169D05FB64
:10ABB00002052D1409D4BD4207DA179D05FB0212C8
:10ABC000121402D4B242C0F2C8800027DA19002A57
:10ABD0003EDC23EAE37304EB4304BBF1000F40F3D4
:10ABE000328135EE225A109B75EE835ABBF1010B70
:10ABF000B0EE672AC4EE056A36EE236ABEEEC82AB6
:10AC00008DED142AB0EE472ABEEEC82A8DED152A26
:10AC100065EEA64A66EE266A74EEE77A36EEC77AE5
:10AC2000FEEEC87ABEEEC87A17EE902AF0EE647A8D
:10AC300092FBF3F317EE102A1693109BB0EE667A90
:10AC400092FBF3F3039A1793109B08BF134689E70F
:10AC5000051436D4D9F80820AA4232DD0E1430D4B7
:10AC6000D9F80C20B2422CDD009A06FB0255019E59
:10AC70006A08B25CEE0754BF02F00F02121102EB39
:10AC80000212D2B2EAB1049D6A43551C05EB22229E
:10AC90006E4D12122D68FF2A4FEA1526059616D121
:10ACA0006FF0010226F4FF6602FB07FC6A0926F03A
:10ACB0000706C5F3C40502F4FC6216432E4324F8CC
:10ACC0000C60169A013F1044179A11447EE76FF00A
:10ACD00001061FFA82FAC5F3074CD2437E43EDB258
:10ACE0001CFB0AFCD2B234F8068015FB0AF502966A
:10ACF0004FEA282E9DF8146016FB0AF60EF0F80EA7
:10AD00000EFB02CE4FEAE80C4FEAC8081FFA8EFE8F
:10AD10000CF0FC0C5FFA88F80CFB026C08FB025587
:10AD20000EF101021FFA8CFCADB202EB1E2E029A4C
:10AD30006E1C0EF4784E06EB1526C6F3C42646EAC2
:10AD40000E0E0CF1010606EB1C26760906F4FC66D5
:10AD50004EEA060E24F802E0B3E74FF00008A3EB3A
:10AD60000802002A7FF735AF0214009E0D1406FB7F
:10AD70000525019E6A08ED07B25C54BF02F00F0280
:10AD8000121102EB0212D2B2C2B1049D6A43551CE9
:10AD900005EB22222D4D12122E68FF2A4FEA1625AE
:10ADA00013D1720925F4FF65C6F3C40602F4FC62F0
:10ADB00025F007051543354324F81850169A08F175
:10ADC00001081044179A1144C9E734F818E01FFA33
:10ADD00082FAC6F30747D2434FEA2E2C17FB0AF735
:10ADE000D2B20CF0F80CF6B2EDB20CFB027C4FEADA
:10ADF000EE0716FB0AF64FEACE0E1FFA8CFC07F0A0
:10AE0000FC0715FB0AF55FFA8EFE0EFB026607FBD8
:10AE100002570CF10102B6B202EB1C2C751CBFB23A
:10AE20000CF4784C05EB1625C5F3C42545EA0C0C4B
:10AE30007D1C05EB17256D0905F4FC654CEA050C36
:10AE400024F818C0BAE707B0BDE8F08F7C60012095
:10AE50002DE9F04F87B0B7EE004ADFF828831D9840
:10AE6000019105924168DDF880B09DED115ADDED4C
:10AE7000125A9DED136ADDED1A7A9DED1B7ADDED18
:10AE8000222A9DED233ADDED243ADDE91E2401FB63
:10AE90000424026802EB4404DBF80820013222F0AB
:10AEA00001020292DBF800200392019A002A03DCDF
:10AEB000059A002A40F36281149ABBF9087002F5E2
:10AEC0000040159ABBF90C6002F50041002B0EDD25
:10AED000021405D4BA4203DA0A1401D4B24207DBE1
:10AEE000169A013B02341044179A1144EEE717D02A
:10AEF0005A1E169D05FB02052D1409D4BD4207DA22
:10AF0000179D05FB0212121402D4B242C0F2C38094
:10AF100000255A19002A3FDC23EAE37304EB4304BB
:10AF2000019B002B40F32A8135EE225A109B75EECF
:10AF3000835AB0EE672AC4EE056A36EE236ABEEE87
:10AF4000C82A8DED142AB0EE472ABEEEC82A8DED30
:10AF5000152A65EEA64A66EE266A74EEE77A36EEA4
:10AF6000C77AFEEEC87ABEEEC87A17EE902AF0EEE7
:10AF7000647A92FBF3F317EE102A1693109BB0EE4F
:10AF8000667A92FBF3F31793019B059A013B0193B9
:10AF9000109B08BF134688E706142CD4DBF8082062
:10AFA000B24228DD0F1426D4DBF80C20BA4222DD91
:10AFB000029A07FB0266039F7208F607BA5C54BF49
:10AFC00002F00F02121102EB0212D2B2FF2A18D1C4
:10AFD0006FF00106D8F8002006FB05F7A6F2FE7612
:10AFE00006EA122C5609C2F3C40206F4FC664CEAC7
:10AFF00006061643E653169A013D1044179A11446B
:10B0000087E7002AF7D06FF00106D8F800C01FFAD2
:10B0100082F9D2436E43CCF3072AD2B234F806E069
:10B020001AFB09FA0496CCF307464FEA2E2716FBC3
:10B0300009F65FFA8CFC07F0F8071CFB09FC07FB1C
:10B0400002674FEAEE064FEACE0EBFB206F0FC06EC
:10B050005FFA8EFE06FB02A60EFB02CC7A1CB6B28D
:10B060001FFA8CFC02EB1727049A0CF1010A07F473
:10B0700078470AEB1C2ACAF3C42A4AEA070706F1F2
:10B08000010A0AEB162A4FEA5A1A0AF4FC6A47EA3E
:10B090000A07A752AFE74FF0000EA3EB0E02002AFB
:10B0A0007FF73AAF0214029E0D1406FB0525039E9E
:10B0B0006A08ED07B25C54BF02F00F02121102EBF6
:10B0C0000212D2B2FF2A15D1D8F80050A2F6FF0220
:10B0D00002EA15266A09C5F3C40502F4FC6232438C
:10B0E0002A4324F81E20169A0EF1010E1044179AD6
:10B0F0001144D2E7002AF6D0D8F800701FFA82F97E
:10B1000034F81EC0D243C7F30745C7F3072A4FEAF6
:10B110002C2615FB09F5D2B206F0F806FFB21AFB91
:10B1200009FA06FB02564FEAEC0517FB09F74FEA4E
:10B13000CC0CB6B205F0FC055FFA8CFC05FB02A551
:10B140000CFB0277721CADB2BFB202EB162607F100
:10B15000010A06F478460AEB172ACAF3C42A4AEA17
:10B16000060605F1010A0AEB152A4FEA5A1A0AF4F3
:10B17000FC6A46EA0A0624F81E60B4E707B0BDE898
:10B18000F08F00BF7C6001207047704770477047A8
:10B1900070477047704770477047704770477047F7
:10B1A00070477047704770477047704770477047E7
:10B1B00070477047704770477047704770477047D7
:10B1C0007047704770472DE9F04788B006468846BB
:10B1D000914608AC24F80C3D2046FDF783FB33680C
:10B1E000054620469F69FDF791FA82462046FDF705
:10B1F000C1FA00954B4642463146CDE901A006A86A
:10B20000B847284608B0BDE8F08700002DE9FF47A1
:10B21000002300933D4B1B78002B37D13C4AB2F9F9
:10B220000020ADF80420002B32D13A4BB3F90030A6
:10B2300002AC0868ADF8063002AB4968364D03C36E
:10B2400069462046F9F77EFD6846F9F753FDBDF8DB
:10B250000830BDF800202F4628681344BDF80220AE
:10B26000ADF80830BDF80A301344ADF80A30036871
:10B270009B6B984710F0010F0CD02868036894E886
:10B280000600DB6D984704B0BDE8F087214AC6E7A9
:10B290001F4BCBE73868BDF90C800368BDF90E5031
:10B2A0004FEA48081B6B9847BDF90830BDF80A20E3
:10B2B000BDF8046016FB023600EB460638680368EA
:10B2C0009B6A9847124ABDF90A4013889146BDF916
:10B2D00008105D4303FB041400EB440404EB450534
:10B2E0003868AC4203680ED2D3F834A032464346E5
:10B2F0002146D047B9F8003004EB4304BDF90430CF
:10B3000006EB4306ECE7DB6A9847BCE76260012086
:10B3100064600120666001206C6001202DE9F04F1F
:10B320008BB00F4616469DF850B09DF85440BBF1C7
:10B33000000F4AD0106806AD516803C5186808AD03
:10B34000596803C506A8F9F7D5FC314608A8F9F7EE
:10B35000F9FCBDF92020BDF92230BDF81C60BDF913
:10B36000248016FB0321BDF9265007EB4106BDF8EA
:10B3700018105F4F0A443868B946ADF82020BDF870
:10B380001A201344ADF8223003689B6B9847BBF139
:10B39000FF0F1DD1FCB910F0010F1CD0D9F800002F
:10B3A0000027ADB2BDF822300168BDF82020CDF8ED
:10B3B0000CB00195CDE90447BDF81C4002941FFA7A
:10B3C00088F400944C6C3146A0470BB0BDE8F08F78
:10B3D00010F0040FE1E7D9F800004FEA48070368CE
:10B3E0009B6A9847434BBDF92240BBF1FF0F1A8877
:10B3F0009A46BDF9201005FB02F502FB041400EB90
:10B40000440459D0CBF1FF0904EB45051FFA8BF238
:10B410009E461FFA89F9AC4264D204EB070A5445F0
:10B420003DD2218836F8023B08124FEA232C00F067
:10B43000F8004FEAE10B0CF0F80CC90010FB09F022
:10B440000BF0FC0BC9B20CFB020CD8101BFB09FB68
:10B45000DB001FFA8CFC00F0FC0011FB09F1DBB2F1
:10B4600000FB02B00CF1010B03FB02130BEB1C2CD5
:10B470009BB280B20CF4784B03F1010C0CEB132C53
:10B48000431C03EB1020CCF3C42C40094CEA0B0CFA
:10B4900000F4FC604CEA000C24F802CBBFE7BEF8D5
:10B4A0000030A3EB080304EB4304BDF91C30A3EB0D
:10B4B000080306EB4306AEE704EB4505D9F80000A8
:10B4C000AC4203680ED2D3F8348032463B46214664
:10B4D000C047BAF8003004EB4304BDF91C3006EB5A
:10B4E0004306EBE7024B18680368DB6A98476CE792
:10B4F0006C6001206460012010B5044604210BF04B
:10B5000067FE204610BD10B5044604210BF060FE16
:10B51000204610BD10B5044640F644010BF058FE1D
:10B52000204610BD10B5044604210BF051FE204604
:10B5300010BD10B5044604210BF04AFE204610BD94
:10B5400010B5044604210BF043FE204610BD10B593
:10B55000044604210BF03CFE204610BD10B5044605
:10B5600004210BF035FE204610BD10B50446042121
:10B570000BF02EFE204610BD10B5044604210BF042
:10B5800027FE204610BD10B5044604210BF020FE16
:10B59000204610BD10B5044604210BF019FE2046CC
:10B5A00010BD10B5044604210BF012FE204610BD5C
:10B5B00010B5044604210BF00BFE204610BD10B55B
:10B5C000044604210BF004FE204610BD10B50446CD
:10B5D00004210BF0FDFD204610BD10B504460421EA
:10B5E0000BF0F6FD204610BD10B5044604210BF00B
:10B5F000EFFD204610BD10B5044604210BF0E8FD18
:10B60000204610BD10B5044604210BF0E1FD204694
:10B6100010BD10B5044604210BF0DAFD204610BD24
:10B6200010B5044604210BF0D3FD204610BD10B523
:10B63000044604210BF0CCFD204610BD10B5044695
:10B6400004210BF0C5FD204610BD10B504460421B1
:10B650000BF0BEFD204610BD10B5044604210BF0D2
:10B66000B7FD204610BD10B5044604210BF0B0FD17
:10B67000204610BD10B5044604210BF0A9FD20465C
:10B6800010BD10B5044604210BF0A2FD204610BDEC
:10B6900010B5044604210BF09BFD204610BD10B5EB
:10B6A000044604210BF094FD204610BD2DE9F04F17
:10B6B0008FB01C4605929DF864200091189B019262
:10B6C000002A00F0168120680AAA616803C218687F
:10B6D0000CAA596803C20AA8F9F70CFB21460CA86A
:10B6E000F9F730FBBDF92C60BDF92E50B6F5806F2F
:10B6F000BDF83000DBBFB3B24FF48062012392FB90
:10B70000F3F3BDF932201D4492FBF3F11FFA81FCE3
:10B71000013D0CFB1324614614FB06F4044495FB25
:10B72000F3F5A4B231B1059B009953F82C301BBA44
:10B7300019440091BDF82830ADB2BDF934801844E9
:10B74000BDF82A30BDF93660AD001A446A4BADF839
:10B7500030001868ADF8322003689B6A9847674943
:10B76000BDF93220002C0B88BDF930C00CBFC64695
:10B770004FF0000E099103FB02C2BDF804107343A1
:10B780001FFA8EFE00EB4200039100EB4303069389
:10B790002B1D0793019BC3F1FF02002392B202937A
:10B7A0000492069A824240F29F8063B9009B1A7805
:10B7B000930902F03F0202925A1E022A15D8009AFB
:10B7C0009BB201320092B4B19C4291BF1C1BE41A9F
:10B7D00071464FF0000A9BBF1FFA84FA0024A4B2FE
:10B7E0001FFA88F153468E46DBE7009A009B02322F
:10B7F0005B780092E7E70222079973451546029AA3
:10B8000024BFA3EB0E0AF14615FB0212059934BFC3
:10B8100099461FFA8AFA31F802C038BFAEEB03012D
:10B82000019A2EBF214689B2A246FF2A4FEA490952
:10B8300005D18144814545D020F802CBFAE74FEA93
:10B840002C22039D4FEAEC0B81444FEACC0C02F012
:10B85000F8020BF0FC0B5FFA8CFC6A430BFB05FB58
:10B860000CFB05FC089281452CD00288049D161221
:10B87000049F06F0F80616FB05F6089D2E44D51029
:10B88000D200B6B205F0FC05D2B215FB07F512FBEB
:10B8900007F2771C5D44624407EB1626ADB292B204
:10B8A00006F47846571C07EB1222C2F3C422164353
:10B8B0006A1C02EB15256D0905F4FC652E4320F882
:10B8C000026BD0E773458DD31FFA88F1BDF82C4089
:10B8D000099B641A1B88A4B2A3EB0803002C00EB9D
:10B8E000430018BF00217DE7034B18680368DB6A3B
:10B8F00098470FB0BDE8F08F6C60012064600120B4
:10B900002DE9F04F9FB01D460446289BCDE9131248
:10B910009DF8A4200992002A00F0ED8128681AAA57
:10B92000696803C218681CAA596803C21AA8F9F703
:10B93000E1F929461CA8F9F705FABDF96C30BDF903
:10B940006E80B3F5806FBDF97660DBBF9AB24FF4BD
:10B950008061012291FBF2F202920298BDF97220FD
:10B96000029992FBF0F080B28844109008F1FF3801
:10B970000298109D05FB102598FBF1F815FB03F5C7
:10B98000BDF87010BDF8683008F101080D44194485
:10B99000BDF86A301FFA88F81A44BDF97430ADF862
:10B9A0007010ADB20493944BADF872201868036820
:10B9B0009B6A9847914BBDF97210002D1A88BDF90A
:10B9C000707002FB06F602FB0171189300EB410058
:10B9D000BDF824304FF0000100EB46020F93884B76
:10B9E0000A92149AA3EB04030D9102EB88081993B1
:10B9F00008F104021192099AC2F1FF021592049A09
:10BA000018BF002292B210990D9B11FA83F314997A
:10BA100001EB8303043306930A9B834240F2668161
:10BA2000BDF86C304FF0010A0299069ED346574686
:10BA30003678B5FBF3F3CB1A129601369BB2059616
:10BA40001693069B59789B781B0243EA014306999B
:10BA5000C9780B43139919444E1C4978039609027F
:10BA6000139E01F4FF71F35C19438BB284F8041840
:10BA70000C93002307939C46BDF854300E93002D81
:10BA80007ED0AF426ED20A9BED1B01928342ADB2D3
:10BA900002D873E0002B5FD1039BCBF107025B78E8
:10BAA00093405B0003F4FF72039B1B7843FA0BF394
:10BAB000DBB213430BF101025FFA82FB039A9FB2E0
:10BAC000BBF1080F13BF013202324FF0000B03929B
:10BAD00008BF0392129ABA4209D384F804380123AA
:10BAE000059AB2F5007F0ED39A46002635E0059BF5
:10BAF0009F4218D304EB0A0394F8042883F804281F
:10BB00000AF101039BB2059A94F8046804EB8202DF
:10BB10000C9916710AF10106D1805671059A01320D
:10BB200092B20592E0E704EB87033A465B7903F6AD
:10BB300004062644199901EB060CBCF1000F07DD41
:10BB400004EB820292F804C006F801CDD288F1E736
:10BB500084F804289BB2C3E70C9F0C97B446019A63
:10BB60001F468CE77B1B0CEB0506BDF810209BB233
:10BB7000B6B2019200250A9A82428BD8019A4BE70D
:10BB8000974232D3BB1A089201959BB20999FF29BB
:10BB900008990CEB010635D1A0F1020EB6B2B445FE
:10BBA00040F08C800899974200EB4100E2D3189A4C
:10BBB00004991288521A169900EB4200079A013232
:10BBC0008A42079240F08780BDF87050BDF86870D7
:10BBD000049BED1BADB2002D08BF1A460D9B18BF8C
:10BBE0000022013392B20D930DE7D11B08978BB25F
:10BBF00001932B46CAE700BF6C60012064600120FE
:10BC0000FBF7FFFFB6B20B90B445CBD00CF10101AE
:10BC1000A44417919CF80458119931F815500B99C8
:10BC20004FEA2528B1F800C00E9908F0F8084FEA4D
:10BC30002C2E4FEAEC090EF0F80E4FEACC0C09F06E
:10BC4000FC091EFB01FE0F995FFA8CFC08FB01E862
:10BC50004FEAE50E0E99ED000EF0FC0E1FFA88F883
:10BC600019FB01F90F99EDB20EFB019E0E991CFB19
:10BC700001FC0F991FFA8EFE05FB01C508F1010CAE
:10BC80000EF101090B99ADB20CEB182805F1010C6E
:10BC900009EB1E2908F478480CEB152C4FEA5919CA
:10BCA000CCF3C42C09F4FC694CEA0808BDF85CC06C
:10BCB00048EA090821F8028B0B91A5E70CF101086D
:10BCC000A44411999CF804581FFA88FC31F81550C7
:10BCD0002EF8025F63E7BDF81020BDF86C50AD1A76
:10BCE000ADB2002D18BF0022019244E7034B186843
:10BCF0000368DB6A98471FB0BDE8F08F6C600120D5
:10BD00002DE9F04F8FB01C460F4603929DF864203A
:10BD1000189B0292002A00F0288120680AAA616814
:10BD200003C218680CAA596803C20AA8F8F7E2FF10
:10BD300021460CA8F9F706F8BDF92C60BDF92E5084
:10BD4000B6F5806FBDF83000DBBFB3B24FF4806250
:10BD5000012392FBF3F3BDF932201D4492FBF3F172
:10BD60001FFA81FC013D0CFB1324614614FB06F411
:10BD7000044495FBF3F5A4B221B1039B53F82C3096
:10BD80001BBA1F44BDF82830ADB2BDF93490184439
:10BD9000BDF82A30BDF93660AD001A44744BADF8D9
:10BDA00030001868ADF8322003689B6A9847714AE2
:10BDB000BDF93210002C1388BDF930C00CBFC84645
:10BDC0004FF00008099203FB01C173431FFA88F882
:10BDD00000EB410000EB430304932B1D059300236C
:10BDE0000193049A824240F2BB805BB93A7893098E
:10BDF00002F03F0201925A1E022A8DBF7B78013762
:10BE00009BB2023784B19C4291BF1C1BE41AC4460A
:10BE10004FF0000A9BBF1FFA84FA0024A4B21FFA55
:10BE200089FC5346E046DCE7042205994345154664
:10BE3000019A24BFA3EB080AC64615FB0212039918
:10BE40003CBFA8EB030C9E468A5826BF1FFA8AFA0D
:10BE5000A4461FFA8CFC4FEA126138BFA2464FEA93
:10BE60004E0E002966D0FF294FEA122614D1029DFA
:10BE7000FF2D11D1510926F4FF66C2F3C402864496
:10BE800001F4FC6126F007060E431643B6B2864560
:10BE900051D020F8026BFAE7029DF6B2864469435E
:10BEA0004D1C05EB2125C2F30741D2B22D126FEADA
:10BEB000050BADB211FB05F15FFA8BFB16FB05F626
:10BEC00012FB05F289B2B6B292B2069107960892B9
:10BED000864530D0028806991612D51006F0F8066D
:10BEE000D20005F0FC0546EA5616D2B206FB0B1648
:10BEF00045EA9515079942EA5212B6B205FB0B15B1
:10BF0000089902FB0B12711CADB292B201EB16261E
:10BF1000511C06F4784601EB1222C2F3C4221643E8
:10BF20006A1C02EB15256D0905F4FC652E4320F80B
:10BF3000026BCDE770444345FFF473AF1FFA89FCF1
:10BF4000BDF82C40099BA4EB0C041B88A4B2A3EB06
:10BF50000903002C00EB430018BF4FF0000C60E712
:10BF6000034B18680368DB6A98470FB0BDE8F08F91
:10BF70006C600120646001202DE9F04F93B01C46F5
:10BF800005929DF8742001911C9B0292002A00F0FA
:10BF90002E8120680EAA616803C2186810AA596829
:10BFA00003C20EA8F8F7A6FE214610A8F8F7CAFEAD
:10BFB000BDF93C60BDF93E50B6F5806FBDF840005C
:10BFC000DBBFB3B24FF48062012392FBF3F3BDF900
:10BFD00042201D4492FBF3F11FFA81FC013D0CFB52
:10BFE0001324614614FB06F4044495FBF3F5A4B254
:10BFF00031B1059B019953F82C301BBA19440191BA
:10C00000BDF83830ADB2BDF944B01844BDF83A308F
:10C01000BDF94660AD001A44764BADF84000186893
:10C02000ADF8422003689B6A98477349BDF940C048
:10C03000002C0B88BDF942200D9103FB02C208BF02
:10C04000DC4603FB06F318BF4FF0000C00EB420088
:10C05000BDF808101FFA8CFC00EB4303069108930F
:10C060002B1D0993029BDA430023D2B2039307925C
:10C07000089A824240F2B68063B9019B1A7893090C
:10C0800002F03F0203925A1E022A15D8019A9BB26F
:10C0900001320192B4B19C4291BF1C1BE41A664666
:10C0A0004FF000089BBF1FFA84F80024A4B21FFAC7
:10C0B0008BF64346B446DBE7019A019B02325B787C
:10C0C0000192E7E70322099963451546039A2CBFBD
:10C0D000A3EB0C08ACEB030615FB0212059924BF79
:10C0E0001FFA88F8E14601EB020502992FBF2646A8
:10C0F000B6B29946A046FF294AD0069FCA46A978FB
:10C10000049079430A91697879430B9105998A5C87
:10C110007A430C92BAF1000F3DD0049A0AF1FF3A2B
:10C12000079F12881FFA8AFABE460A9F1512D1107D
:10C1300005F0F805D20001F0FC0145EA5515D2B230
:10C1400005FB0E7541EA91110B9F42EA5212ADB206
:10C1500001FB0E710C9F02FB0E7205F1010E89B2FC
:10C1600092B20EEB152502F1010E05F478450EEBA7
:10C170001222C2F3C42215434A1C02EB1121049A75
:10C18000490901F4FC610D4322F8025B0492C1E706
:10C190004946864699B9634500EB490089D31FFAA1
:10C1A0008BF6BDF83C400D9BA41B1B88A4B2A3EBEF
:10C1B0000B03002C00EB430018BF002679E7AA7898
:10C1C00001390E4F89B207EA022A6A78D20002F4D6
:10C1D000FC624AEA020295F800A042EADA022EF86E
:10C1E000022BD7E7034B18680368DB6A984713B044
:10C1F000BDE8F08F6C6001206460012000F8FFFF53
:10C200002DE9F04F9DB01C468346269BCDE91112C7
:10C210009DF89C200E92002A00F0E481206818AA64
:10C22000616803C218681AAA596803C218A8F8F707
:10C2300061FD21461AA8F8F785FDBDF96430BDF906
:10C240006640B3F5806FBDF96E60DBBF9AB24FF404
:10C250008061012291FBF2F202920298BDF96A20FC
:10C26000029992FBF0F080B20C440F90013C0298CE
:10C270000F9D05FB102594FBF1F415FB03F5BDF8AC
:10C280006810BDF8603001340D441944BDF86230C7
:10C29000A4B21A44BDF96C30ADF86810A40006933E
:10C2A000ADB2B34BADF86A20186803689B6A984733
:10C2B000B04BBDF96A10002D1A88BDF9687002FBF9
:10C2C00006F602FB0171169300EB4108AA4B18BF5A
:10C2D000002108EB4602A3EB0B030A9204F10402CF
:10C2E00017931392069A08BF1146002289B20D9245
:10C2F0000F9A0D9B12FA83F3129A02EB8303043315
:10C3000008930A9B434540F26881BDF864304FF0C2
:10C31000010E029A0898B5FBF3F3D31A00789BB28A
:10C32000109001301493089B07905A789B781B0259
:10C3300043EA0243089AD2781343119A1A44501CD4
:10C34000527805901202119802F4FF72C35C1A43EE
:10C3500093B28BF804280B930023099301230193D4
:10C36000049300230393002D7DD0AE456CD20A9B2D
:10C37000A5EB0E050C464345ADB202D871E0002B8B
:10C380005DD1059B049A5B78C2F107020499934042
:10C390005B0003F4FF72059B1B780B410131C9B2AE
:10C3A000DBB208290491059943EA02030CBF02316C
:10C3B00001319AB205BF05910021059104911099B0
:10C3C00091420AD38BF8043801230799B1F5007F15
:10C3D0000FD300210193039132E0079B9A4218D3B7
:10C3E000019B9BF804185B4483F80418019B0133FC
:10C3F0009BB207999BF804080BEB810108710B981D
:10C40000C8800198013048710799013189B20791BC
:10C41000DFE70BEB820311465B7903F60400584417
:10C42000179E0644002E06DD0BEB81010E7900F805
:10C43000016DC988F4E78BF804189BB2C5E70B9A25
:10C4400021460B929E468EE7039AAEEB0503BDF89C
:10C4500018402A449BB292B2039200250A9A4245A0
:10C460008DD821464DE78E454FF000092BBFAEEB2E
:10C470000103A1EB0E042C462B4627BF9BB20C9167
:10C48000A4B2CDF830E0039A0C984A44484592B2E1
:10C4900074D004205A44054692F80428139815FBDA
:10C4A0000202129880585FEA106A14D0BAF1FF0FA6
:10C4B0004FEA102512D10E9AFF2A0FD1420925F416
:10C4C000FF65C0F3C40002F4FC6225F007051543C4
:10C4D000054328F8195009F10109D4E738F819C0C3
:10C4E000EDB24FEAEC064FEA2C2706F0FC024FEAC9
:10C4F000CC0CC0F3074607F0F80715925FFA8CFCE6
:10C500000E9AC0B247EA571702FB0AFA4CEA5C1CC3
:10C510000AF1010202EB2A2212121FFA82FAD24316
:10C5200016FB0AF6D2B210FB0AF007FB0267159E53
:10C530000CFB020015FB0AF5BFB280B246EA961664
:10C5400006FB02567A1C451C02EB172705EB10254B
:10C55000B6B207F47847C5F3C4252F43751C05EB25
:10C5600016256D0905F4FC652F4328F81970B2E70C
:10C570006C60012064600120FBF7FFFF03928E4591
:10C580000C9A08EB4208FFF468AF169A06991288D5
:10C59000521A149908EB4208099A01328A42099208
:10C5A00011D1BDF86850BDF86090069BA5EB090558
:10C5B000ADB2002D08BF19460D9B18BF00210133F5
:10C5C00089B20D9394E6BDF81840BDF864502D1B58
:10C5D000ADB2002D18BF002440E7044B1868036873
:10C5E000DB6A98471DB0BDE8F08F00BF6C6001208A
:10C5F0002DE9F04F9FB01D460446289BCDE913124C
:10C600009DF8A4200A92002A00F0FE8128681AAA48
:10C61000696803C218681CAA596803C21AA8F8F707
:10C6200069FB29461CA8F8F78DFBBDF96C30BDF9F4
:10C630006E60B3F5806FBDF97670DBBF9AB24FF4D0
:10C640008061012291FBF2F201920198BDF9722002
:10C65000019992FBF0F080B20E441090013E0198D7
:10C66000109D05FB102596FBF1F615FB03F5BDF8B3
:10C670007010BDF8683001360D441944BDF86A30B9
:10C68000B6B21A44BDF97430ADF87010ADB204936F
:10C69000964BADF87220186803689B6A9847944BD4
:10C6A000BDF97210002D1A88BDF970C002FB07F7A2
:10C6B00002FB01C1189300EB410B8E4B18BF002108
:10C6C0000BEB4702A3EB04030B92149A199302EBB2
:10C6D000860606F1040206920A9A6FEA0202D2B2B4
:10C6E0001592049A08BF1146002289B20D92109A41
:10C6F0000D9B12FA83F3149A02EB8303043307931E
:10C700000B9B5B4540F27B81BDF86C304FF001081C
:10C71000019A0798C446CDF808800078B5FBF3F37A
:10C72000D31A119001309BB205901693079B5A784B
:10C730009B781B0243EA0243079AD2781343139A69
:10C740001A44501C527803901202139802F4FF729C
:10C75000C35C1A4393B284F804280C930023089313
:10C760001A46BDF828300E93BDF854300F93002DB3
:10C770007DD0AC456DD20B9BA5EB0C0508465B4507
:10C78000ADB202D871E0002B5DD1039B029A5B78B9
:10C79000C2F10702029993405B0003F4FF72039B0E
:10C7A0001B780B410131C9B2DBB208290291039910
:10C7B00043EA02030CBF023101319AB205BF039173
:10C7C000002103910291119991420AD384F804380F
:10C7D00001230599B1F5007F0FD300219846009100
:10C7E00032E0059B9A4218D304EB080394F804182E
:10C7F00083F8041808F101039BB2059994F80468C2
:10C8000004EB81010E710C9ECE8008F101064E7181
:10C810000599013189B20591DFE704EB82031146E6
:10C820005B7903F604062644199F3744002F06DD82
:10C8300004EB81010F7906F8017DC988F4E784F8DB
:10C8400004189BB2C5E70C9A0C920146009A9C46CC
:10C850008DE7ACEB05035719BDF81000BAB29BB2D7
:10C86000009200250B9A5A458DD8014648E78C4521
:10C8700027BFACEB01032846A1EB0C002B460A9D19
:10C8800027BF9BB2099180B2CDF824C0FF2D099D2E
:10C8900002EB0507BDB200952ED15E46009DAA426F
:10C8A00040F08380099A8C450BEB420BD9D3189A40
:10C8B00004991288521A16990BEB420B089A01320E
:10C8C0008A42089240F09180BDF87050BDF868C06F
:10C8D000049BA5EB0C05ADB2002D08BF19460D9BBE
:10C8E00018BF0021013389B20D9300E76C6001206D
:10C8F00064600120FBF7FFFFD946009DAA42D1D01A
:10C90000551C224492F804E8069A0EEB4E0E179539
:10C9100072441292B9F80020129F161297F802A0E2
:10C92000D5100E9F06F0F80605F0FC05D2001AFBA4
:10C9300007FA46EA56160F9F45EA9515D2B206FB4E
:10C9400007A6129F42EA521297F801A0B6B20E9FB4
:10C950001AFB07FA0F9F05FB07A5069F06F1010AC0
:10C9600017F80EE0ADB20E9F0AEB162605F1010A8C
:10C970001EFB07FE0F9F0AEB152A06F4784602FB02
:10C9800007E24FEA5A1A92B20AF4FC6A02F1010E67
:10C990000EEB122EBDF85C20CEF3C42E4EEA060636
:10C9A00046EA0A0629F8026BA7E702F1010E2244C3
:10C9B000069F92F80458069A05EB450502EB050A16
:10C9C000134A9AF8029002EA09299AF80120D20043
:10C9D00002F4FC6249EA020217F8059042EAD90221
:10C9E00026F8022B1FFA8EF258E7BDF81000BDF8AA
:10C9F0006C502D1AADB2002D18BF002032E7054B48
:10CA000018680368DB6A98471FB0BDE8F08F00BF65
:10CA100000F8FFFF6C6001202DE9F04F91B09B46BC
:10CA20001646B3F900200DF12808B3F90230BDF91C
:10CA30006C900446BDF9707040460D465946ADF8FD
:10CA40002820ADF82A30ADF82C90ADF82E70F3F711
:10CA500083F831464046F3F77FF8744B1888744BDF
:10CA600002B21988BDF928300EB2002B07DABDF8E2
:10CA70002CC06344ADF82C300023ADF82830BDF94C
:10CA80002830BDF92CC0D21A9445C4BFC21AADF8E3
:10CA90002C20BDF92A20002A07DABDF82EC06244F6
:10CAA000ADF82E200022ADF82A20BDF92AA0BDF94C
:10CAB0002E20A6EB0A06B242C4BFA1EB0A02ADF8D3
:10CAC0002E205C4A1278A2B9BDF92C6086424046FD
:10CAD000039314BF00260126F3F781F8039B60B18E
:10CAE000002323806380A3802046E38011B0BDE84B
:10CAF000F08FBDF92E608E42E9E7BDF92C200EA91A
:10CB00000E900CA80592BDF92E20ADF83C9006922F
:10CB1000BBF80020ADF83E709B1A1BB20393BBF824
:10CB20000230DFF818B1AAEB030A0FFA8AF3049374
:10CB3000039BADF83030049BADF83230059BADF867
:10CB40003430069BADF83630F8F7FCF84046F8F77D
:10CB5000D1F80EA8F8F7CEF8374B2846BDF93CA01F
:10CB60001B8807932B681B6B9847BDF83250BDF9A3
:10CB700030308146DBF800001AFB05331A9D05EBC7
:10CB8000430503681B6B98470746DBF80000BDF9B7
:10CB90002810BDF92A200368099108929B6B9847D9
:10CBA00010F0010FDDE9082112D0DBF80000BDF91B
:10CBB000342003680092DE6E2B4698E80600B047EA
:10CBC000039B2380049B6380059BA380069B8BE7CC
:10CBD00009FB02F2BDF9363002EB41010F4466B1A8
:10CBE000079A924509D1DBF8000009FB03F32946B7
:10CBF0000268566B3A46B047E2E70AFB03F34FEA96
:10CC00004A06DFF838B005EB43084545D8D2DBF8D3
:10CC100000002946BDF93430354402685B00D2F883
:10CC200034A03A46D0474F44EFE700BF5E60012092
:10CC30006060012062600120646001206C6001205E
:10CC4000F0B5064687B00C4617461D4633B3084676
:10CC5000F2F7C5FF10BB206804AB61681B4C03C32F
:10CC600004A8F8F747F8206803689B6B9847FF2DE6
:10CC700016D010F0080F206815D000240168BDF808
:10CC80001230BDF81020CDE90254BDF816400194D1
:10CC9000BDF8144000940C6E3946A04707B0F0BDB3
:10CCA00010F0020FE7E703689B6A9847084B0146BC
:10CCB00030461A883368CDE900755D6A04ABA84731
:10CCC00020680368DB6A9847E8E700BF6C600120D2
:10CCD000646001202DE9F0479DF8247088461446D1
:10CCE0001D46089E002F00F0AB801846F2F777FF34
:10CCF000002840F0A580B5F90010FF2FB5F90230EB
:10CD0000B5F9040004FB0313B5F90650A4EB0002C7
:10CD100008EB430104FB05F54FEA162801EB450536
:10CD20004AD0BCB2C7F1FF0CC6F3074E5FFA88F7D2
:10CD3000F3B240000EFB04FE67434FEA4208634330
:10CD40001FFA8CFCA9427BD201EB0009494531D284
:10CD50000A881412D61004F0F804D20006F0FC067B
:10CD6000D2B244EA541442EA521214FB0CF446EADA
:10CD7000961612FB0CF216FB0CF674441A44A4B27D
:10CD80003E4492B204F1010AB6B20AEB142402F155
:10CD9000010A0AEB122204F47844C2F3C4222243AB
:10CDA000741C04EB1626760906F4FC66324321F85F
:10CDB000022BCBE74144C5E77309224FC6F3C406F3
:10CDC00008EA070703F4FC633B43E70743EA06036B
:10CDD0009BB20BD540005200A94231D20C18A1429F
:10CDE00002D221F8023BFAE71144F5E78E0708D09A
:10CDF00066000A46AA4202D213803244FAE70231A0
:10CE00000138C2070BD500F100426600013A01EB80
:10CE10004202AA4202D213803244FAE7013878B1C2
:10CE2000401043EA034380006400A94208D20E1870
:10CE30000A46B24202D242F8043BFAE72144F4E740
:10CE4000BDE8F08700F8FF0000221249C0E9012286
:10CE50000160C0E90322C0E90522C0E90722C0E958
:10CE60000922C0E90B22C0E90D22C0E90F22C0E966
:10CE70001122C0E91322C0E91522C0E91722C0E936
:10CE80001922C0E91B22C0E91D22C0E91F22C0F8F7
:10CE900084207047E84304082DE9F04F8DB00D461B
:10CEA00004469946086808AB496803C310680AAB92
:10CEB000516803C308A8F7F71DFF29460AA8674D64
:10CEC000F7F740FFBDF92820BDF92A30BDF824103E
:10CED000286811FB0321BDF92C80BDF92E6004EBFD
:10CEE0008104BDF820100A44ADF82820BDF82220A6
:10CEF0001344ADF82A3003689B6B9847B9F1FF0FD4
:10CF000019D110F0200F286818D000250168B6B29A
:10CF1000BDF82A30BDF828200196CDE90395BDF86B
:10CF2000245002951FFA88F500950D6D2146A847FB
:10CF30000DB0BDE8F08F10F0400FE4E703689B6A86
:10CF400098474749BDF92A200B888A46BDF92850E1
:10CF500003FB0252734300EB420000EB43030793D1
:10CF60004FEA48030693079B984270D2069B2146DE
:10CF700000EB030B58455DD251F8044B230E14D03F
:10CF8000FF2B4FEA142C12D1B9F1FF0F0FD1630917
:10CF90002CF4FF6CC4F3C40403F4FC632CF0070C02
:10CFA00043EA0C0C4CEA040404800230E2E709FB7B
:10CFB00003F30788C4F3074E5FFA8CFC5A1C3E1239
:10CFC000FD1002EB232206F0F806FF0005F0FC0539
:10CFD000121246EA561693B2D243FFB21EFB03FE6C
:10CFE000D2B21CFB03FCE4B206FB02E645EA95154F
:10CFF00014FB03F447EA5717B6B205FB02C507FB5B
:10D00000024706F1010EADB2BFB20EEB162605F1D6
:10D01000010C06F4784E7E1C0CEB152506EB17264A
:10D020006D09C6F3C42605F4FC6546EA0E062E43D8
:10D030000680BAE7BAF80030BDF92440A3EB080334
:10D04000A4EB080400EB430001EB84048BE7034BE3
:10D0500018680368DB6A98476AE700BF6C600120C4
:10D06000646001202DE9F04385B010680C465168DA
:10D070006D46164603C51868596803C568462E4DA7
:10D08000F7F738FE314602A82C4EF7F75BFEBDF9E4
:10D090000820BDF90A30BDF80410286811FB0321EF
:10D0A000BDF90C70BDF90E8004EB8104BDF80010D1
:10D0B0000A44ADF80820BDF802201344ADF80A3048
:10D0C00003689B6A98473388BDF90A204FEA470CEA
:10D0D000BDF90810DFF868E003FB021208FB03F358
:10D0E00000EB420000EB430398421DD200EB0C081A
:10D0F00040450FD254F8041B4FEA51190EEA112291
:10D10000C1F3C40109F4FC6942EA09020A4320F8A8
:10D11000022BEDE73288D21B00EB4200BDF9042060
:10D12000D21B04EB8204DFE728680368DB6A9847B8
:10D1300005B0BDE8F08300BF6C6001206460012091
:10D1400000F8FFFF2DE9F0478EB00E4604461D465D
:10D1500008680AAB4968DFF8D481DFF8D49103C3CB
:10D1600010680CAB516803C30AA8F7F7C3FD31463A
:10D170000CA8F7F7E7FDBDF93020BDF93230BDF856
:10D180002C10D8F8000011FB0321BDF93470BDF953
:10D19000366001EB41010C44BDF828100A44ADF89B
:10D1A0003020BDF82A201344ADF8323003689B6B61
:10D1B0009847FF2D24D110F0010FD8F8000022D09D
:10D1C00000214FF0010ED0F800C0B6B2CDF818E043
:10D1D000BFB2BDF83230BDF83020CDE90711B9F843
:10D1E00000E0039501960097CDE9041EBDF82C10D0
:10D1F00002912146DCF84050A8470EB0BDE8F08708
:10D2000010F0040FD9E703689B6A9847B9F800301B
:10D21000BDF932204FEA470EBDF930105E43BDF92B
:10D220002CC0FF2D03FB0212ACEB070CA3EB07078E
:10D2300000EB42000CEB4C0C00EB46064FEA4707B4
:10D2400049D0EB431FFA85F9DBB2B04266D200EB5E
:10D250000E0A5045214604F103045BD2028814F8FB
:10D26000011C4FEA222811FB09F1D51008F0F8083B
:10D27000D20005F0FC0548EA581845EA951508FB68
:10D28000031814F8021CD2B211FB09F11FFA88F836
:10D2900042EA521205FB031514F8031C11FB09F1B5
:10D2A000ADB202FB031208F1010192B201EB1828A2
:10D2B000511C08F4784801EB1222691C01EB15257A
:10D2C000C2F3C4226D0942EA080205F4FC652A4350
:10D2D00020F8022BBDE7144AB0421FD200EB0E0526
:10D2E000A842214604F1030410D214F8023C14F8B9
:10D2F000011CDB0002EA012103F4FC630B4314F878
:10D30000031C43EAD10320F8023BE9E7384401EB70
:10D310000C04E1E7384401EB0C0496E7034B186872
:10D320000368DB6A984768E700F8FFFF6C6001203C
:10D3300064600120F0B416461C460D46049A012E86
:10D340009DF814309DF8187012D003D3022E0AD025
:10D35000F0BC70470568CDE90437ED6813462246F6
:10D36000AC46F0BC604721462846F0BCFFF794BDB0
:10D3700021462846F0BCFFF7E5BE00002DE9F04F3E
:10D3800093B081468846106851680EAC16469DF8E9
:10D3900070A06B4F03C4186810AC596803C40EA882
:10D3A000F7F7A8FC314610A8664EF7F7CBFCBDF99D
:10D3B0004020BDF94230BDF83C10306811FB03211C
:10D3C000BDF94440BDF946508944BDF838100A44BF
:10D3D000ADF84020BDF83A201344ADF84230036860
:10D3E0009B6B984710F0800F30681DD000220168B9
:10D3F000A4B2BDF84030ADB2CDE908220B220792AD
:10D400003A880295069201220194CDE904A2BDF862
:10D410003C200392BDF8422000924246CC6B494624
:10D42000A04713B0BDE8F08F03689B6A98473B881C
:10D43000BDF942204FF0040EBDF940105D4303FBDF
:10D44000021200EB420000EB45020C92BDF93C20B9
:10D45000121B0D9262001C1B0A9263000B930C9B23
:10D46000984266D20A9B00EB030B58455CD219F830
:10D47000013B1EFB03E358F80320110E12D0FF29D5
:10D480004FEA122710D1BAF1FF0F0DD1530927F43B
:10D49000FF67C2F3C40203F4FC6327F007071F43CE
:10D4A0003A4302800230E0E70AFB01F10688C2F34A
:10D4B000074CD2B24B1C3512F41003EB212305F0BC
:10D4C000F805F60004F0FC041B12F6B299B2DB4337
:10D4D00045EA55151CFB01FCDBB212FB01F246EAE2
:10D4E000561605FB03C5FFB206FB032244EA94145B
:10D4F00017FB01F7ADB292B204FB037405F1010C06
:10D50000571C0CEB152507EB1227A4B205F4784540
:10D51000C7F3C4273D43671C07EB1424640904F4D4
:10D52000FC6425430580BDE70B9B18440D9B994483
:10D5300095E7044B18680368DB6A984771E700BFFA
:10D54000646001206C6001202DE9F04F87B08046B7
:10D550000D4614469DF84060002E00F0B98010681A
:10D5600002AF516803C7186804AF596803C702A81F
:10D57000F7F7C0FB214604A8F7F7E4FBBDF910203C
:10D58000BDF91230BDF80C40BDF9167014FB032133
:10D5900008EB0104BDF80810BDF914800A444FEAF5
:10D5A000480AADF81020BDF80A201344ADF8123037
:10D5B000494B186803689B6A9847484BBDF912109D
:10D5C000FF2E1A88BDF910C002FB01C102FB07F251
:10D5D00000EB410005F104011D465AD0C6F1FF0ED3
:10D5E00000EB4202B6B201931FFA8EFE82426AD964
:10D5F00000EB0A0B834540D9058814F8013B2F1234
:10D6000031F813304FEAE50907F0F807ED004FEA6B
:10D61000232C09F0FC0917FB0EF7EDB219FB0EF9EC
:10D620000CF0F80C15FB0EF50CFB067CDF10DB0094
:10D630001FFA8CFC07F0FC07DBB207FB06970CF126
:10D64000010903FB065309EB1C2C9BB20CF478492F
:10D65000BFB203F1010C0CEB132CCCF3C42C4CEA3D
:10D66000090C07F1010909EB17277F0907F4FC678B
:10D670004CEA070C20F802CBBCE7019B1B88A3EB0C
:10D68000080300EB4300BDF90C30A3EB08031C4476
:10D69000ACE700EB4202824215D900EB0A06864253
:10D6A00006D914F8013B31F8133020F8023BF6E7B5
:10D6B0002B88A3EB080300EB4300BDF90C30A3EB70
:10D6C00008031C44E7E7044B18680368DB6A9847C3
:10D6D00007B0BDE8F08F00BF6C60012064600120DE
:10D6E0002DE9F04F91B080460F4614469DF86850E2
:10D6F000002D51D010680CAE5168DFF8009203C6BF
:10D7000018680EAE596803C60CA8F7F7F3FA21465D
:10D710000EA8F7F717FBBDF93820BDF93A30BDF870
:10D720003410D9F8000011FB0321BDF93C60BDF9AC
:10D730003EA008EB0104BDF83010DFF8C4810A44B4
:10D74000ADF83820BDF832201344ADF83A30036804
:10D750009B6B984710F0800FD9F800001FD0002273
:10D760000168B6B2BDF83830CDE908220B22079225
:10D77000B8F80020019606920122CDE90452BDF8C6
:10D78000342003921FFA8AF20292BDF83A200092E6
:10D790003A46CD6B2146A84711B0BDE8F08F03682B
:10D7A0004FEA46099B6A9847B8F80020BDF93A301D
:10D7B000FF2DBDF938100AFB02FA02FB031300EB40
:10D7C000430062D06FEA050C00EB4A03ADB2CDF81E
:10D7D0002C805FFA8CFC0A930A9B984280F085802B
:10D7E00000EB090B584546D214F801EB0323042241
:10D7F00013FB0E2E038807EB0E0A1912DA1017F826
:10D800000EE09AF8028001F0F801DB0002F0FC0261
:10D8100018FB05F841EA51111EFB05FEDBB201FBC6
:10D820000C819AF8018042EA921218FB05F843EA4B
:10D83000531389B202FB0C8203FB0CE301F10108D4
:10D8400092B29BB208EB112102F1010803F1010E23
:10D8500008EB122801F478410EEB132E4FEA58180A
:10D86000CEF3C42E08F4FC684EEA010141EA080137
:10D8700020F8021BB6E70B9B1B889B1B00EB4300A9
:10D88000BDF934309B1B1C44A6E700EB4A0A032277
:10D8900004251949504528D200EB090C6045234660
:10D8A00019D293F800E0013412FB0E5E07EB0E0B69
:10D8B00017F80EE09BF802309BF801B001EA032351
:10D8C0004FEACB0B0BF4FC6B43EA0B0343EADE039A
:10D8D00020F8023BE2E7B8F800309B1B00EB430066
:10D8E000BDF934309B1B1C44D4E7044B1868036813
:10D8F000DB6A984750E700BF00F8FFFF6C6001202B
:10D9000064600120F0B40C4611469DF814501A468C
:10D910000F78049B012F4E7838D01FD3022F4DD1A2
:10D92000032E4BD8DFE806F00207141704952046B3
:10D93000F0BCFFF709BEC06F00283FD00668CDE9F4
:10D940000435B5681346AC460A462146F0BC60472C
:10D95000D0F88000F0E7D0F88400EDE7032E2DD852
:10D96000DFE806F002070E1104952046F0BCFFF731
:10D9700005BDC06F10B30668CDE90435F568E1E771
:10D98000D0F88000F6E7D0F88400F3E7032E15D82E
:10D99000DFE806F002070E1104952046F0BCFFF701
:10D9A0009FBEC06F50B10668CDE904353569C9E73F
:10D9B000D0F88000F6E7D0F88400F3E7F0BC7047B9
:10D9C0002DE9F04F87B004460E461068516802AD4D
:10D9D00017469DF840A0DFF8309203C5186804ADE3
:10D9E000596803C502A8F7F785F9394604A8F7F77F
:10D9F000A9F9BDF91020BDF91230BDF80C10BDF920
:10DA0000148011FB0321BDF9165004EB41040E44B0
:10DA1000BDF808100A44ADF81020BDF80A201344E0
:10DA2000ADF81230774B186803689B6A9847B9F8CD
:10DA300000B0BDF91230BAF1FF0FBDF9102005FB9F
:10DA40000BF50BFB032300EB43004FEA4803009365
:10DA500069D000EB450B584580F0CC80009B3146E7
:10DA6000C3180193019B98424FD211F8012B002A51
:10DA700048D00AFB02F2531C03EB12231B1241D0C5
:10DA800002889EB2B4F800C0DB431512DBB24FEA45
:10DA90002C2705F0F8054FEAE20E15FB03F507F019
:10DAA000F807D2000EF0FC0E07FB06574FEAEC0514
:10DAB000D2B24FEACC0C05F0FC051EFB03FEBFB250
:10DAC00012FB03F25FFA8CFC05FB06E507F1010E81
:10DAD0000CFB062C0EEB17271FFA8CFC07F4784E74
:10DAE000ADB20CF1010707EB1C27C7F3C42747EAC7
:10DAF0000E0705F1010E0EEB15256D0905F4FC6509
:10DB00002F43078002300234ACE7B9F80030BDF98A
:10DB10000C60A3EB0803A6EB080600EB430004EB44
:10DB200046040E4497E700EB4505A84262D2009BED
:10DB3000314600EB030B58454ED211F8013B2BB197
:10DB4000FF2BB4F800E004D1A0F800E0023002346A
:10DB5000F1E702889FB2DB434FEA2E2C1612DBB2AC
:10DB60000CF0F80C06F0F8064FEAE20AD20016FBB9
:10DB700003F60AF0FC0AD2B20CFB076C4FEAEE0681
:10DB80001AFB03FA4FEACE0E1FFA8CFC06F0FC06D5
:10DB900012FB03F35FFA8EFE06FB07A60CF10102EF
:10DBA0000EFB0733B6B29BB202EB1C2C06F1010A46
:10DBB0000CF4784203F1010C0AEB16260CEB132C43
:10DBC0007609CCF3C42C06F4FC664CEA020C4CEA51
:10DBD000060CA0F800C0B9E7B9F80030BDF90C6038
:10DBE000A3EB0803A6EB080600EB430004EB460496
:10DBF0000E449AE7034B18680368DB6A984707B03E
:10DC0000BDE8F08F6C600120646001202DE9F04FC9
:10DC100089B082460F4691469DF84C609846129C0A
:10DC2000002E3DD00846FAF771FD05463846FAF752
:10DC3000A1FDADF80E003846ADF80890ADF80C50D7
:10DC4000ADF80A80FAF74EFE05463846FAF77AFE36
:10DC500081463846FAF7CAFE0B2821D8DFE800F0E3
:10DC6000BEAE062020202020202020B5B04B186812
:10DC700003689B6B9847FF2E01D1830606D5334678
:10DC8000224602A92846FFF707F909E03846FAF7C5
:10DC9000F1FD40B9234602AA29465046FFF7E2F9B2
:10DCA00009B0BDE8F08F0DF11808394604AF4046C1
:10DCB000FAF794FD98E8030087E803003846214608
:10DCC000F1F74AFF3846F1F78AFF0028D7D1BDF9AE
:10DCD0001230B4F90220934212DD9B1AB4F900000D
:10DCE000B4F90410ADF818002846ADF81A204246E1
:10DCF000ADF81C1002A9ADF81E303346FFF7CCF882
:10DD0000BDF91030B4F90020934212DD9B1ABDF921
:10DD10001200BDF91610ADF818204246ADF81A00F1
:10DD20002846ADF81C30FF23ADF81E1002A9FFF7FE
:10DD3000B3F83B4602AA29465046FFF793F9A2885A
:10DD40002388BDF814101344BDF810200A449BB278
:10DD500092B218B211B2884212DD9B1ABDF91600B8
:10DD6000BDF912604246ADF8181002A9ADF81C309A
:10DD7000FF23ADF81E002846ADF81A60FFF78CF8B7
:10DD8000E2886388BDF816101344BDF812200A44D7
:10DD90009BB292B218B211B2884281DD9B1AB4F9DB
:10DDA0000060B4F904004246ADF81E30FF23ADF820
:10DDB0001860ADF81A10ADF81C0062E73346224631
:10DDC00002A92846FFF7BEF96AE7CDE9004602AB93
:10DDD0004A4629465046FFF795FD61E73846FAF76F
:10DDE00049FD50B9DAF8003002AA2946CDE90060B1
:10DDF0005046DE682346B04752E70DF11808394611
:10DE000004AF4046FAF7EAFC98E8030087E803000D
:10DE100038462146F1F7A0FE3846F1F7E0FE38B16A
:10DE20002346009602AA49462846FFF7C9FD37E770
:10DE3000DAF8003002AA2946CDE900605046D3F84E
:10DE40000CB03B46D847BDF91230B4F902209342DA
:10DE500013DDB4F900009B1AB4F90410ADF81800F2
:10DE60002846ADF81A2002AAADF81C104946ADF8B4
:10DE70001E3043460096FFF7A3FDBDF91030B4F9FC
:10DE80000020934213DD9B1ABDF91200BDF9161054
:10DE9000ADF8182002AAADF81A002846ADF81C30DB
:10DEA0004346ADF81E1049460096FFF789FDA2884B
:10DEB0002388BDF814101344BDF810200A449BB207
:10DEC00092B218B211B2884213DD9B1ABDF9160046
:10DED000BDF9127002AAADF818104946ADF81C3011
:10DEE0004346ADF81E0028460096ADF81A70FFF7BD
:10DEF00067FDE2886388BDF816101344BDF8122050
:10DF00000A449BB292B218B211B288427FF7C8AEEF
:10DF1000B4F900709B1AB4F90400ADF81E30434602
:10DF2000ADF81870ADF81A10ADF81C00009679E73E
:10DF30006C60012080B103291CD8DFE801F0021DCC
:10DF4000081F104B1888C0F30E00404270470D4B5D
:10DF50001888C0F30E00704703290BD801A353F8AB
:10DF600021F000BF79DF02084FDF02087DDF0208E1
:10DF700043DF020800207047012070474FF0FF3058
:10DF8000704700BF6460012080B103291CD8DFE81E
:10DF900001F01D021F07104B1888C0F30E007047D8
:10DFA0000D4B1888C0F30E004042704703290BD870
:10DFB00001A353F821F000BF97DF0208D1DF020868
:10DFC000A1DF0208CDDF0208002070470120704762
:10DFD0004FF0FF30704700BF646001202DE9F04F23
:10DFE00099B00B9114A9BDF98840BDF89050BDF8C7
:10DFF00094609DF8AC809DF8B4A081E80C00BDF958
:10E000008C30DDE92621099391F80D909DF8A4301C
:10E010004FEA491710939DF8B0300C9307F48073C2
:10E020008F791F4300F095814FEA091909F4807335
:10E0300091F8079059EA030900F08B8191F90930B2
:10E040009BB2002D00F02E81ED1AADB22B0402D54B
:10E05000641B002524B2B2F9001014A8CDF8289052
:10E060008C428BB2BFBFED182C1BA5B20C46918819
:10E070000B4421461BB20F93D38852881344099A4C
:10E080001BB20D93BD4B93F800B00BF1FF3CDCF1DC
:10E09000000343EB0C030E935346F6F7A0FC214616
:10E0A000ADF85C005346099A14A8F6F7B5FC18A918
:10E0B00021F8020D17A8F6F7DBFDBAF1000F40F0CA
:10E0C000F480BBF1010F40F0F880109B002B40F072
:10E0D0004581BAB205B96EB106FB025328983146A4
:10E0E00008FB03F303F0070600EBD3032893A9EB27
:10E0F00001030A9351460E98FFF71CFF81460E98C4
:10E10000FFF742FF0D9B09998346A3EB010A0A9B87
:10E110009A45A8BF9A46BAF1000F40F31A81641BD2
:10E120000F9B1C1BBC42D4BFC5EB0405C5EB070508
:10E13000002D40F30E81521B08FB02F30F930B9B43
:10E14000002B40F016818E4B186803689B6A984735
:10E1500001238C4A03FA08F31188BDF95C20013BC6
:10E16000DBB20E93BDF95E3001FB032300EB4303EA
:10E170000A932A9BC3F3074313932A9B190ACBB232
:10E1800012932A9BDBB211932A9B5A097E4B02F40D
:10E19000FC620B4013432A9AC2F3C40213439BB29E
:10E1A0001093289B1A784FEA490305FB19B93241AD
:10E1B00003FB05FB0D93D2B20BEB490B1AF1FF3AAF
:10E1C000C0F0F580AE46DDF828C01EF1FF3EC0F07D
:10E1D000DD800E9B134055D0FF200E9990FBF1F18E
:10E1E0004B43FE2B03DD0C99814200F0C4800C9957
:10E1F000BCF8004011FB03F320129BB200F0F800C2
:10E20000591C40EA501001EB1323E110C3F307231C
:10E21000E40001F0FC019FB2DB4341EA9111DBB263
:10E22000E4B20993139B44EA541413FB07F9099BC6
:10E2300000FB0390129B13FB07F9099B80B201FBC3
:10E240000391119B13FB07F7099B89B204FB03742D
:10E25000431CA4B203EB102004F1010900F4784040
:10E2600009EB1429C9F3C42949EA000001F10109A5
:10E2700009EB11294FEA591909F4FC6940EA090030
:10E28000ACF800004644B6B2072E89BF289B42FA7C
:10E2900008F200265A788ABF0133D2B228930D9B28
:10E2A0009C4492E71C4424B2D5E6BAF1010F7FF4F6
:10E2B0000CAFBBF1010F7FF408AFDFF8C4B0DBF89F
:10E2C000000003689B6B984710F480735A4606D091
:10E2D000B8F1040F40D1109B003318BF0123800513
:10E2E0006ED5B8F1080F6BD1002B0CBF4FF4007145
:10E2F0004FF48071002D7FF4E8AE002E7FF4E5AE80
:10E30000E3190F9883423FF7E0AE099B0D984B4409
:10E3100083423FF7DAAEBFB2B8F1080F10684FF092
:10E32000000518BF0137BDF85E30046818BF27F03C
:10E330000107BDF85C20CDE905150C9918BFBFB2E7
:10E3400004912A99CDE90079CDE902712899646D8B
:10E35000A04719B0BDE8F08F0023C0E7082292FB68
:10E36000F8F35A1E3A4492FBF3F212FB03F292B214
:10E37000B0E60B98ECE6109882E700BF62600120DF
:10E380006C6001206460012000F8FF000F9B53B116
:10E390001E44289BB6B203EBD60306F007061A7894
:10E3A00028933241D2B20A9B5B440A9306E70B9B47
:10E3B000002BCED1054B18680368DB6A9847C8E785
:10E3C000002B3FF482AE4FF4807193E76C60012024
:10E3D00038B5154C05462378BFF35B8FDA070BD4AD
:10E3E000204608F00BFD38B1204608F023FD0F4A07
:10E3F0000F49104808F0E6FE0F4C2378BFF35B8FFF
:10E40000DB070BD4204608F0F9FC38B1204608F0B1
:10E4100011FD064A09490A4808F0D4FE054B6B6114
:10E42000074BAB6138BD00BF4C61012000000020EC
:10E43000C1B102089000002050610120BFB1020864
:10E440009400002038B5154C05462378BFF35B8F48
:10E45000DA070BD4204608F0D1FC38B1204608F08A
:10E46000E9FC0F4A0F49104808F0ACFE0F4C237826
:10E47000BFF35B8FDB070BD4204608F0BFFC38B13D
:10E48000204608F0D7FC064A09490A4808F09AFED7
:10E49000054BEB60074B2B6138BD00BF24610120A9
:10E4A00000000020C5B1020868000020286101209A
:10E4B000C3B102086C00002010B50446FFF788FFC6
:10E4C0002046BDE81040FFF7BDBF000038B5154C31
:10E4D00005462378BFF35B8FDA070BD4204608F09C
:10E4E0008DFC38B1204608F0A5FC0F4A0F491048B2
:10E4F00008F068FE0F4C2378BFF35B8FDB070BD46B
:10E50000204608F07BFC38B1204608F093FC064A10
:10E5100009490A4808F056FE054B6B62074BAB628F
:10E5200038BD00BF5461012000000020B9B10208CD
:10E530009800002058610120B7B102089C0000201B
:10E5400038B5154C05462378BFF35B8FDA070BD43B
:10E55000204608F053FC38B1204608F06BFC0F4A07
:10E560000F49104808F02EFE0F4C2378BFF35B8F45
:10E57000DB070BD4204608F041FC38B1204608F0F8
:10E5800059FC064A09490A4808F01CFE054BEB6194
:10E59000074B2B6238BD00BF2C610120000000201A
:10E5A000BDB102087000002030610120BBB102083B
:10E5B0007400002010B50446FFF788FF2046BDE830
:10E5C0001040FFF7BDBF000038B5154C0546237855
:10E5D000BFF35B8FDA070BD4204608F00FFC38B18D
:10E5E000204608F027FC0F4A0F49104808F0EAFDC2
:10E5F0000F4C2378BFF35B8FDB070BD4204608F06A
:10E60000FDFB38B1204608F015FC064A09490A48C6
:10E6100008F0D8FD054B6B63074BAB6338BD00BFFB
:10E620006461012000000020B1B10208A8000020B0
:10E6300068610120AFB10208AC00002038B5154C6C
:10E6400005462378BFF35B8FDA070BD4204608F02A
:10E65000D5FB38B1204608F0EDFB0F4A0F491048B2
:10E6600008F0B0FD0F4C2378BFF35B8FDB070BD4B2
:10E67000204608F0C3FB38B1204608F0DBFB064A11
:10E6800009490A4808F09EFD054BEB62074B2B63D6
:10E6900038BD00BF3461012000000020B5B1020880
:10E6A0007800002038610120B3B102087C0000200E
:10E6B00010B50446FFF788FF2046BDE81040FFF77D
:10E6C000BDBF000038B5154C05462378BFF35B8FFE
:10E6D000DA070BD4204608F091FB38B1204608F049
:10E6E000A9FB0F4A0F49104808F06CFD0F4C237826
:10E6F000BFF35B8FDB070BD4204608F07FFB38B1FC
:10E70000204608F097FB064A09490A4808F05AFDD6
:10E71000054B6B65074BAB6538BD00BF6C610120D5
:10E7200000000020A1B10208B000002070610120AB
:10E730009FB10208B400002038B5154C0546237877
:10E74000BFF35B8FDA070BD4204608F057FB38B1D4
:10E75000204608F06FFB0F4A0F49104808F032FDC1
:10E760000F4C2378BFF35B8FDB070BD4204608F0F8
:10E7700045FB38B1204608F05DFB064A09490A48C6
:10E7800008F020FD054BEB64074B2B6538BD00BF3F
:10E790007461012000000020A5B10208B80000202B
:10E7A00078610120A3B10208BC00002038B5154CE7
:10E7B00005462378BFF35B8FDA070BD4204608F0B9
:10E7C0001DFB38B1204608F035FB0F4A0F491048B1
:10E7D00008F0F8FC0F4C2378BFF35B8FDB070BD4FA
:10E7E000204608F00BFB38B1204608F023FB064A10
:10E7F00009490A4808F0E6FC054B6B64074BAB641B
:10E8000038BD00BF3C61012000000020A9B1020812
:10E810008000002040610120A7B102088400002090
:10E8200038B5154C05462378BFF35B8FDA070BD458
:10E83000204608F0E3FA38B1204608F0FBFA0F4A08
:10E840000F49104808F0BEFC0F4C2378BFF35B8FD4
:10E85000DB070BD4204608F0D1FA38B1204608F087
:10E86000E9FA064A09490A4808F0ACFC054BEB6393
:10E87000074B2B6438BD00BF5C6101200000002005
:10E88000ADB10208A000002060610120ABB1020818
:10E89000A400002010B50446FFF714FF2046FFF740
:10E8A00085FF2046FFF748FF2046BDE81040FFF7F0
:10E8B000B7BF000038B5154C05462378BFF35B8F12
:10E8C000DA070BD4204608F099FA38B1204608F050
:10E8D000B1FA0F4A0F49104808F074FC0F4C237826
:10E8E000BFF35B8FDB070BD4204608F087FA38B103
:10E8F000204608F09FFA064A09490A4808F062FCD7
:10E90000054B6B66074BAB6638BD00BF4461012009
:10E910000000002099B10208880000204861012011
:10E9200097B102088C00002038B5154C05462378B5
:10E93000BFF35B8FDA070BD4204608F05FFA38B1DB
:10E94000204608F077FA0F4A0F49104808F03AFCC1
:10E950000F4C2378BFF35B8FDB070BD4204608F006
:10E960004DFA38B1204608F065FA064A09490A48C6
:10E9700008F028FC054BEB65074B2B6638BD00BF44
:10E980001C610120000000209DB1020860000020F1
:10E99000206101209BB102086400002010B50446EC
:10E9A000FFF788FF2046BDE81040FFF7BDBF00001D
:10E9B00038B5154C05462378BFF35B8FDA070BD4C7
:10E9C000204608F01BFA38B1204608F033FA0F4A07
:10E9D0000F49104808F0F6FB0F4C2378BFF35B8F0C
:10E9E000DB070BD4204608F009FA38B1204608F0BE
:10E9F00021FA064A09490A4808F0E4FB054B6B670F
:10EA0000074BAB6738BD00BF146101200000002038
:10EA100091B1020858000020186101208FB102084E
:10EA20005C00002038B5154C05462378BFF35B8F9A
:10EA3000DA070BD4204608F0E1F938B1204608F097
:10EA4000F9F90F4A0F49104808F0BCFB0F4C237826
:10EA5000BFF35B8FDB070BD4204608F0CFF938B14A
:10EA6000204608F0E7F9064A09490A4808F0AAFBD7
:10EA7000054BEB66074B2B6738BD00BF0C610120CF
:10EA80000000002095B10208500000201061012014
:10EA900093B102085400002010B50446FFF788FF28
:10EAA0002046BDE81040FFF7BDBF10B50446FFF794
:10EAB000F3FF2046FFF772FF2046FFF7F9FD2046DF
:10EAC000FFF7FAFC2046FFF775FD2046BDE8104031
:10EAD000FFF7E0BE38B50B4C05462378BFF35B8FDC
:10EAE000DB070BD4204608F089F938B1204608F03E
:10EAF000A1F9054A0549064808F064FB044BEB6799
:10EB000038BD00BF00610120000000208DB1020867
:10EB10004800002038B50B4C05462378BFF35B8FC7
:10EB2000DB070BD4204608F069F938B1204608F01D
:10EB300081F9054A0549064808F044FB044BC5F82D
:10EB4000803038BD04610120000000208BB1020834
:10EB50004C00002070B50D4D06460D4C2B78BFF3D0
:10EB60005B8F13F0010F0DD1284608F047F948B12B
:10EB7000084B2846236008F05DF9074A20460749FC
:10EB800008F020FBC6F8844070BD00BF086101207A
:10EB90007C6101209C4104080000002089B102082A
:10EBA00010B50446FFF796FF2046FFF7B3FF204657
:10EBB000BDE81040FFF7CEBF2DE9F04FDDE90B4572
:10EBC000BDF924E0002DBDF928B005FB0E4C9DF8E1
:10EBD00034909DF838709DF83C6002EB0C0A088870
:10EBE000C0F2B080AB4540F3AD80002CC0F2A880ED
:10EBF000A64540F3A58012F80C2033F81280621C61
:10EC000000F1A380964540F3A080B9F1000F00F019
:10EC10009C809AF8012033F812C0013500F19980E8
:10EC2000AB4540F39680002F00F09380002CC0F29B
:10EC30008E80A64540F38B801AF80E2033F81250D0
:10EC4000013400F18980A64540F38680B9F1000FB8
:10EC500000F08280D6449EF8012033F812304FEA4B
:10EC6000084428F4FC6819FB07FEC7F1100204F001
:10EC7000FC64CEF3C70EA2EB090244EA08084FEA8F
:10EC80000C442CF4FC6C0EEB420204F0FC64CEEB62
:10EC9000470744EA0C0CCEEB490404FB0CF402FBDE
:10ECA00008481A0423F4FC63B4B202F0FC62F64391
:10ECB00013432A0425F4FC65F6B202F0FC620EFB55
:10ECC00003832A4307FB0232C710530D07F0FC07EA
:10ECD000520917FB06F703F4FC6322F4FC621A43A3
:10ECE00093B202121D1202F0F802C00005F0F805FE
:10ECF00012FB06F2C0B205FB0425DA1010FB06F089
:10ED0000DB00ADB202F0FC02DBB202FB047203FBDB
:10ED100004006B1C92B280B203EB1525431C05F472
:10ED2000784503EB1023501C00EB1222C3F3C423DD
:10ED300052092B4302F4FC6213430B80BDE8F08FB1
:10ED400080465CE78446804667E7844665E705467B
:10ED500076E70346054682E7034680E72DE9F04F54
:10ED600099B0159209932F9A9DF8CC3016900D9377
:10ED700050680C9112689DED235ADDED245A9DEDEB
:10ED8000256ADDED2C7A9DED2D7A9DED343ADDED91
:10ED9000353A9DED364ADDE93013DDE926A500FB65
:10EDA000031302EB4308329B1B680B93329B5E6894
:10EDB0000D9B0436DB43DBB20A930C9B002B03DC78
:10EDC000159B002B40F32582329BB3F90810B3F951
:10EDD0000C20481E571E099B002B40F3E3805FEA7E
:10EDE0002A4C4FEA254306D4844504DA002B02DB83
:10EDF000BB42C0F2D8801CF1010C00F1C980614512
:10EE0000C0F2C680013300F1C3809A42C0F2C080D4
:10EE1000DDF824B04746BBF1000F40F3E380329A9F
:10EE20004FEA254C329BCAF30330D2F80CE05FEA7C
:10EE30002A42C5F303319B6800F1218103F1FF39B8
:10EE40004A4580F21C81BCF1000FC0F218810EF11E
:10EE5000FF39CC4580F213811BB20B9C0CFB0322C3
:10EE600004EB0209A25C36F812E0002800F0FE80F4
:10EE700099F8012036F81220119251B109EB0302E2
:10EE800019F8033036F813300F93537836F81330EF
:10EE90001293119B10FB01F2129C4FEA034C23F4D6
:10EEA000FC6324F4FC64D2100CF0FC6CC2EB40094F
:10EEB0004CEA030C129B1B0403F0FC6323430A9CE3
:10EEC000534309FB0C334FEA0E4C2EF4FC6E0CF04E
:10EED000FC6C4CEA0E0EC1F1100CACEB000C02EB1A
:10EEE0004C0CC2EB41020CFB0E3C0F9B180423F4AC
:10EEF000FC6300F0FC60184302FB00C23888530D2D
:10EF0000520903F4FC63011222F4FC624FEAE00EA2
:10EF100001F0F801C0001A43BDF8343011FB04F1D0
:10EF20000EF0FC0E92B21EFB04FEC0B24FEA222C81
:10EF300010FB04F00CF0F80C0CFB031CD110D200F9
:10EF400001F0FC011FFA8CFCD2B201FB03E102FBD1
:10EF5000030389B29AB20CF1010303EB1C2C531C7E
:10EF600003EB12234A1C0CF4784C02EB1121C3F37F
:10EF7000C423490943EA0C0301F4FC610B433B80C1
:10EF8000289B02370BF1FF3B9A44299B1D4442E723
:10EF9000289B08F102089A44299B1D44099B013BC8
:10EFA000099318E723D0099B2898013B00FB03A095
:10EFB00000143FF52DAF01398842BFF629AF2999DA
:10EFC00001FB03531B143FF523AF013A9342BFF6F5
:10EFD0001FAFDDF824E0BDF83490CDF83880BEF1E5
:10EFE000000F6CDC099B23EAE37408EB44080C9BDC
:10EFF000002B40F30E81F7EE004A229B35EE035AB8
:10F0000075EEA35AF0EE672AC4EE856A36EE046AFE
:10F01000FEEEC82A12EE90AAF0EE472AFEEEC82AAB
:10F0200012EE905A65EEA64A66EE266A74EEE77A0C
:10F0300036EEC77AFEEEC87ABEEEC87A17EE902A90
:10F04000F0EE647A92FBF3F317EE102A2893229BDA
:10F05000B0EE667A92FBF3F329930C9B159A013B71
:10F060000C93229B08BF13460993A6E600293FF4A0
:10F0700010AF19F8033036F813300F9309E712F187
:10F0800001093FF57DAF4B45FFF67AAF1CF1010951
:10F090003FF576AFCE45FFF673AF0D9C1BB20292E3
:10F0A0000FFA8EF20093334601920B9ACDE90514C4
:10F0B000CDE903C039461698FFF77EFD60E7329B25
:10F0C0004FEA2A4229140B9CB3F90830CAF3033CD7
:10F0D000C5F3033003FB01210B9A0A44615C36F847
:10F0E0001110BCF1000F00F08C80577836F81740F3
:10F0F000139440B1D718D35C36F8133010937B7853
:10F1000036F813301493139B1CFB00F2149C0EF181
:10F11000FF3E1F0423F4FC63D21024F4FC6B07F0C1
:10F12000FC671F43C2EB4C031793149B179C1B04F3
:10F1300003F0FC6343EA0B034FEA014B21F4FC614B
:10F14000534304FB07370BF0FC630A9C43EA010BB3
:10F15000C0F11001109BA1EB0C0C02EB4C0CC2EBAC
:10F1600040020CFB0B774FEA034C23F4FC6B0CF0D2
:10F17000FC6C4CEA0B0C02FB0C770E9A790D128892
:10F180007F0901F4FC6127F4FC670F431112BBB245
:10F1900001F0F801D71011FB04F11812D20007F0AA
:10F1A000FC0700F0F80017FB04F7D2B200FB0910CF
:10F1B000D91012FB04F2DB0001F0FC0180B2DBB2DB
:10F1C00001FB097103FB0923421C89B29BB202EBCC
:10F1D00010204F1C5A1C07EB112100F4784002EB61
:10F1E00013220E9B4909C2F3C42201F4FC611043AF
:10F1F000084323F8020B0E93289B9A44299B1D4435
:10F20000EDE600283FF47FAFD35C36F8133010935F
:10F2100079E719B0BDE8F08F2DE9F047DDE90A483C
:10F22000BDF920E0B8F1000FBDF924A008FB0E479E
:10F230009DF830509DF8346002EB0709088867DBC1
:10F24000C24565DD002C61DBA6455FDDD25D33F88C
:10F2500012C0621C5FD496455DDD002D5BD099F82D
:10F26000012033F8127018F1010858D4C24556DD58
:10F27000002E54D0002C50DBA6454EDD19F80E2090
:10F2800033F81220013407D4A64505DD25B1CE445C
:10F290009EF8010033F8100015FB06F44FEA0C430A
:10F2A0004FEA074E2CF4FC6C03F0FC63C4F3C70474
:10F2B0000EF0FC6E27F4FC6743EA0C0CC6F1100359
:10F2C0004EEA0707C4EB46065B1BC4EB450504EB9F
:10F2D00043037D4303FB0C5C030420F4FC6003F058
:10F2E000FC631843130422F4FC6203F0FC6304FB88
:10F2F00000C0134306FB0300430D400903F4FC6305
:10F3000020F4FC6018430880BDE8F0878446A0E73D
:10F3100007468446A7E70746A5E70246B2E7024646
:10F32000BAE72DE9F04F93B0B7EE004A0F92299A51
:10F33000109008915068069312689DED1D5ADDEDFE
:10F340001E5A9DED1F6ADDED267A9DED277ADDEDD3
:10F350002E2A9DED2F3ADDED303ADDE92A13DDE965
:10F36000204600FB031302EB43092C9B1B68079309
:10F370002C9B5F680437089B002B03DC0F9B002B42
:10F3800040F3B2812C9BB3F90810B3F90C20481E4E
:10F3900002F1FF3C069B002B40F3A9805FEA244E5C
:10F3A0004FEA264306D4864504DA002B02DB634588
:10F3B000C0F29E801EF1010E00F18F807145C0F2F7
:10F3C0008C80013300F189809A42C0F28680DDF89A
:10F3D00018B0C846BBF1000F40F3A6802C9A4FEA44
:10F3E000264C2C9BC4F30330D2F80CE02214C6F355
:10F3F00003319B6800F1E38003F1FF3A524580F24C
:10F40000DE80BCF1000FC0F2DA800EF1FF3AD44585
:10F4100080F2D5801BB2079D0CFB032205EB020A8C
:10F42000AA5C37F812E0002800F0C0809AF80120AA
:10F4300037F812200B9251B10AEB03021AF803308D
:10F4400037F813300993537837F813300C930B9B2C
:10F4500010FB01F20C9D4FEA034C23F4FC6325F4EE
:10F46000FC65D2100CF0FC6CC2EB400A4CEA030CB9
:10F470000C9B1B0403F0FC632B4353430AFB0C332C
:10F480004FEA0E4C2EF4FC6E0CF0FC6C4CEA0E0EA7
:10F49000C1F1100CACEB000C02EB4C0CC2EB4102C6
:10F4A0000CFB0E3C099B180423F4FC6300F0FC6089
:10F4B000184302FB00C2530D520903F4FC6322F40B
:10F4C000FC621A43A8F80020229B08F102080BF105
:10F4D000FF3B1C44239B1E447CE7229B09F102094D
:10F4E0001C44239B1E44069B013B069352E720D0FD
:10F4F000069B2298013B00FB034000143FF567AFD9
:10F5000001398842BFF663AF239901FB03631B14E3
:10F510003FF55DAF013A9342BFF659AFDDF8188071
:10F52000CA46B8F1000F67DC069B23EAE37509EBD6
:10F530004509089B002B40F3D78035EE225A1C9BCF
:10F5400075EE835AB0EE672AC4EE056A36EE236A7A
:10F55000BEEEC82A12EE104AB0EE472ABEEEC82A06
:10F5600012EE106A65EEA64A66EE266A74EEE77A37
:10F5700036EEC77AFEEEC87ABEEEC87A17EE902A4B
:10F58000F0EE647A92FBF3F317EE102A22931C9BA1
:10F59000B0EE667A92FBF3F32393089B0F9A013B3C
:10F5A00008931C9B08BF13460693E4E600293FF42A
:10F5B0004EAF1AF8033037F81330099347E712F1CA
:10F5C000010A81D45345FFF67FAF1CF1010A3FF5D4
:10F5D0007BAFD645FFF678AF1BB2CDE9022C0FFA10
:10F5E0008EF200933B460192079ACDE90401414611
:10F5F0001098FFF711FE67E72C9B22143114079D2A
:10F60000B3F90830C4F3033EC6F3033003FB012112
:10F61000079A0A44695C37F81110BEF1000F5CD0FC
:10F6200092F801C037F81C500D9550B102EB030C55
:10F63000D35C37F813300A939CF8013037F8133055
:10F640000E930D9B1EFB00F20E9D08F1FF384FEA52
:10F65000034C23F4FC63D21025F4FC6B0CF0FC6C1F
:10F660004CEA030CC2EB4E0311930E9B119D1B043D
:10F6700003F0FC6343EA0B034FEA014B21F4FC6106
:10F68000534305FB0C3C0BF0FC6343EA010BC0F158
:10F6900010010A9BA1EB0E0E02EB4E0EC2EB4002D4
:10F6A0000EFB0BCC4FEA034B23F4FC6E0BF0FC6B10
:10F6B0004BEA0E0E02FB0ECC4FEA5C534FEA5C1C89
:10F6C00003F4FC632CF4FC6C43EA0C0C229B1C44FA
:10F6D000239B2AF802CB1E4423E70028B1D0D35C39
:10F6E00037F813300A93ACE713B0BDE8F08F2DE97B
:10F6F000F04F0D8887B0EF1003914FEA252ABDF92E
:10F700004090ED0007F0FC070AF0F80ABDF944B09C
:10F71000EDB201979DF850400295019D02992D028E
:10F720009DF854E09DF8588045EA0A45DDE9120647
:10F730000D4306FB0907002E059502EB070CC0F2EE
:10F74000B680B34540F3B3800028C0F2AE80814557
:10F7500040F3AB80D75D07EB47071F44421C00F125
:10F76000A980914540F3A680002C00F0A3809CF86E
:10F77000015005EB45051D44013600F19F80B3455E
:10F7800040F39C80BEF1000F00F098800028C0F28A
:10F790009380814540F390801CF8096006EB460693
:10F7A0001E44013000F18D80814540F38A80002C99
:10F7B00000F08780E14499F8012002EB42021344F3
:10F7C000A4B297F802C01FFA8EFE019904FB0EFB4B
:10F7D0002401CBEB0E1EC4F58079A4EB0B041FFAB9
:10F7E0008EF0A2B2AC78A9EB00091FFA88FE544350
:10F7F0006FEA08081FFA89F95FFA88F809FB0C44D8
:10F8000096F802C01AFB08FA00FB0C4493F802C0F9
:10F810000BFB0C4C7C783F78CCF3072C0CFB0EAC2C
:10F8200095F801A02D7802FB0AFA1FFA8CFC6A43B6
:10F83000357809FB04AA747809FB072200FB04AAA7
:10F840005C7800FB05201B780BFB04A411FB08FA75
:10F850000BFB030B029BC4F3072413FB08F8CBF349
:10F86000072B04FB0EA40CF101030BFB0E8EA4B2BC
:10F870001FFA8EFE03EB1C2C04F1010A0CF47843F2
:10F880000EF1010C0AEB14240CEB1E2C6409CCF3D2
:10F89000C42C04F4FC644CEA030C039B4CEA040CF7
:10F8A000A3F800C007B0BDE8F08F05AF56E705AD7F
:10F8B0002F4661E705AD5FE705AE72E705AB1E4673
:10F8C0007EE705AB7CE72DE9F04F95B012920993E6
:10F8D0002B9A9DF8BC3013900F9350680E911268CC
:10F8E0009DED1F5ADDED205A9DED216ADDED287A50
:10F8F0009DED297A9DED303ADDED313A9DED324AAC
:10F90000DDE92C1300FB031302EB43030A932E9B48
:10F910001B680D932E9B5C680F9B0434DB43DBB2AA
:10F920000B930E9B002B03DC129B002B40F35582A4
:10F930002E9BB3F90810B3F90C20481E551E099BE5
:10F94000002B40F3F980229E239B36144FEA234379
:10F9500006D4864204DA002B02DBAB42C0F2ED8013
:10F96000013600F1DA80B142C0F2D780013300F1F4
:10F97000D4809A42C0F2D180099B11930A9B0C93C8
:10F98000119B002B40F3FA802E98239B239AC66884
:10F990001D142298C2F30331229B2E9A0014C3F344
:10F9A0000333926800F13E81571EB84280F23A81DB
:10F9B000002DC0F23781771EBD4280F2338112B232
:10F9C00005FB02000D9D15F800A02E180AEB4A0A4F
:10F9D00004EB0A05002B00F0178196F801C00CEB30
:10F9E0004C0CA444002900F01781B018B25C407898
:10F9F00002EB420200EB4000224420449BB29CF800
:10FA0000027089B295F802B00C9E03FB01F91B014C
:10FA1000B6F800E0C9EB0111C3F58078A3EB090348
:10FA2000BDF83C6089B214F80AA09BB2A8EB0108AB
:10FA30005F431FFA88F810930B9B08FB0B7792F833
:10FA400002B001FB0B7790F802B009FB0B774FEA8D
:10FA50002E2B0BF0F80BC7F307271BFB03FB109BA8
:10FA600007FB06B795F801B09CF801509CF800C060
:10FA7000BFB25D430B9B08FB0B5592F801B001FB35
:10FA80000B5590F801B009FB0B554FEAEE0B4FEA0E
:10FA9000CE0E0BF0FC0BC5F307255FFA8EFE1BFBA9
:10FAA00003FB109B03FB0CF392F800C005FB06B5AB
:10FAB00008FB0A33ADB201FB0C3390F800C005F12E
:10FAC000010B09FB0C3C0B9B0BEB15251EFB03FEEE
:10FAD000CCF3072C7B1C6D090CFB06E603EB172708
:10FAE00005F4FC65B6B207F47843771C07EB1627DC
:10FAF000C7F3C4271F430C9B3D431D800C9B249AD6
:10FB000002330C93229B1344259A2293239B134484
:10FB10002393119B013B119332E7229B249E334494
:10FB2000259E2293239B33442393099B013B0993F6
:10FB30000A9B02330A9302E727D0099B2498013BD2
:10FB4000229D00FB035000143FF516AF0139884297
:10FB5000BFF612AF2599239801FB03031B143FF551
:10FB60000BAF013A9342BFF607AF099BBDF83CA02B
:10FB700011930A9B0C93119B002B70DC099B0A9A32
:10FB800023EAE37302EB43030A930E9B002B40F33B
:10FB90002481F7EE004A1E9B35EE035A75EEA35AF8
:10FBA000F0EE672AC4EE856A36EE046AFEEEC82AD5
:10FBB000CDED222AF0EE472AFEEEC82ACDED232A0B
:10FBC00065EEA64A66EE266A74EEE77A36EEC77AE6
:10FBD000FEEEC87ABEEEC87A17EE902AF0EE647A8E
:10FBE00092FBF3F317EE102A24931E9BB0EE667A75
:10FBF00092FBF3F325930E9B129A013B0E931E9BEF
:10FC000008BF134609938CE649B1B25C284602EB63
:10FC100042022244AC46F1E628462A46EEE6284651
:10FC20002A46F7E7471C3FF569AFBA42FFF666AFD1
:10FC30006F1C3FF563AFBE42FFF660AF0F9F36B259
:10FC400012B20290019600921398CDE90517CDE902
:10FC50000353DDE90C122346FFF749FD4EE7239AD3
:10FC60002398C2F30331229D2E9A00142D14229B57
:10FC7000B2F90820C3F3033302FB00500D9D15F8C1
:10FC800000902E1809EB490904EB0905002B00F040
:10FC90009680777807EB47072744002900F0978084
:10FCA000B018B25C407802EB420200EB4000224404
:10FCB00020449BB20C9E89B295F802B0B6F800C001
:10FCC00003FB01F81B01BE78C8EB0111C3F5807E70
:10FCD000A3EB080314F8099089B29BB2AEEB010EB6
:10FCE0005E431FFA8EFE10930B9B0EFB0B6692F881
:10FCF00002B001FB0B6690F802B008FB0B664FEAFE
:10FD00002C2B0BF0F80BC6F307261BFB03FB109BF9
:10FD100006FB0AB695F801B07D783F78B6B25D4330
:10FD20000B9B0EFB0B5592F801B001FB0B5590F8A5
:10FD300001B008FB0B554FEAEC0B4FEACC0C0BF073
:10FD4000FC0BC5F307255FFA8CFC1BFB03FB109B28
:10FD50007B43177805FB0AB50EFB0933ADB201FBF7
:10FD60000733077805F1010B08FB07370B9B0BEBFB
:10FD700015251CFB03FCC7F30727731C6D0907FB44
:10FD80000AC703EB162605F4FC65BFB20C9B06F40C
:10FD900078467A1C02EB1722C2F3C4221643249A37
:10FDA0002E4323F8026B0C93229B1344259A229333
:10FDB000239B13442393119B013B1193DBE649B131
:10FDC000B25C284602EB420222442F4671E72846E5
:10FDD0002A466EE728462A46F7E715B0BDE8F08FB9
:10FDE0002DE9F74F0F88BDF930E03C02BDF93490A2
:10FDF0009DF8400004F4780B7C01FF009DF84460FE
:10FE000004F47C44FFB24BEA0404DDE90EC5274349
:10FE100005FB0ECA002D019702EB0A087EDBA945FF
:10FE20007CDDBCF1000F77DBE64575DD12F80A706A
:10FE300007EB47071F441CF1010272D4964570DDA1
:10FE400000286ED098F8014004EB44041C440135AE
:10FE50006BD4A94569DD002E67D0BCF1000F62DBD1
:10FE6000E64560DD18F80E5005EB45051D441CF114
:10FE700001025DD496455BDD002859D0C6449EF84A
:10FE8000012002EB4202134480B297F802E0B2B2C2
:10FE900097F800907F7800FB02F60001C6EB021293
:10FEA000C0F58078801B1FFA82FC82B2A078A8EB94
:10FEB0000C0850431FFA88F808FB0E0EA8780CFBBC
:10FEC00000E093F802E006FB0E0E0EF4784094F882
:10FED00000E002FB0EFE08FB09E995F800E00CFBD0
:10FEE0000E9993F800E05B7806FB0E9ECEF3C42ECD
:10FEF0004EEA000E607850436A7808FB07000CFB5E
:10FF0000020206FB03235B0903F4FC634EEA0303CE
:10FF10000B8003B0BDE8F08F01AF8CE701AC274642
:10FF200095E701AC93E701ADA1E701AB1D46ABE757
:10FF300001ABA9E72DE9F04F8FB00C92259A0D90F7
:10FF40000A915068069312689DED195ADDED1A5A10
:10FF50009DED1B6ADDED227A9DED237A9DED2A3A17
:10FF6000DDED2B3A9DED2C4ADDE92613DDE91CB5CC
:10FF700000FB031302EB43030793289B1B680893C2
:10FF8000289B5C6804340A9B002B03DC0C9B002B31
:10FF900040F3D581289BB3F90810B3F90C20481E13
:10FFA000561E069B002B40F3B6805FEA2B474FEAB4
:10FFB000254306D4874204DA002B02DBB342C0F2A9
:10FFC000AB80013700F19C80B942C0F299800133C7
:10FFD00000F196809A42C0F29380069B0B93079B98
:10FFE00009930B9B002B40F3B48028982E14289A79
:10FFF000CBF30333C7685FEA2B40C5F30331926844
:020000040803EF
:1000000000F1FB8002F1FF3C604580F2F680002E9B
:10001000C0F2F38007F1FF3C664580F2EE8012B239
:1000200006FB0200089E3718305C00EB400804EB2A
:10003000080C002B00F0D3807E7806EB46062644A1
:10004000002900F0D480B818BA5C407802EB420274
:1000500000EB4000224420449BB2B77889B29CF860
:1000600002A09CF801C003FB01F91B01C9EB0111BF
:10007000C3F5807EA3EB090389B29BB2AEEB010E00
:100080005F431FFA8EFE0EFB0A7792F802A001FB77
:100090000A7790F802A009FB0A7A14F8087096F81B
:1000A000008076780AF4784A03FB08F873430EFB65
:1000B000078817780EFB0C3301FB0788077809FBCC
:1000C0000787C7F3C42747EA0A0792F801A001FB94
:1000D0000A3190F801A0099B09FB0A1A4FEA5A1A43
:1000E0000AF4FC6A47EA0A071F80099B0233099356
:1000F0001E9B9B441F9B1D440B9B013B0B9370E776
:100100001E9B9B441F9B1D44069B013B0693079B24
:100110000233079345E723D0069B1E98013B00FB63
:1001200003B000143FF559AF01398842BFF655AF0F
:100130001F9901FB03531B143FF54FAF013A934244
:10014000BFF64BAF069B0993079B0B93099B002BB4
:1001500070DC069B079A23EAE37302EB43030793E1
:100160000A9B002B40F3EB80F7EE004A189B35EE1C
:10017000035A75EEA35AF0EE672AC4EE856A36EE8E
:10018000046AFEEEC82A12EE90BAF0EE472AFEEE9E
:10019000C82A12EE905A65EEA64A66EE266A74EEFA
:1001A000E77A36EEC77AFEEEC87ABEEEC87A17EE68
:1001B000902AF0EE647A92FBF3F317EE102A1E9366
:1001C000189BB0EE667A92FBF3F31F930A9B0C9A8E
:1001D000013B0A93189B08BF13460693D3E649B127
:1001E000BA5C604602EB42022244664634E760464F
:1001F000624631E760466246F7E710F1010C3FF5D1
:1002000074AF6245FFF671AF16F1010C3FF56DAFAB
:100210006745FFF66AAF3FB212B201970092CDE98F
:100220000431CDE9020623460D98DDE90821FFF7E8
:10023000D7FD5AE7289A4FEA2B462814CBF303330D
:10024000B2F90820C5F3033102FB0060089E16F8DE
:100250000080371808EB480804EB080C002B60D02E
:100260007E7806EB46062644002962D0B818BA5CB0
:10027000407802EB420200EB4000224420449BB253
:10028000B77889B29CF802A09CF801C003FB01F981
:100290001B01C9EB0111C3F5807EA3EB090389B2F1
:1002A0009BB2AEEB010E5F431FFA8EFE0EFB0A7788
:1002B00092F802A001FB0A7790F802A009FB0A7AE3
:1002C00014F8087096F8008076780AF4784A03FBF0
:1002D00008F8734356780EFB078817780EFB0C332B
:1002E00001FB0788077801FB063309FB0787C7F383
:1002F000C42747EA0A0790F801A009FB0A3A0B9BBA
:100300004FEA5A1A0AF4FC6A47EA0A0723F8027B02
:100310000B931E9B9B441F9B1D44099B013B099310
:1003200014E749B1BA5C604602EB420222446646D9
:10033000A5E760466246A2E760466246F7E70FB06F
:10034000BDE8F08F2DE9F04F85B0DDE91074BDF9FF
:1003500038C00291002C04FB0C71BDF93C809DF863
:1003600048609DF84C0002EB010EC0F22281A045CE
:1003700040F31F81002FC0F21A81BC4540F3178162
:10038000525C53F822507A1C00F11681944540F3D8
:100390001381002E00F012819EF8012053F82210E4
:1003A000013400F10F81A04540F30C81002800F0DA
:1003B0000C81002FC0F20481BC4540F301811EF87E
:1003C0000C2053F82240013700F10281BC4540F374
:1003D000FF80002E00F0FE80F4449CF8012053F8CA
:1003E0002220B6B280B24FEA116A00FB06FE360147
:1003F0004FEA156BCEEB0010A6EB0E07C6F5807327
:100400004FEA146980B2BFB21B1A4FEA12680AFBA6
:1004100007F69BB20BFB036600FB09660EFB086642
:10042000C6F307260096002E00F0BE8005F0FF1CE4
:1004300005F47F45029E0BFB0CFC0BFB05F5368893
:100440004FEA1C2B0CF1011C01950BF0FF1BDC4447
:100450004FEA1C2C0CF0FF150395019D05F5807CDF
:100460000CEB152501F0FF1C01F47F410AFB0CFC8D
:100470004FEA152B0AFB01FA4FEA1C250CF1011C6F
:100480000AF5807105F0FF1501EB1A2A654404F0A6
:10049000FF1C04F47F444FEA1A2A09FB0CFC2D0AC6
:1004A00009FB04F90AF47F4A4FEA1C2105F0FF1505
:1004B00009F580740CF1011C01F0FF117D4304EB80
:1004C000192902F0FF1402F47F42614408FB04F48E
:1004D0004FEA192908FB02F8090A220A04F101145B
:1004E00001F0FF1107FB0AF702F0FF12144408F5B0
:1004F0008072240A02EB1828039A04F0FF1402FB0E
:1005000003554FEA1828009A04FB0E5408F47F485C
:10051000351201FB004105F0F805090A01F0FF144E
:100520000BF47F4103FB01710EFB081E09F47F41B0
:1005300000FB01E19DF8500087B2090A7A4301F4FB
:100540007F41531C214303EB12230A0CC1F3072400
:100550006FEA1323C8B212FB07F214FB07F4DBB2F5
:1005600010FB07F005FB0325F210F60002F0FC0279
:10057000ADB2F6B202FB034206FB030394B299B29A
:100580006B1C621C03EB15254B1C02EB142203EBC6
:10059000112305F478455209C3F3C42302F4FC6225
:1005A0002B431343029A138005B0BDE8F08F00255A
:1005B000E9E600210D46F3E60021F1E63146EFE6DB
:1005C000002400E7002214460BE70246044608E731
:1005D000002206E7324604E72DE9F04F9FB01B9258
:1005E0000993359A9DF8E4301D901C935068199139
:1005F00012689DED295ADDED2A5A9DED2B6A2D9D3D
:10060000DDED327A9DED337A9DED3A3ADDED3B3A00
:100610009DED3C4ADDE9361300FB031302EB430377
:100620000C93389B1B681293389B5E68BDF8703042
:1006300004360D93199B002B03DC1B9B002B40F30E
:100640008783389BB3F90810B3F90C20481E571E56
:10065000099B002B40F394812C9C2B145FEA244CC3
:1006600006D4844504DA002B02DBBB42C0F2898148
:100670001CF1010C00F177816145C0F274810133F6
:1006800000F171819A42C0F26E81099B0C9F1A930E
:100690001A9B002B40F393812C9B4FEA254CC5F30A
:1006A0000331C3F30332389BD3E9020E2C9B1B1496
:1006B00000F1D68100F1FF38434580F2D181BCF1D1
:1006C000000FC0F2CD810EF1FF38C44580F2C88121
:1006D00000B2129C0CFB003304EB0308E35C56F8F9
:1006E00023304FEA136E002A00F0AF8198F801C062
:1006F00056F82C400E94240E159479B108EB000C9A
:1007000018F8000056F820000A90000E13909CF88C
:10071000010056F820000F90000E169092B2159826
:1007200089B2139C02FB01F91201C9EB0111A2EB82
:100730000908C2F5807289B21FFA88F8521A08FBBC
:1007400000F092B202FB0E0001FB0400169C09FBB4
:100750000400C0F30720002800F0FA80BEF1FF0F6C
:100760001BD003F0FF1A03F47F430EFB0AFA0EFBC3
:1007700003FE4FEA1A230AF1011A0EF5807C03F0FA
:10078000FF130CEB1E2C53444FEA1C2C1B0A0CF4D9
:100790007F4C03F0FF1343EA0C03159CFF2C21D080
:1007A0000E9C04F0FF1B159C04FB0BFB0E9C04F439
:1007B0007F4A159C4FEA1B2E0BF1011B04FB0AFA22
:1007C0000EF0FF1E0AF5807CDE440CEB1A2A4FEA7D
:1007D0001E2E4FEA1A2A0EF0FF1E0AF47F4A4EEA36
:1007E0000A040E94139CFF2C21D00A9C04F0FF1BDA
:1007F000139C04FB0BFB0A9C04F47F4A139C4FEAF6
:100800001B2E0BF1011B04FB0AFA0EF0FF1E0AF56A
:10081000807CDE440CEB1A2A4FEA1E2E4FEA1A2A7D
:100820000EF0FF1E0AF47F4A4EEA0A040A94169C50
:10083000FF2C21D00F9C04F0FF1B169C04FB0BFB2C
:100840000F9C04F47F4A169C4FEA1B2E0BF1011BF0
:1008500004FB0AFA0EF0FF1E0AF5807CDE440CEB66
:100860001A2A4FEA1E2E4FEA1A2A0EF0FF1E0AF429
:100870007F4A4EEA0A040F940E9C03F0FF1E03F415
:100880007F4304F0FF1C0A9C08FB0CFC02FB0ECC0F
:1008900004F0FF1E0F9C01FB0ECC04F0FF1E0E9C0B
:1008A00009FB0ECC04F47F4E0D9C08FB0EF84FEABA
:1008B0001C2C02FB03830A9A0CF0FF1C02F47F4AF3
:1008C0000F9A01FB0A3302F47F410D9A09FB0139AB
:1008D0003B8842434FEA1929501C191209F47F49F9
:1008E00000EB122001F0F8014CEA090C6FEA10202D
:1008F0004FEA1C42CCF3072EC0B212FB04F25FFA9F
:100900008CFC1EFB04FE01FB0021DA101CFB04FC26
:10091000DB0089B202F0FC02DBB202FB00E203FB67
:1009200000C392B21FFA83FC4B1C03EB11210CF1A4
:10093000010303EB1C2301F47841C3F3C4230B43ED
:10094000511C01EB1222520902F4FC6213433B805A
:100950002E9B02372C9A1A442F9B1D441A9B2C92D3
:10096000013B1A9394E62E9B2C9C1C442F9B1D4408
:10097000099B2C94013B09930C9B02330C9367E673
:1009800024D0099B2E98013B2C9C00FB03400014B3
:100990003FF57BAE01398842BFF677AE2F9901FB58
:1009A00003531B143FF571AE013A9342BFF66DAE8F
:1009B000DDF824B0DDF83090BBF1000F70DC099B4E
:1009C00023EAE3740C9B03EB44030C93199B002B69
:1009D00040F3BE81F7EE004A289B35EE035A75EED0
:1009E000A35AF0EE672AC4EE856A36EE046AFEEE7C
:1009F000C82ACDED2C2AF0EE472AFEEEC82A12EEC8
:100A0000905A65EEA64A66EE266A74EEE77A36EEEE
:100A1000C77AFEEEC87ABEEEC87A17EE902AF0EEDC
:100A2000647A92FBF3F317EE102A2E93289BB0EE14
:100A3000667A92FBF3F32F93199B1B9A013B199350
:100A4000289B08BF13460993F4E500293FF466AEDE
:100A500018F8000056F820000A90000E13905DE68A
:100A600013F101083FF574AF4045FFF671AF1CF17B
:100A700001083FF56DAFC645FFF66AAF1C9C00B29A
:100A800002930FFA8EF30090019333461D98CDE93F
:100A90000514CDE903C23946129AFFF753FC57E714
:100AA0002C9BC5F303302C9CC3F30332389B2714D3
:100AB000129CB3F908102B1401FB0373E718E35CD5
:100AC00056F823304FEA136C002A00F0378197F86C
:100AD00001E056F82E401094240E179470B107EBE5
:100AE000010E795C56F821100B91090E14919EF8B5
:100AF000011056F821101191090E189192B2179910
:100B000080B2149C02FB00F81201C8EB0010A2EBAB
:100B1000080EC2F5807280B21FFA8EFE121A0EFB0A
:100B200001F192B202FB0C1100FB0411189C08FBAE
:100B30000411C1F30721002900F0F580BCF1FF0F7B
:100B400019D003F0FF1A03F47F430CFB0AFA0CFBE5
:100B500003FC4FEA1A230AF1011A0CF5807703F01F
:100B6000FF1307EB1C2753443F0A1B0A07F47F4778
:100B700003F0FF133B43179CFF2C20D0109C04F084
:100B8000FF17179C6743109C4FEA172C04F47F4A09
:100B9000179C07F101170CF0FF1C04FB0AFABC4478
:100BA0000AF580774FEA1C2C07EB1A2A0CF0FF1C81
:100BB0004FEA1A2A0AF47F4A4CEA0A041094149C59
:100BC000FF2C20D00B9C04F0FF17149C67430B9C58
:100BD0004FEA172C04F47F4A149C07F101170CF01C
:100BE000FF1C04FB0AFABC440AF580774FEA1C2C70
:100BF00007EB1A2A0CF0FF1C4FEA1A2A0AF47F4A64
:100C00004CEA0A040B94189CFF2C20D0119C04F091
:100C1000FF17189C6743119C4FEA172C04F47F4A76
:100C2000189C07F101170CF0FF1C04FB0AFABC44E6
:100C30000AF580774FEA1C2C07EB1A2A0CF0FF1CF0
:100C40004FEA1A2A0AF47F4A4CEA0A041194109CCB
:100C500003F0FF1C03F47F4304F0FF170B9C0EFB13
:100C600007F702FB0C7704F0FF1C119C00FB0C77CC
:100C700004F0FF1C109C08FB0C7704F47F4C0D9CC7
:100C80000EFB0CFE3F0A02FB03E30B9A07F0FF1773
:100C900002F47F4A119A00FB0A3302F47F4CB9F840
:100CA000000008FB0C3C0D9B02124B434FEA1C2C2E
:100CB00002F0F8020CF47F4C591C47EA0C0701EBD8
:100CC00013213B0C6FEA1121C7F3072CFFB213FB72
:100CD00004F3C9B21CFB04FC02FB0132C31017FB76
:100CE00004F7C00092B203F0FC03C0B203FB01C3DF
:100CF00002F1010C00FB01700CEB122280B202F435
:100D0000784C9BB2421C02EB1022C2F3C42242EA8E
:100D10000C0203F1010C0CEB13235B0903F4FC63DD
:100D20001A43A9F800202E9B09F102092C9A0BF115
:100D3000FF3B1A442F9B2C921D443DE600283FF4B4
:100D4000DDAE795C56F821100B91090E1491D5E6B1
:100D50001FB0BDE8F08F2DE9F04F89B001910198E7
:100D6000BDF948C00088BDF94C8006129DF8585066
:100D70009DF85C4006F0F8060296C610C00006F02A
:100D8000FC06C0B203960490DDE9141707FB0C10B3
:100D9000002F02EB000EC0F20A81B84540F3078134
:100DA0000029C0F202818C4540F3FF80125C53F8A9
:100DB00022004A1C00F1FE80944540F3FB80002D88
:100DC00000F0FA809EF8012053F82260013700F10C
:100DD000F780B84540F3F480002C00F0F48000293F
:100DE0000EEB0C02C0F2EA808C4540F3E7801EF85F
:100DF0000C7053F82770013100F1E8808C4540F306
:100E0000E580002D00F0E480527853F822100B0E9C
:100E100007F0FF1C4FEA106A0093A4B2ABB200F0D7
:100E2000FF154FEA166B03FB04F91B010AFB05F5DE
:100E30004FEA1768A3EB090EC3F5807200F47F43F5
:100E4000280A05F1011507F47F4700F0FF100AFB9F
:100E500003F308FB07F7C9EB0414054408FB0CFC7B
:100E6000A4B22D0A1FFA8EFE121B05F0FF1092B2DB
:100E7000059003F5807000EB13234FEA1C200CF162
:100E8000011C1B0A00F0FF10069306F0FF1306F486
:100E90007F4660440BFB03F30BFB06F6000A1D0ABA
:100EA00003F1011300F0FF1005F0FF151D4406F5D6
:100EB000807303EB162607F580732D0A03EB1723C7
:100EC00001F0FF1705F0FF15360A1B0A05FB0EF5AA
:100ED00006F47F4607930B0E01F47F410EFB06F6E6
:100EE0005F435943059B4FEA172C07F1011703FB9A
:100EF0000255069B0CF0FF1C0EFB0BFEBC4401F5DB
:100F000080774FEA1C2C07EB11210CF0FF1C090A1B
:100F10000CFB095501F47F4100FB045503F47F40AD
:100F2000079B02FB00602D0A02FB0AE203F47F43E9
:100F300009FB010005F0FF1504FB0300009B04FB07
:100F40000824049A000A09FB0349029B00F47F402D
:100F50006FEA292905435FFA89F903FB09F1039B2D
:100F600003FB09F302FB09F94A1C581C02EB11218F
:100F700000EB13202A0C2B0A02EB112203EB1023A7
:100F80001202DB0002F4784203F4FC63134309F11C
:100F9000010202EB192905EB1925C5F3C4051D4310
:100FA000019B1D8009B0BDE8F08F002001E70026FD
:100FB00030460BE7002609E72E4607E700271AE729
:100FC00000210F4623E72146274620E700211EE7A0
:100FD00029461CE72DE9F04F9BB01892319A1990E1
:100FE00016915068079312689DED255ADDED265A3B
:100FF0009DED276A299DDDED2E7A9DED2F7A9DEDE1
:10100000363ADDED373A9DED384ADDE9321300FB23
:10101000031302EB43030A93349B1B680F93349B27
:101020005E680436169B002B03DC189B002B40F3F4
:101030007383349BB3F90810B3F90C20481E571E74
:10104000079B002B40F38F81289C2B145FEA244CD4
:1010500006D4844504DA002B02DBBB42C0F2848153
:101060001CF1010C00F172816145C0F26F81013306
:1010700000F16C819A42C0F26981079B0A9F179325
:10108000179B002B40F38E81289B4FEA254CC5F31C
:101090000330C3F30332349BD3E9021E289B1B1495
:1010A00000F1D18101F1FF38434580F2CC81BCF1E0
:1010B000000FC0F2C8810EF1FF38C44580F2C38131
:1010C00009B20F9C0CFB013304EB0308E35C56F8F8
:1010D00023304FEA136E002A00F0AA8198F801C06D
:1010E00056F82C400B94240E129478B108EB010CA6
:1010F00018F8011056F821100891090E10919CF86B
:10110000011056F821100C91090E139192B2129908
:1011100080B2109C02FB00F91201C9EB0010A2EB97
:101120000908C2F5807280B21FFA88F8121A08FB0B
:1011300001F192B202FB0E1100FB0411139C09FB9A
:101140000411C1F30721002900F0F580BEF1FF0F63
:101150001BD003F0FF1A03F47F430EFB0AFA0EFBC9
:1011600003FE4FEA1A230AF1011A0EF5807C03F000
:10117000FF130CEB1E2C53444FEA1C2C1B0A0CF4DF
:101180007F4C03F0FF1343EA0C03129CFF2C21D089
:101190000B9C04F0FF1B129C04FB0BFB0B9C04F448
:1011A0007F4A129C4FEA1B2E0BF1011B04FB0AFA2B
:1011B0000EF0FF1E0AF5807CDE440CEB1A2A4FEA83
:1011C0001E2E4FEA1A2A0EF0FF1E0AF47F4A4EEA3C
:1011D0000A040B94109CFF2C21D0089C04F0FF1BE8
:1011E000109C04FB0BFB089C04F47F4A109C4FEA04
:1011F0001B2E0BF1011B04FB0AFA0EF0FF1E0AF571
:10120000807CDE440CEB1A2A4FEA1E2E4FEA1A2A83
:101210000EF0FF1E0AF47F4A4EEA0A040894139C5B
:10122000FF2C21D00C9C04F0FF1B139C04FB0BFB38
:101230000C9C04F47F4A139C4FEA1B2E0BF1011BFC
:1012400004FB0AFA0EF0FF1E0AF5807CDE440CEB6C
:101250001A2A4FEA1E2E4FEA1A2A0EF0FF1E0AF42F
:101260007F4A4EEA0A040C940B9C03F0FF1E03F421
:101270007F43C94304F0FF1C089C08FB0CFC02FBE5
:101280000ECC04F0FF1E0C9C00FB0ECC04F0FF1EE5
:101290000B9C09FB0ECC04F47F4E08FB0EF84FEAC2
:1012A0001C2C5FFA81FE02FB0383089AB7F80080CA
:1012B0000CF0FF1C02F47F4A0C9A4FEAC80100FBB5
:1012C0000A3302F47F404FEA282209FB00394FEA33
:1012D000E80002F0F802C9B24FEA192900F0FC0058
:1012E00002FB0EF209F47F4900FB0EF0531C01FBD8
:1012F0000EF14CEA090C03EB12224FEA1C4303EBFC
:101300001223604ADBB202EA0322431C03EB1020E3
:101310004FEA1C2303EB1023DB0003F4FC631343AD
:101320004A1C02EB11210CEB112CCCF3C40C4CEA3F
:10133000030CA7F800C02A9B0237289A1A442B9B5B
:101340001D44179B2892013B179399E62A9B289CE2
:101350001C442B9B1D44079B2894013B07930A9B2D
:1013600002330A936CE624D0079B2A98013B289C01
:1013700000FB034000143FF580AE01398842BFF600
:101380007CAE2B9901FB03531B143FF576AE013A5B
:101390009342BFF672AEDDF81CB0DDF82890BBF1C9
:1013A000000F71DC079B23EAE3740A9B03EB440301
:1013B0000A93169B002B40F3AF81F7EE004A249B63
:1013C00035EE035A75EEA35AF0EE672AC4EE856A2D
:1013D00036EE046AFEEEC82ACDED282AF0EE472A42
:1013E000FEEEC82A12EE905A65EEA64A66EE266A0E
:1013F00074EEE77A36EEC77AFEEEC87ABEEEC87AA9
:1014000017EE902AF0EE647A92FBF3F317EE102AAF
:101410002A93249BB0EE667A92FBF3F32B93169BF0
:10142000189A013B1693249B08BF13460793F9E5CE
:1014300000283FF46BAE18F8011056F821100891FF
:10144000090E109162E613F101083FF574AF4145B2
:10145000FFF671AF1CF101083FF56DAFC645FFF611
:101460006AAF09B2CDE9023C0FFA8EF3009139461A
:1014700001933346CDE904200F9A1998FFF76BFCCE
:1014800059E700BF00F8FFFF289BC5F30330289CF5
:10149000C3F30332349B27140F9CB3F908102B14A9
:1014A00001FB0373E718E35C56F823304FEA136C33
:1014B000002A00F0278197F801E056F82E400D949D
:1014C000240E149470B107EB010E795C56F82110CC
:1014D0000991090E11919EF8011056F821100E91F4
:1014E000090E159192B2119C80B202FB00F8120114
:1014F000C8EB0010A2EB080EC2F58071149A80B2FE
:101500001FFA8EFE091A0EFB02F289B201FB0C22B1
:1015100000FB0422159C08FB0422C2F30722002AC8
:1015200000F0E580BCF1FF0F19D003F0FF1A03F4BF
:101530007F430CFB0AFA0CFB03FC4FEA1A230AF167
:10154000011A0CF5807703F0FF1307EB1C275344B7
:101550003F0A1B0A07F47F4703F0FF133B43149C29
:10156000FF2C20D00D9C04F0FF17149C67430D9CAA
:101570004FEA172C04F47F4A149C07F101170CF072
:10158000FF1C04FB0AFABC440AF580774FEA1C2CC6
:1015900007EB1A2A0CF0FF1C4FEA1A2A0AF47F4ABA
:1015A0004CEA0A040D94119CFF2C20D0099C04F0F5
:1015B000FF17119C6743099C4FEA172C04F47F4ADC
:1015C000119C07F101170CF0FF1C04FB0AFABC4444
:1015D0000AF580774FEA1C2C07EB1A2A0CF0FF1C47
:1015E0004FEA1A2A0AF47F4A4CEA0A040994159C25
:1015F000FF2C20D00E9C04F0FF17159C67430E9C17
:101600004FEA172C04F47F4A159C07F101170CF0E0
:10161000FF1C04FB0AFABC440AF580774FEA1C2C35
:1016200007EB1A2A0CF0FF1C4FEA1A2A0AF47F4A29
:101630004CEA0A040E940D9C03F0FF1C03F47F4354
:10164000D24304F0FF17099CD2B20EFB07F701FB4F
:101650000C7704F0FF1C0E9C00FB0C7704F0FF1CC1
:101660000D9C08FB0C7704F47F4C0EFB0CFE3F0A2C
:1016700001FB03E3099907F0FF1701F47F4A0E9974
:1016800000FB0A3301F47F4C08FB0C3CB9F8003036
:101690001812D9104FEA1C2C00F0F800DB0001F002
:1016A000FC0150430CF47F4CDBB2514347EA0C077A
:1016B0005343421C02EB10203A0C02EB1020184A54
:1016C000C0B202EA00204A1C02EB11213A0A02EBE6
:1016D0001121C90001F4FC610143581C00EB1320E7
:1016E00007EB1027C7F3C4000843A9F800002A9BA2
:1016F00009F10209289A0BF1FF3B1A442B9B28920F
:101700001D444CE600283FF4EDAE795C56F82110FC
:101710000991090E1191E5E61BB0BDE8F08F00BFFD
:1017200000F8FFFF2DE9F04F85B0DDE91070BDF93D
:1017300038600028039100FB0674BDF93CB09DF8A9
:10174000481002EB44059DF84CE003EB04090195B9
:10175000C0F25081834540F34D81002FC0F2468195
:10176000BE4240F3438113F804C032F814304FF600
:101770001F044FEAEC0223F4FC6503F4FC635543B9
:101780000CFB03F204EA551305F601051D4402F1B2
:10179000200303EB122304EA55141B0A03F4FC6331
:1017A0001C437B1C00F12B819E4240F328810029C1
:1017B00000F02881019A99F8013055884FEAE30832
:1017C00025F4FC6205F4FC6508FB02F84FF61F02E5
:1017D0005D4302EA581A08F60108D04405F1200AD0
:1017E0000AEB152502EA58122D0A05F4FC652A4376
:1017F000013000F10D81834540F30A81BEF1000FF5
:1018000000F00B81002FC0F20081BE4240F3FD804A
:1018100001984FF61F0B19F8065030F816804FEA62
:10182000E50A28F4FC6008F4FC680AFB00FA05FBF2
:1018300008F80BEA5A100AF6010A824408F120005F
:1018400000EB18200BEA5A1B000A00F4FC604BEA7C
:10185000000B013700F1E680BE4240F3E38000292F
:1018600000F0E3800136019819F8067030F8160090
:101870004FEAE70920F4FC6600F4FC6009FB06F976
:1018800007FB00F84FF61F0000EA591A09F6010994
:10189000D14400EA591608F1200000EB1820000A94
:1018A00000F4FC6030438EB21FFA8EF94FEA044A0E
:1018B00024F4FC6406FB09F836010AF0FC6AC8EB64
:1018C000091901964AEA04044FEA024A1FFA89F606
:1018D00022F4FC6211FB0EF90AF0FC6A029626461D
:1018E000C9F3C709CEF110044AEA02024FEA004ADE
:1018F000641AC9EB41010AF0FC6A20F4FC604A4317
:1019000009EB44044AEA0000039904FB0624029E02
:10191000C9EB4E0E09FB00424FEA0B442BF4FC6B63
:10192000088804F0FC649DF8501044EA0B0B019CFD
:1019300089B2C4F580740EFB0B2EA41B019E4FEAE6
:101940005E52A6EB0806A4B24FEA5E1E02F4FC62E9
:10195000B6B22EF4FC6E734342EA0E0E0CFB043357
:10196000029C1FFA8EF204FB0535D41008FB0757C2
:10197000151204F0FC04D200C7F3072705F0F805A0
:10198000D2B24F437B1C03EB172703126FEA1727D2
:1019900003F0F803FFB213FB07F305FB0135C31097
:1019A00003F0FC03ADB213FB07F304FB0134C300E7
:1019B000DBB2A4B213FB07F302FB01316B1C621C08
:1019C00089B203EB15254B1C02EB142405F4784572
:1019D000039A03EB11236409C3F3C42304F4FC64E6
:1019E0002B432343138005B0BDE8F08F4FF0000C6C
:1019F0006446D6E600239C461A461C46F8E60023B9
:101A00001A46F5E60B460A46F2E60025AB4620E705
:101A100000273D463846BB4645E777467546704643
:101A2000F34640E7002738463DE70F4608463AE7C9
:101A30002DE9F04F97B0149208932D9A9DF8C43079
:101A4000159012935068119112689DED215ADDEDA9
:101A5000225A9DED236ADDED2A7A9DED2B7A9DEDCC
:101A6000323ADDED333A9DED344ADDE92E1300FBC9
:101A7000031302EB43030993309B1B680B93309BCA
:101A80005B680C93BDF848300A93119B002B03DC74
:101A9000149B002B40F3CD83309BB3F90810B3F9AE
:101AA0000C20481E551E089B002B40F3A581249E48
:101AB000259B36144FEA234306D4864204DA002BD2
:101AC00002DBAB42C0F29981013600F18681B1425E
:101AD000C0F28381013300F180819A42C0F27D819E
:101AE000089B4FF61F06099F1393139B002B40F38F
:101AF000A681259B249D1814249B2D14C3F3033128
:101B0000259BC3F3033C309BD3E9022300F1FA8108
:101B100002F1FF3E754580F2F5810028C0F2F281A6
:101B200003F1FF3E704580F2ED8112B20C9B1FFA6B
:101B300081FE00FB02504FEA0E1503EB000A13F87A
:101B40000090C5F580739AF801809BB2BCF1000F3C
:101B500000F0BB811AF802400AEB020B1FFA8CFA64
:101B60000D940AFB0EFE9BF80140CEEB0A1AA5EB82
:101B70000E050E941FFA8AFA0D9CADB2A3EB0A0370
:101B800008FB05F59BB209FB03530AFB04330E9CCB
:101B90000EFB0433C3F30723002B00F011810B9CD1
:101BA000B9F1FF0F04EB400534F8100000F092810A
:101BB00020F4FC6E4FEAE90A00F4FC600AFB0EFE1A
:101BC00009FB00F006EA5E190EF6010E00F1200B8B
:101BD000CE440BEB102906EA5E1E4FEA192909F4E0
:101BE000FC694EEA0909B8F1FF0F688819D020F4A2
:101BF000FC6E4FEAE80A00F4FC600AFB0EFE08FBEC
:101C000000F806EA5E100EF6010E08F1200B86447D
:101C10000BEB182006EA5E1E000A00F4FC604EEA98
:101C200000004FEA094E29F4FC694FEA004A20F40B
:101C3000FC600EF0FC6E0AF0FC6A4EEA09094AEA02
:101C40000000BCF1000F00F0478102F100420D9C42
:101C5000013AFF2C4FEA420202F1020205EB020EAA
:101C6000AA5A18D022F4FC6502F4FC624FEAE40898
:101C700004FB02FA08FB05F80AF1200506EA5812EF
:101C800008F6010805EB1A2542442D0A06EA52120D
:101C900005F4FC652A430E9CBEF80250FF2C1AD0B6
:101CA00025F4FC6E05F4FC654FEAE40804FB05FA34
:101CB00008FB0EF80AF1200E06EA581508F601088E
:101CC0000EEB1A2E45444FEA1E2E06EA55150EF469
:101CD000FC6E45EA0E051CFB01FECCF110084FEA34
:101CE000024A22F4FC624FEAEE0EA8EB01084FEA2A
:101CF000054B0AF0FC6ACEEB410125F4FC650EEBC6
:101D000048084AEA02024143CEEB4C0C0BF0FC6B54
:101D100009FB08114BEA05050CFB02110EFB051E21
:101D20004FEA5E524FEA5E1E02F4FC622EF4FC6E35
:101D300042EA0E0E1FFA8EF2FF2B03D11299FF29F1
:101D400000F0DE800A99151238884B4305F0F8053B
:101D50000A9C03F1010C0CEB23236FEA23235FFAA7
:101D600083FC031203F0F80313FB0CF305FB0135AE
:101D7000C310D11003F0FC03D20001F0FC01ADB29E
:101D800013FB0CF3D2B201FB0431C300DBB289B206
:101D900013FB0CF302FB04339AB26B1C03EB152507
:101DA000531C03EB12234A1C05F4784502EB112166
:101DB000C3F3C42349092B4301F4FC610B433B806B
:101DC000249B0237269A1344259A2493279B1A446E
:101DD000139B013B2592139387E6249B269E259C0B
:101DE00033442493279B1C44089B013B2594089370
:101DF000099B0233099356E628D0089B2698013B9D
:101E0000249D00FB035000143FF56AAE013988425F
:101E1000BFF666AE2799259801FB03031B143FF517
:101E20005FAE013A9342BFF65BAE089B4FF61F06CA
:101E3000DDF824E01393139B002B00F38280089BB2
:101E400023EAE374099B03EB44030993119B002BE2
:101E500040F3EF81F7EE004A209B35EE035A75EE12
:101E6000A35AF0EE672AC4EE856A36EE046AFEEEE7
:101E7000C82ACDED242AF0EE472AFEEEC82ACDED81
:101E8000252A65EEA64A66EE266A74EEE77A36EEF5
:101E9000C77AFEEEC87ABEEEC87A17EE902AF0EE48
:101EA000647A92FBF3F317EE102A2693209BB0EE90
:101EB000667A92FBF3F32793119B149A013B1193DB
:101EC000209B08BF13460893DFE508FB05F509FBD7
:101ED00003535FE6814686E6C1F11002414309FBE8
:101EE00002194FEA49094FEA59524FEA591902F4C7
:101EF000FC6229F4FC6942EA09091FFA89F21BE72E
:101F00003A805DE715F1010E3FF55AAF7245FFF6D5
:101F100057AF10F1010E3FF553AF7345FFF650AFC9
:101F2000129C1BB212B2029501930092CDE90301FB
:101F3000CDE905C4DDE90B2339461598FFF7F2FB1F
:101F40003EE7249BC3F30332259BC3F30335309B49
:101F50001FFA82FCB3F90810259B4FEA0C101F14DE
:101F6000249B1B1401FB07370C9B03EB070A13F898
:101F70000790C0F580739AF801809BB2002D00F0A5
:101F80003D811AF801400AEB010B1FFA85FA0F9404
:101F90000AFB0CFC9BF80140CCEB0A1AA0EB0C00EE
:101FA00010941FFA8AFA80B2A3EB0A0308FB00F030
:101FB0009BB209FB03030F980AFB00330CFB0433AD
:101FC000C3F30723002B00F00B810B98B9F1FF0F2F
:101FD0000B9C00EB470034F8177000F0148127F4D5
:101FE000FC6C4FEAE90A07F4FC670AFB0CFC09FBEE
:101FF00007F706EA5C190CF6010C07F1200BCC443C
:102000000BEB172906EA5C1C4FEA192909F4FC6955
:102010004CEA0909B8F1FF0F478819D027F4FC6C86
:102020004FEAE80A07F4FC670AFB0CFC08FB07F818
:1020300006EA5C170CF6010C08F1200BBC440BEB14
:10204000182706EA5C1C3F0A07F4FC674CEA0707FE
:102050004FEA094C29F4FC694FEA074A27F4FC6768
:102060000CF0FC6C0AF0FC6A4CEA09094AEA070722
:10207000002D00F0CA8001F1004101394900023110
:1020800000EB010C415A0F98FF2819D021F4FC6095
:102090000F9C01F4FC614FEAE40804FB01FA08FB21
:1020A00000F80AF1200006EA581108F6010800EBD2
:1020B0001A204144000A06EA511100F4FC60014371
:1020C000109CBCF80200FF2C1AD020F4FC6C00F429
:1020D000FC604FEAE40804FB00FA08FB0CF80AF184
:1020E000200C06EA581008F601080CEB1A2C4044A4
:1020F0004FEA1C2C06EA50100CF4FC6C40EA0C0071
:1021000015FB02FCC5F110084FEA014A21F4FC61FD
:102110004FEAEC0CA8EB02084FEA004B0AF0FC6A0D
:10212000CCEB420220F4FC600CEB48084AEA0101C7
:102130007A43CCEB45050BF0FC6B09FB08224BEA1C
:10214000000005FB01220CFB0022570D520907F489
:10215000FC6722F4FC623A43FF2B92B202D112993F
:10216000FF2963D00A981512BEF8001043430A9C59
:10217000CF1005F0F805581C07F0FC0700EB2323EF
:1021800008126FEA2323C90000F0F800DBB2C9B2DD
:1021900010FB03F011FB03F105FB0405D01017FB46
:1021A00003F7D200ADB200F0FC00D2B200FB047025
:1021B0006B1C02FB041203EB152592B280B205F4EE
:1021C0007845571C07EB1227C7F3C4273D43471C2C
:1021D00007EB10277F0907F4FC673D43AEF800507A
:1021E000249B0EF1020E269A1344259A2493279BD2
:1021F0001A44139B013B259213931CE608FB00F045
:1022000009FB0303DCE6B94604E7C2F110017A4397
:1022100009FB01294FEA49094FEA59504FEA59127F
:1022200000F4FC6022F4FC62024395E7AEF8002063
:10223000D6E717B0BDE8F08F2DE9F04F85B0DDE9A6
:102240001070BDF938600028039100FB0674BDF9D9
:102250003CB09DF8481003EB44059DF84CE002EBC0
:1022600004090195C0F24181834540F33E81002F6E
:10227000C0F23781BE4240F3348112F804C033F813
:1022800014304FF61F044FEAEC0223F4FC6503F40C
:10229000FC6355430CFB03F204EA551305F60105F4
:1022A0001D4402F1200303EB122304EA55141B0A18
:1022B00003F4FC631C437B1C00F11C819E4240F331
:1022C0001981002900F01981019A99F80130558887
:1022D0004FEAE30825F4FC6205F4FC6508FB02F80C
:1022E0004FF61F025D4302EA581A08F60108D0446F
:1022F00005F1200A0AEB152502EA58122D0A05F409
:10230000FC652A43013000F1FE80834540F3FB80E9
:10231000BEF1000F00F0FC80002FC0F2F180BE4241
:1023200040F3EE8001984FF61F0B19F8065030F875
:1023300016804FEAE50A28F4FC6008F4FC680AFB02
:1023400000FA05FB08F80BEA5A100AF6010A824463
:1023500008F1200000EB18200BEA5A1B000A00F4D9
:10236000FC604BEA000B013700F1D780BE4240F31E
:10237000D480002900F0D4800136019819F8067045
:1023800030F816004FEAE70920F4FC6600F4FC6020
:1023900009FB06F907FB00F84FF61F0000EA591A7F
:1023A00009F60109D14400EA591608F1200000EBB2
:1023B0001820000A00F4FC6030438EB21FFA8EF938
:1023C0004FEA044A24F4FC6406FB09F836010AF0DB
:1023D000FC6AC8EB091901964AEA04044FEA024A6A
:1023E0001FFA89F622F4FC6211FB0EF90AF0FC6A6E
:1023F00002962646C9F3C709CEF110044AEA020242
:102400004FEA004A641AC9EB41010AF0FC6A20F461
:10241000FC604A4309EB44044AEA0000C9EB4E0E53
:1024200004FB0624039909FB00424FEA0B44019880
:102430002BF4FC6B04F0FC640988C0F5807044EA5E
:102440000B0B029C001B019C0EFB0B2EA4EB080641
:1024500080B24FEA5E52B6B24FEA5E1E02F4FC62F0
:1024600073432EF4FC6E0CFB0033029842EA0E0E0E
:1024700000FB05350B12C81008FB075703F0F803E3
:10248000C90000F0FC006FEA27271FFA8EF2C9B2DC
:10249000FFB27B4378434F43591C01EB13211312C6
:1024A00023F0070303EB1123411C01EB1020D11093
:1024B0001B0221F00301D20003F4784301EB102149
:1024C000C90001F4FC610B43791C01EB172702EBF7
:1024D0001722C2F3C4021A43039B1A8005B0BDE859
:1024E000F08F4FF0000C6446E5E600239C461A4648
:1024F0001C4607E700231A4604E70B460A4601E795
:102500000025AB462FE700273D463846BB4654E73B
:10251000774675467046F3464FE7002738464CE746
:102520000F46084649E700002DE9F04F93B010929E
:10253000299A11900E915068069312689DED1D5ACC
:10254000DDED1E5A9DED1F6ADDED267A9DED277AA1
:102550009DED2E3ADDED2F3A9DED304ADDE92A134F
:1025600000FB031302EB430307932C9B1B680893A8
:102570002C9B5B6809930E9B002B03DC109B002BAC
:1025800040F3B6832C9BB3F90810B3F90C20481E16
:10259000551E069B002B40F36581209E219B36141F
:1025A0004FEA234306D4864204DA002B02DBAB4217
:1025B000C0F25981013600F14681B142C0F2438137
:1025C000013300F140819A42C0F23D81069B4FF6F3
:1025D0001F06079F0F930F9B002B40F36681219BE3
:1025E000209D1814209B2D14C3F30331219BC3F3AA
:1025F000033C2C9BD3E9022300F1F08102F1FF3E62
:10260000754580F2EB810028C0F2E88103F1FF3EBE
:10261000704580F2E38112B2099B1FFA81FE00FB34
:1026200002504FEA0E1503EB000A13F80090C5F5AF
:1026300080739AF801809BB2BCF1000F00F07B819F
:102640001AF802400AEB020B1FFA8CFA0A940AFBF2
:102650000EFE9BF80140CEEB0A1AA5EB0E050B947B
:102660001FFA8AFA0A9CADB2A3EB0A0308FB05F530
:102670009BB209FB03530AFB04330B9C0EFB043390
:10268000C3F30723002B00F0D180089CB9F1FF0FA2
:1026900004EB400534F8100000F0528120F4FC6E89
:1026A0004FEAE90A00F4FC600AFB0EFE09FB00F0A9
:1026B00006EA5E190EF6010E00F1200BCE440BEB7C
:1026C000102906EA5E1E4FEA192909F4FC694EEA50
:1026D0000909B8F1FF0F688819D020F4FC6E4FEAA1
:1026E000E80A00F4FC600AFB0EFE08FB00F806EAAC
:1026F0005E100EF6010E08F1200B86440BEB18203D
:1027000006EA5E1E000A00F4FC604EEA00004FEA92
:10271000094E29F4FC694FEA004A20F4FC600EF0EF
:10272000FC6E0AF0FC6A4EEA09094AEA0000BCF1B4
:10273000000F00F0078102F100420A9C013AFF2CD1
:102740004FEA420202F1020205EB020EAA5A18D029
:1027500022F4FC6502F4FC624FEAE40804FB02FA8E
:1027600008FB05F80AF1200506EA581208F60108E8
:1027700005EB1A2542442D0A06EA521205F4FC65BF
:102780002A430B9CBEF80250FF2C1AD025F4FC6E95
:1027900005F4FC654FEAE40804FB05FA08FB0EF8B3
:1027A0000AF1200E06EA581508F601080EEB1A2E5B
:1027B00045444FEA1E2E06EA55150EF4FC6E45EA16
:1027C0000E051CFB01FECCF110084FEA024A22F470
:1027D000FC624FEAEE0EA8EB01084FEA054B0AF047
:1027E000FC6ACEEB410125F4FC650EEB48084AEA91
:1027F00002024143CEEB4C0C0BF0FC6B09FB0811C1
:102800004BEA05050CFB02110EFB051E4FEA5E525A
:102810004FEA5E1E02F4FC622EF4FC6E42EA0E0EDB
:102820001FFA8EF2FF2B40F0A1803A80209B0237E6
:10283000229A1344219A2093239B1A440F9B013B15
:1028400021920F93C7E6209B229E219C3344209324
:10285000239B1C44069B013B21940693079B023358
:10286000079396E628D0069B2298013B209D00FB0B
:10287000035000143FF5AAAE01398842BFF6A6AE58
:102880002399219801FB03031B143FF59FAE013AE6
:102890009342BFF69BAE069B4FF61F06DDF81CE089
:1028A0000F930F9B002B00F3B680069B23EAE37483
:1028B000079B03EB440307930E9B002B40F3188206
:1028C000F7EE004A1C9B35EE035A75EEA35AF0EE64
:1028D000672AC4EE856A36EE046AFEEEC82ACDED9C
:1028E000202AF0EE472AFEEEC82ACDED212A65EE19
:1028F000A64A66EE266A74EEE77A36EEC77AFEEEF0
:10290000C87ABEEEC87A17EE902AF0EE647A92FB8F
:10291000F3F317EE102A22931C9BB0EE667A92FB1B
:10292000F3F323930E9B109A013B0E931C9B08BF5D
:10293000134606931FE608FB05F509FB03539FE6C4
:102940008146C6E6C1F11002414309FB02194FEA74
:1029500049094FEA59524FEA591902F4FC6229F425
:10296000FC6942EA09091FFA89F25BE7B7F800C07F
:10297000DB434FEA2C205FFA83FE00F0F8004FEAB9
:10298000EC054FEACC0300FB0EF005F0FC05DBB2D2
:10299000411C05FB0EF503FB0EF301EB1020111299
:1029A00021F0070101EB1021D348C9B200EA012050
:1029B000691C01EB1525D110D20021F0030101EBB8
:1029C0001521C90001F4FC610143581C00EB1323DD
:1029D00002EB1322C2F3C4020A4326E715F1010EEB
:1029E0003FF524AF7245FFF621AF10F1010E3FF520
:1029F0001DAF7345FFF61AAF1BB212B201930092DE
:102A0000CDE9041CCDE90250DDE9083239461198C0
:102A1000FFF712FC0AE7209BC3F30332219BC3F3A9
:102A200003352C9B1FFA82FCB3F90810219B4FEA57
:102A30000C101F14209B1B1401FB0737099B03EB91
:102A4000070A13F80790C0F580739AF801809BB2CB
:102A5000002D00F0FE801AF801400AEB010B1FFA6E
:102A600085FA0C940AFB0CFC9BF80140CCEB0A1A8B
:102A7000A0EB0C000D941FFA8AFA80B2A3EB0A03B4
:102A800008FB00F09BB209FB03030C980AFB003320
:102A90000CFB0433C3F30723002B00F0CC80089811
:102AA000B9F1FF0F089C00EB470034F8177000F0F5
:102AB000D58027F4FC6C4FEAE90A07F4FC670AFBAF
:102AC0000CFC09FB07F706EA5C190CF6010C07F190
:102AD000200BCC440BEB172906EA5C1C4FEA1929A2
:102AE00009F4FC694CEA0909B8F1FF0F478819D0CD
:102AF00027F4FC6C4FEAE80A07F4FC670AFB0CFCBD
:102B000008FB07F806EA5C170CF6010C08F1200B2D
:102B1000BC440BEB182706EA5C1C3F0A07F4FC6771
:102B20004CEA07074FEA094C29F4FC694FEA074AC7
:102B300027F4FC670CF0FC6C0AF0FC6A4CEA09090B
:102B40004AEA0707002D00F08B8001F100410139AE
:102B50004900023100EB010C415A0C98FF2819D0B2
:102B600021F4FC600C9C01F4FC614FEAE40804FBD6
:102B700001FA08FB00F80AF1200006EA581108F6ED
:102B8000010800EB1A204144000A06EA511100F442
:102B9000FC6001430D9CBCF80200FF2C1AD020F40D
:102BA000FC6C00F4FC604FEAE40804FB00FA08FB4C
:102BB0000CF80AF1200C06EA581008F601080CEB94
:102BC0001A2C40444FEA1C2C06EA50100CF4FC6C02
:102BD00040EA0C0015FB02FCC5F110084FEA014A5F
:102BE00021F4FC614FEAEC0CA8EB02084FEA004B21
:102BF0000AF0FC6ACCEB420220F4FC600CEB4808C3
:102C00004AEA01017A43CCEB45050BF0FC6B09FB6A
:102C100008224BEA000005FB01220CFB0022570DA5
:102C2000520907F4FC6722F4FC623A43FF2B92B28C
:102C300027D1AEF80020209B0EF1020E229A1344F9
:102C4000219A2093239B1A440F9B013B21920F93BF
:102C500027E608FB00F009FB03031BE7B94643E73F
:102C6000C2F110017A4309FB01294FEA49094FEAF1
:102C700059504FEA591200F4FC6022F4FC620243FE
:102C8000D4E7BEF80070DB431B4C38125FFA83FCBC
:102C900000F0F800FD10FB0000FB0CF005F0FC0557
:102CA000DBB205FB0CF1451C03FB0CF305EB10201C
:102CB000151225F0070505EB10204D1C05EB11251D
:102CC000D110C0B221F00301D20004EA002001EBD0
:102CD0001521C90001F4FC610843591C01EB1323C1
:102CE00002EB1323C3F3C4031843AEF80000A2E7BA
:102CF00013B0BDE8F08F00BF00F8FFFF2DE9F047EB
:102D0000DDE90945BDF920A005FB034C002D9DF828
:102D10002C909DF8307002EB4C0E9DF834600888C2
:102D2000C0F2A780AA4540F3A480002CC0F29F8087
:102D3000A34240F39C8032F81C80621C00F19C800E
:102D4000934240F39980B9F1000F00F09580BEF8EE
:102D500002C0013500F19480AA4540F39180002F14
:102D600000F08E80002CC0F28980A34240F3868060
:102D70003EF81350013400F18680A34240F3838073
:102D8000B9F1000F7FD001333EF813304FEA084409
:102D900028F4FC6819FB07FEC7F1100204F0FC647C
:102DA000CEF3C70EA2EB090244EA08084FEA0C442E
:102DB0002CF4FC6C0EEB420204F0FC64CEEB4707F3
:102DC00044EA0C0CCEEB490404FB0CF402FB08486B
:102DD0001A0423F4FC63B4B202F0FC62F64313431A
:102DE0002A0425F4FC65F6B202F0FC620EFB0383B4
:102DF0002A4307FB0232C710530D07F0FC075209A4
:102E000017FB06F703F4FC6322F4FC621A4393B247
:102E100002121D1202F0F802C00005F0F80512FBC4
:102E200006F2C0B205FB0425DA1010FB06F0DB0049
:102E3000ADB202F0FC02DBB202FB047203FB040041
:102E40006B1C92B280B203EB1525431C05F4784548
:102E500003EB1023501C00EB1222C3F3C4235209CE
:102E60002B4302F4FC6213430B80BDE8F0878046DD
:102E700063E7844680466CE784466AE7054679E75F
:102E80000346054682E7034680E72DE9F04F93B0FD
:102E90001D461092299B9DF8B4200A910B92596807
:102EA0001B689DED1D5ADDED1E5A9DED1F6ADDED7F
:102EB000267A9DED277A9DED2E3ADDED2F3A9DED98
:102EC000304A1190DDE92A27DDE9204601FB07277A
:102ED00003EB470307932C9B1B6809930B9BDB4376
:102EE000DBB208930A9B002B03DC109B002B40F302
:102EF00005822C9BB3F90810B3F90C20481E02F18F
:102F0000FF3C002D40F3DA805FEA244E4FEA26436F
:102F100006D4864504DA002B02DB6345C0F2CF807D
:102F20001EF1010E00F1C1807145C0F2BE80013377
:102F300000F1BB809A42C0F2B880A946DDF81C803F
:102F4000B9F1000F40F3D8802C9B21144FEA2640A2
:102F5000C4F30332C6F3033CD3E902E300F1128168
:102F60000EF1FF3A514580F20D810028C0F20A812E
:102F700003F1FF3A504580F205810FFA8EF300FB12
:102F80000311099800EB410A30F811E0BAF8021079
:102F9000BCF1000F07D05B000AEB03003AF80330E6
:102FA0000C9343880D934FEA0E402EF4FC6E12FBF7
:102FB0000CF34FEA014A00F0FC6021F4FC61DB10E5
:102FC0000AF0FC6A40EA0E00CCF1100E4AEA010158
:102FD000089FAEEB020EC3EB420203EB4E0E5143D1
:102FE0000D9A0EFB001E0C99100422F4FC6200F0F6
:102FF000FC6010430C9A120403FB00E021F4FC6E09
:10300000C3EB4C0302F0FC6242EA0E0203FB020334
:10301000B8F800005A0D5B0902F4FC62011223F4B7
:10302000FC634FEAE00E01F0F801C0001343BDF865
:103030002C2011FB07F1C0B29BB20EF0FC0E10FB6E
:1030400007F01EFB07FE4FEA232C0CF0F80C0CFBDC
:10305000021CD910DB001FFA8CFC01F0FC01DBB272
:1030600001FB02E103FB020389B29AB20CF10103F6
:1030700003EB1C2C531C03EB12234A1C0CF4784C5E
:1030800002EB1121C3F3C423490943EA0C0301F401
:10309000FC610B43A8F80030229B08F1020809F1FB
:1030A000FF391C44239B1E444AE7229B013D1C44DC
:1030B000239B1E44079B0233079322E722D06B1EFB
:1030C000229800FB034000143FF537AF01398842D6
:1030D000BFF633AF239901FB03631B143FF52DAFFC
:1030E000013A9342BFF629AFA846DDF81C90BDF81F
:1030F0002CA0B8F1000F60DC079B25EAE57503EB17
:10310000450307930A9B002B40F3F880F7EE004A33
:103110001C9B35EE035A75EEA35AF0EE672AC4EEF7
:10312000856A36EE046AFEEEC82A12EE904AF0EE88
:10313000472AFEEEC82A12EE906A65EEA64A66EEAF
:10314000266A74EEE77A36EEC77AFEEEC87ABEEEED
:10315000C87A17EE902AF0EE647A92FBF3F317EE3A
:10316000102A22931C9BB0EE667A92FBF3F3239312
:103170000A9B109A013B0A9308BF15461C9B18BF77
:103180001D46AFE611F1010A86D4D64584DB10F165
:10319000010A81D45345FFF67FAF0B9F1BB201910B
:1031A000414600930FFA8EF3CDE90202CDE904C740
:1031B000099A1198FFF7A2FD6EE72C9B3014099F26
:1031C000C6F3033EB3F908102314C4F3033201FB22
:1031D0000030099B03EB400337F810C05888BEF15C
:1031E000000F0BD001F1004101394900023103EB1E
:1031F000010B5B5A0E93BBF802300F934FEA0C4160
:103200002CF4FC6C12FB0EF34FEA004B01F0FC6156
:1032100020F4FC60DB100BF0FC6B41EA0C01CEF1FA
:10322000100C4BEA0000089FACEB020CC3EB42020F
:1032300008F1FF38504303EB4C0C0F9A0CFB010CC8
:103240000E984FEA024B22F4FC610E9A20F4FC60C7
:103250000BF0FC6B12044BEA010102F0FC6203FB71
:1032600001C1C3EB4E03024303FB02124FEA525B60
:1032700052090BF4FC6B22F4FC63B9F800204BEA12
:10328000030311124FEAE20C9BB201F0F801D200E5
:103290000CF0FC0C11FB07F118121CFB07FCD2B25E
:1032A00000F0F80012FB07F200FB0A10D910DB0057
:1032B00001F0FC0180B2DBB201FB0AC103FB0A236F
:1032C000421C89B29BB202EB102001F1010C5A1C86
:1032D0000CEB112C00F4784002EB1322229B4FEAF6
:1032E0005C1CC2F3C4221C440CF4FC6C239B1043F2
:1032F0001E4440EA0C0029F8020BFAE613B0BDE8C0
:10330000F08F2DE9F043DDE9084EBDF91C900EFB6E
:103310000347BEF1000F9DF828509DF82C6002EB8A
:103320004708088860DBF1455EDD002C5ADBA342CC
:1033300058DD32F817C0621C59D4934257DD002D76
:1033400055D0B8F802701EF1010E54D4F14552DD8B
:10335000002E50D0002C4CDBA3424ADD38F813205D
:10336000013405D4A34203DD15B1013338F813004D
:1033700015FB06F44FEA0C434FEA074E2CF4FC6CA5
:1033800003F0FC63C4F3C7040EF0FC6E27F4FC6783
:1033900043EA0C0CC6F110034EEA0707C4EB4606DD
:1033A0005B1BC4EB450504EB43037D4303FB0C5C53
:1033B000030420F4FC6003F0FC631843130422F4BC
:1033C000FC6203F0FC6304FB00C0134306FB030034
:1033D000430D400903F4FC6320F4FC6018430880AB
:1033E000BDE8F0838446A6E707468446ABE7074678
:1033F000A9E70246B4E70246BAE72DE9F04F8FB0DD
:103400001D46259B07910C9259681B689DED195A22
:10341000DDED1A5A9DED1B6ADDED227A9DED237AD2
:103420009DED2A3ADDED2B3A9DED2C4A0D90DDE91C
:103430002627DDE91C4601FB072703EB4707289BEE
:10344000D3F80080079B002B03DC0C9B002B40F380
:103450008281289BB3F90810B3F90C20481E02F1B1
:10346000FF3C002D40F39B805FEA244E4FEA264349
:1034700006D4864504DA002B02DB6345C0F2908057
:103480001EF1010E00F184807145C0F2818001338C
:103490007ED49A427CDBAA46B946BAF1000F40F3CB
:1034A0009980289B21144FEA2640C4F30332C6F3C7
:1034B000033CD3E902E300F1D1800EF1FF3B594513
:1034C00080F2CC800028C0F2C98003F1FF3B584550
:1034D00080F2C4800FFA8EFE00FB0E1108EB410053
:1034E00038F811B04188BCF1000F0BD00EF1004349
:1034F000013B5B00023300EB030EC35A0893BEF896
:10350000023009934FEA0B402BF4FC6B12FB0CF3D7
:10351000CCF1100E00F0FC60DB10AEEB020E40EAC6
:103520000B004FEA014B21F4FC61C3EB42020BF0AC
:10353000FC6B03EB4E0E4BEA01015143099A0EFB63
:10354000001E100422F4FC62089900F0FC60104395
:10355000089A120403FB00E021F4FC6EC3EB4C0359
:1035600002F0FC6242EA0E0203FB02035A0D5B0901
:1035700002F4FC6223F4FC631343A9F800301E9BA1
:1035800009F102090AF1FF3A1C441F9B1E4484E71B
:103590001E9B013D02371C441F9B1E4461E71DD04A
:1035A0006B1E1E9800FB034000143FF574AF0139F9
:1035B0008842BFF670AF1F9901FB03631B143FF5F0
:1035C0006AAF013A9342BFF666AFA946BA46B9F16F
:1035D000000F5BDC25EAE57507EB4507079B002B31
:1035E00040F3B980F7EE004A189B35EE035A75EEAA
:1035F000A35AF0EE672AC4EE856A36EE046AFEEE40
:10360000C82A12EE904AF0EE472AFEEEC82A12EEC1
:10361000906A65EEA64A66EE266A74EEE77A36EEA2
:10362000C77AFEEEC87ABEEEC87A17EE902AF0EEA0
:10363000647A92FBF3F317EE102A1E93189BB0EEF8
:10364000667A92FBF3F31F93079B0C9A013B079357
:1036500008BF1546189B18BF1D46F3E611F1010B74
:103660008DD4DE458BDB10F1010B88D45B4586DB06
:103670001BB2CDE90110CDE9032C009342460FFAAD
:103680008EF349460D98FFF73CFE78E7289B2014FF
:103690003114C6F3033EB3F90830C4F3033203FB1D
:1036A000010108EB410038F811C04188BEF1000F5C
:1036B0000BD003F10043013B5B00023300EB030B33
:1036C000C35A0A93BBF802300B934FEA0C402CF418
:1036D000FC6C12FB0EF34FEA014B00F0FC6021F48E
:1036E000FC61DB100BF0FC6B40EA0C00CEF1100C1F
:1036F0004BEA010109F1FF39ACEB020CC3EB4202CA
:1037000003EB4C0C51430B9A0CFB001C0A994FEA3B
:10371000024B22F4FC600A9A0BF0FC6B12044BEA99
:10372000000021F4FC6B02F0FC6203FB00C0C3EB61
:103730004E0342EA0B0B03FB0B00430D400903F45D
:10374000FC6320F4FC6018431E9B1C441F9B2AF85A
:10375000020B1E443BE70FB0BDE8F08F2DE9F04FA0
:1037600085B0DDE90F740291002C04FB0371BDF9F3
:1037700038E09DF8446002EB810C9DF84800C0F2EF
:103780001B81A64540F31881002FC0F21381BB4274
:1037900040F3108152F821507A1C00F110819342BD
:1037A00040F30D81002E00F00C81DCF80410013490
:1037B00000F10B81A64540F30881002800F0088144
:1037C000002FC0F20081BB4240F3FD805CF8234033
:1037D000013700F10081BB4240F3FD80002E00F074
:1037E000FC8001335CF82320B6B280B24FEA116A44
:1037F00000FB06FE36014FEA156BCEEB0010A6EB80
:103800000E07C6F580734FEA146980B2BFB21B1A67
:103810004FEA12680AFB07F69BB20BFB036600FB3C
:1038200009660EFB0866C6F307260096002E00F018
:10383000BE8005F0FF1C05F47F45029E0BFB0CFCCF
:103840000BFB05F536884FEA1C2B0CF1011C01958A
:103850000BF0FF1BDC444FEA1C2C0CF0FF1503950A
:10386000019D05F5807C0CEB152501F0FF1C01F492
:103870007F410AFB0CFC4FEA152B0AFB01FA4FEAC9
:103880001C250CF1011C0AF5807105F0FF1501EBF8
:103890001A2A654404F0FF1C04F47F444FEA1A2AF4
:1038A00009FB0CFC2D0A09FB04F90AF47F4A4FEAD4
:1038B0001C2105F0FF1509F580740CF1011C01F0C5
:1038C000FF117D4304EB192902F0FF1402F47F423B
:1038D000614408FB04F44FEA192908FB02F8090ABD
:1038E000220A04F1011401F0FF1107FB0AF702F0AC
:1038F000FF12144408F58072240A02EB1828039A78
:1039000004F0FF1402FB03554FEA1828009A04FB49
:103910000E5408F47F48351201FB004105F0F8050C
:10392000090A01F0FF140BF47F4103FB01710EFB48
:10393000081E09F47F4100FB01E19DF84C0087B2AD
:10394000090A7A4301F47F41531C214303EB1223FC
:103950000A0CC1F307246FEA1323C8B212FB07F263
:1039600014FB07F4DBB210FB07F005FB0325F21094
:10397000F60002F0FC02ADB2F6B202FB034206FB17
:10398000030394B299B26B1C621C03EB15254B1C0C
:1039900002EB142203EB112305F478455209C3F31B
:1039A000C42302F4FC622B431343029A138005B034
:1039B000BDE8F08F0025EFE600210D46F7E6002177
:1039C000F5E63146F3E6002402E7002214460BE751
:1039D0000246044608E7002206E7324604E72DE9DE
:1039E000F04F9DB019920793339A9DF8DC301B90ED
:1039F0001A935068179112689DED275ADDED285AE9
:103A00009DED296ADDED307A9DED317A9DED383AF4
:103A1000DDED393A9DED3A4ADDE93413DDE92A4618
:103A200000FB031302EB43030A93369B1B681093BE
:103A3000BDF868300B93179B002B03DC199B002B00
:103A400040F37583369BB3F90810B3F90C20481E78
:103A5000571E079B002B40F38E815FEA244C4FEAF0
:103A6000264306D4844504DA002B02DBBB42C0F2B5
:103A700083811CF1010C00F173816145C0F27081FA
:103A8000013300F16D819A42C0F26A81079B0A9F5F
:103A90001893189B002B40F38C81369A4FEA264CE2
:103AA000369BC4F30330D2F80CE02214C6F3033182
:103AB0009B6800F1CD8103F1FF38424580F2C88157
:103AC000BCF1000FC0F2C4810EF1FF38C44580F292
:103AD000BF811BB2109D0CFB032205EB820855F839
:103AE00022204FEA126E002800F0A981D8F8045075
:103AF0000C952D0E139581B103F18043013B9B0082
:103B0000043308EB030C58F8033008931B0E119391
:103B1000DCF804300D931B0E149380B2119D89B212
:103B200000FB01F90001C9EB0111A0EB0908C0F588
:103B30008073139889B21FFA88F85B1A08FB00F0AB
:103B40009BB203FB0E0001FB0500149D09FB050061
:103B5000C0F30720002800F0FA80BEF1FF0F1BD051
:103B600002F0FF1A02F47F420EFB0AFA0EFB02FE7D
:103B70004FEA1A220AF1011A0EF5807C02F0FF12B8
:103B80000CEB1E2C52444FEA1C2C120A0CF47F4CF6
:103B900002F0FF1242EA0C02139DFF2D21D00C9D72
:103BA00005F0FF1B139D05FB0BFB0C9D05F47F4AE5
:103BB000139D4FEA1B2E0BF1011B05FB0AFA0EF0B9
:103BC000FF1E0AF5807CDE440CEB1A2A4FEA1E2EFB
:103BD0004FEA1A2A0EF0FF1E0AF47F4A4EEA0A053F
:103BE0000C95119DFF2D21D0089D05F0FF1B119D07
:103BF00005FB0BFB089D05F47F4A119D4FEA1B2E28
:103C00000BF1011B05FB0AFA0EF0FF1E0AF5807C82
:103C1000DE440CEB1A2A4FEA1E2E4FEA1A2A0EF047
:103C2000FF1E0AF47F4A4EEA0A050895149DFF2DEF
:103C300021D00D9D05F0FF1B149D05FB0BFB0D9D79
:103C400005F47F4A149D4FEA1B2E0BF1011B05FB67
:103C50000AFA0EF0FF1E0AF5807CDE440CEB1A2AED
:103C60004FEA1E2E4FEA1A2A0EF0FF1E0AF47F4A70
:103C70004EEA0A050D950C9D02F0FF1E02F47F42EC
:103C800005F0FF1C089D08FB0CFC03FB0ECC05F0A7
:103C9000FF1E0D9D01FB0ECC05F0FF1E0C9D09FBC8
:103CA0000ECC05F47F4E0B9D08FB0EF84FEA1C2C42
:103CB00003FB0282089B0CF0FF1C03F47F4A0D9B60
:103CC00001FB0A2203F47F413B8809FB01290B9A7F
:103CD000191242434FEA192901F0F801501C09F466
:103CE0007F4900EB12204CEA090C6FEA10204FEAE2
:103CF0001C42CCF3072E5FFA8CFC12FB05F2C0B21B
:103D00001CFB05FC01FB0021DA101EFB05FEDB009D
:103D100089B202F0FC02DBB202FB00E203FB00C34B
:103D200092B21FFA83FC4B1C03EB11210CF101032F
:103D300003EB1C2301F47841C3F3C4230B43511C50
:103D400001EB1222520902F4FC6213433B802C9BCC
:103D500002371C442D9B1E44189B013B189398E688
:103D60002C9B1C442D9B1E44079B013B07930A9BE5
:103D700002330A936DE623D0079B2C98013B00FB8E
:103D8000034000143FF582AE01398842BFF67EAE93
:103D90002D9901FB03631B143FF578AE013A934262
:103DA000BFF674AEDDF81CB0DDF82890BBF1000F53
:103DB0006CDC079B23EAE3750A9B03EB45030A933C
:103DC000179B002B40F3B381F7EE004A269B35EE9C
:103DD000035A75EEA35AF0EE672AC4EE856A36EEF2
:103DE000046AFEEEC82A12EE904AF0EE472AFEEE72
:103DF000C82A12EE906A65EEA64A66EE266A74EE4E
:103E0000E77A36EEC77AFEEEC87ABEEEC87A17EECB
:103E1000902AF0EE647A92FBF3F317EE102A2C93BB
:103E2000269BB0EE667A92FBF3F32D93179B199ABB
:103E3000013B1793269B08BF13460793FBE5002918
:103E40003FF46BAE58F8233008931B0E119364E6D1
:103E500012F101083FF57BAF4345FFF678AF1CF147
:103E600001083FF574AFC645FFF671AF1A9D1BB24E
:103E700001920FFA8EF2CDE90415CDE902C000924D
:103E80003946109A1B98FFF769FC60E7369B2714A8
:103E9000109DC4F30332B3F908103314C6F3033092
:103EA00001FB037305EB830755F823304FEA136CCE
:103EB000002A00F033817D680E952D0E159578B19E
:103EC00001F1804101398900043107EB010E795875
:103ED0000991090E1291DEF804100F91090E169146
:103EE00092B2159980B2129D02FB00F81201C8EB44
:103EF0000010A2EB080EC2F5807280B21FFA8EFE8F
:103F0000121A0EFB01F192B202FB0C1100FB05111B
:103F1000169D08FB0511C1F30721002900F0F5806B
:103F2000BCF1FF0F19D003F0FF1A03F47F430CFB21
:103F30000AFA0CFB03FC4FEA1A230AF1011A0CF5EA
:103F4000807703F0FF1307EB1C2753443F0A1B0A3B
:103F500007F47F4703F0FF133B43159DFF2D20D04F
:103F60000E9D05F0FF17159D6F430E9D4FEA172C10
:103F700005F47F4A159D07F101170CF0FF1C05FBA6
:103F80000AFABC440AF580774FEA1C2C07EB1A2A80
:103F90000CF0FF1C4FEA1A2A0AF47F4A4CEA0A0581
:103FA0000E95129DFF2D20D0099D05F0FF17129D43
:103FB0006F43099D4FEA172C05F47F4A129D07F1C4
:103FC00001170CF0FF1C05FB0AFABC440AF58077C8
:103FD0004FEA1C2C07EB1A2A0CF0FF1C4FEA1A2A96
:103FE0000AF47F4A4CEA0A050995169DFF2D20D058
:103FF0000F9D05F0FF17169D6F430F9D4FEA172C7D
:1040000005F47F4A169D07F101170CF0FF1C05FB14
:104010000AFABC440AF580774FEA1C2C07EB1A2AEF
:104020000CF0FF1C4FEA1A2A0AF47F4A4CEA0A05F0
:104030000F950E9D03F0FF1C03F47F4305F0FF175F
:10404000099D0EFB07F702FB0C7705F0FF1C0F9D87
:1040500000FB0C7705F0FF1C0E9D08FB0C7705F4A8
:104060007F4C0B9D0EFB0CFE3F0A02FB03E3099AFB
:1040700007F0FF1702F47F4A0F9A00FB0A3302F49D
:104080007F4CB9F8000008FB0C3C0B9B0212594313
:104090004FEA1C2C02F0F8020CF47F4C4B1C47EA50
:1040A0000C0703EB11213B0C6FEA1121C7F3072C1E
:1040B000FFB213FB05F3C9B217FB05F702FB013290
:1040C000C3101CFB05FCC00092B203F0FC03C0B29D
:1040D00003FB01C300FB0170511C9BB280B201EBDA
:1040E000122200F1010C02F478420CEB102CCCF3FC
:1040F000C42C4CEA020203F1010C0CEB13235B0904
:1041000003F4FC631A43A9F800202C9B09F102096F
:104110000BF1FF3B1C442D9B1E4447E600283FF457
:10412000DFAE57F821100991090E1291D8E61DB0A3
:10413000BDE8F08F2DE9F04F85B0DDE90F740291F5
:10414000002C04FB0371BDF938E09DF8446002EBDC
:10415000810C9DF84800C0F20C81A64540F309810E
:10416000002FC0F20481BB4240F3018152F821507C
:104170007A1C00F10181934240F3FE80002E00F092
:10418000FD80DCF80410013400F1FC80A64540F30A
:10419000F980002800F0F980002F0CEB8302C0F2B8
:1041A000EF80BB4240F3EC805CF82340013700F124
:1041B000EF80BB4240F3EC80002E00F0EB805268B1
:1041C000B6B280B24FEA116A00FB06FE36014FEA32
:1041D000156BCEEB0010A6EB0E07C6F580734FEA09
:1041E000146980B2BFB21B1A4FEA126807FB0AF6C5
:1041F0009BB20BFB036600FB09660EFB0866C6F369
:1042000007260096002E00F0AF8005F0FF1C05F495
:104210007F45029E0BFB0CFC0BFB05F536884FEA35
:104220001C2B0CF1011C01950BF0FF1BDC444FEA29
:104230001C2C0CF0FF150395019D05F5807C0CEB03
:10424000152501F0FF1C01F47F410AFB0CFC4FEA2D
:10425000152B0AFB01FA4FEA1C250CF1011C0AF58B
:10426000807105F0FF1501EB1A2A654404F0FF1C6C
:1042700004F47F444FEA1A2A09FB0CFC2D0A09FBBF
:1042800004F90AF47F4A4FEA1C2105F0FF1509F5ED
:1042900080740CF1011C01F0FF117D4304EB19291E
:1042A00002F0FF1402F47F42614408FB04F44FEA79
:1042B000192908FB02F8090A220A04F1011401F085
:1042C000FF1107FB0AF702F0FF12144408F5807291
:1042D000240A02EB1828039A04F0FF1402FB03558A
:1042E0004FEA182804FB0E5408F47F4801FB0041F4
:1042F000090A01F0FF140BF47F4103FB0171009BDD
:104300000EFB081E09F47F41DA43331200FB01E182
:10431000F010D2B203F0F803090A00F0FC00F60036
:10432000534301F47F415043F6B2214356435A1C94
:1043300002EB13220B0C03EB1223421C02EB1020A6
:104340000A0A1B0202EB102203F47843D20002F4A3
:10435000FC621343721C02EB162601EB1621C1F31B
:10436000C4011943029B198005B0BDE8F08F0025F8
:10437000FEE600210D4606E7002104E7314602E78C
:10438000002413E7002214461AE70246044617E702
:10439000002215E7324613E72DE9F04F9BB0189243
:1043A000319A199016915068079312689DED255A1D
:1043B000DDED265A9DED276ADDED2E7A9DED2F7AF3
:1043C0009DED363ADDED373A9DED384ADDE93213A1
:1043D000DDE9284600FB031302EB43030A93349BF9
:1043E0001B680F93169B002B03DC189B002B40F3DC
:1043F0008783349BB3F90810B3F90C20481E571E6D
:10440000079B002B40F366815FEA244C4FEA26436A
:1044100006D4844504DA002B02DBBB42C0F25B8188
:104420001CF1010C00F14B816145C0F24881013360
:1044300000F145819A42C0F24281079B0A9F17937F
:10444000179B002B40F36581349A4FEA264C349B2E
:10445000C4F30331D2F80CE02214C6F303309B6896
:1044600000F1D58103F1FF38424580F2D081BCF1E3
:10447000000FC0F2CC810EF1FF38C44580F2C78135
:104480001BB20F9D0CFB032205EB820855F822207E
:104490004FEA126E002900F08281D8F804500B9583
:1044A0002D0E129580B103F18043013B9B00043334
:1044B00008EB030C58F8033008931B0E1093DCF83C
:1044C00004300C931B0E139389B2129B80B2109D83
:1044D00001FB00F90901C9EB0010A1EB0908C1F5C6
:1044E000807180B21FFA88F8091A08FB03F389B2B9
:1044F00001FB0E3300FB0533139D09FB0533C3F3AA
:104500000723002B00F0D280BEF1FF0F1BD002F07A
:10451000FF1A02F47F420EFB0AFA0EFB02FE4FEA7C
:104520001A220AF1011A0EF5807C02F0FF120CEB40
:104530001E2C52444FEA1C2C120A0CF47F4C02F041
:10454000FF1242EA0C02129DFF2D21D00B9D05F0B7
:10455000FF1B129D05FB0BFB0B9D05F47F4A129D73
:104560004FEA1B2E0BF1011B05FB0AFA0EF0FF1E92
:104570000AF5807CDE440CEB1A2A4FEA1E2E4FEA25
:104580001A2A0EF0FF1E0AF47F4A4EEA0A050B951E
:10459000109DFF2D21D0089D05F0FF1B109D05FBF0
:1045A0000BFB089D05F47F4E109D05FB0EFA4FEAAC
:1045B0001B2E0BF1011B0EF0FF1E0AF5807CDE4462
:1045C0000CEB1A2A4FEA1E2E4FEA1A2A0EF0FF1E93
:1045D0000AF47F4A4EEA0A050895139DFF2D21D063
:1045E0000C9D05F0FF1B139D05FB0BFB0C9D05F4BB
:1045F0007F4A139D4FEA1B2E0BF1011B05FB0AFAA4
:104600000EF0FF1E0AF5807CDE440CEB1A2A4FEAFE
:104610001E2E4FEA1A2A0EF0FF1E0AF47F4A4EEAB7
:104620000A050C950B9D02F0FF1E02F47F42FF2B42
:1046300005F0FF1C089D08FB0CFC01FB0ECC05F0EF
:10464000FF1E0C9D00FB0ECC05F0FF1E0B9D09FB11
:104650000ECC05F47F4E08FB0EF84FEA1C2C01FB34
:10466000028208990CF0FF1C01F47F4A0C9900FBB0
:104670000A2201F47F4009FB00294FEA192909F4B5
:104680007F494CEA090C4FEA1C2240F091804FEA26
:104690005C1322F4FF6203F4FC6322F007021A4366
:1046A000CCF3C40C4CEA020CA7F800C02A9B0237DA
:1046B0001C442B9B1E44179B013B1793C0E62A9B6F
:1046C0001C442B9B1E44079B013B07930A9B023310
:1046D0000A9395E624D0079B2A98013B00FB0340F0
:1046E00000143FF5AAAE01398842BFF6A6AE2B9959
:1046F00001FB03631B143FF5A0AE013A9342BFF6E2
:104700009CAEDDF81CB0DDF82880BBF1000F00F393
:104710009A80079B23EAE3750A9B03EB45030A9300
:10472000169B002B40F3EC81F7EE004A249B35EEFC
:10473000035A75EEA35AF0EE672AC4EE856A36EE88
:10474000046AFEEEC82A12EE904AF0EE472AFEEE08
:10475000C82A12EE906A65EEA64A66EE266A74EEE4
:10476000E77A36EEC77AFEEEC87ABEEEC87A17EE62
:10477000902AF0EE647A92FBF3F317EE102A2A9354
:10478000249BB0EE667A92FBF3F32B93169B189A58
:10479000013B1693249B08BF1346079322E600288B
:1047A0003FF492AE58F8233008931B0E10938BE61B
:1047B0003988DB43D44D4FEA212E5FFA83F80EF09F
:1047C000F80EC810CB000EFB08FE00F0FC00DBB2B8
:1047D0000EF1010100FB08F003FB08F301EB1E2EB4
:1047E0004FEA1C4101EB1E2100F1010E0EEB1020DF
:1047F000C9B202EB102205EA0121D20002F4FC62E8
:104800000A43591C01EB13230CEB132C48E712F15C
:1048100001083FF54BAF4345FFF648AF1CF10108D7
:104820003FF544AFC645FFF641AF1BB2CDE9012CC1
:104830000FFA8EF2CDE90310009239460F9A1998BB
:10484000FFF778FC32E7349B21140F9DC4F3033249
:10485000B3F908703314C6F3033007FB03130F9941
:1048600001EB830155F823304FEA136C002A00F066
:1048700008814D680D952D0E149578B107F180478C
:10488000013FBF00043701EB070EC9590991090E1A
:104890001191DEF804100E91090E159192B2119D3E
:1048A00080B202FB00F91201C9EB0010A2EB090E65
:1048B000C2F58071149A80B21FFA8EFE091A0EFB9F
:1048C00002F289B201FB0C2200FB0522159D09FBB7
:1048D0000522C2F30722002A00F0CA80BCF1FF0FB4
:1048E00019D003F0FF1A03F47F430CFB0AFA0CFB08
:1048F00003FC4FEA1A230AF1011A0CF5807703F042
:10490000FF1307EB1C2753443F0A1B0A07F47F479A
:1049100003F0FF133B43149DFF2D20D00D9D05F0A8
:10492000FF17149D6F430D9D4FEA172C05F47F4A26
:10493000149D07F101170CF0FF1C05FB0AFABC449B
:104940000AF580774FEA1C2C07EB1A2A0CF0FF1CA3
:104950004FEA1A2A0AF47F4A4CEA0A050D95119D7E
:10496000FF2D20D0099D05F0FF17119D6F43099D74
:1049700005F47F4C119D05FB0CFA4FEA172C07F14B
:1049800001170CF0FF1CBC440AF5807707EB1A2ACC
:104990004FEA1C2C4FEA1A2A0CF0FF1C0AF47F4A3B
:1049A0004CEA0A050995159DFF2D20D00E9D05F0B6
:1049B000FF17159D6F430E9D4FEA172C05F47F4A94
:1049C000159D07F101170CF0FF1C05FB0AFABC440A
:1049D0000AF580774FEA1C2C07EB1A2A0CF0FF1C13
:1049E0004FEA1A2A0AF47F4A4CEA0A050E950D9DF1
:1049F00003F0FF1C03F47F43FF2A05F0FF17099D16
:104A00000EFB07F701FB0C7705F0FF1C0E9D00FB6A
:104A10000C7705F0FF1C0D9D09FB0C7705F47F4C0E
:104A20000EFB0CFE4FEA172701FB03E3099907F081
:104A3000FF1701F47F4A0E9900FB0A3301F47F4C03
:104A400009FB0C3C4FEA1C2C0CF47F4C47EA0C078A
:104A50004FEA17231ED17A0923F4FF63C7F3C40773
:104A600002F4FC6223F0070313431F43A8F800700D
:104A70002A9B08F102080BF1FF3B1C442B9B1E44B0
:104A800043E600283FF40AAF51F827100991090EB8
:104A9000119103E7B8F80010D2434FEA212C5FFAD6
:104AA00082FE0CF0F80CC810CA000CFB0EFC00F0E3
:104AB000FC00D2B20CF1010100FB0EF002FB0EF281
:104AC00001EB1C2C390C01EB1C2C0F495FFA8CFC00
:104AD00001EA0C2C411C01EB1020511C03EB1020AF
:104AE00001EB1222C00007EB122700F4FC60C7F3B1
:104AF000C4074CEA000C47EA0C0CA8F800C0B7E762
:104B00001BB0BDE8F08F00BF00F8FFFF2DE9F047B4
:104B1000DDE90A05BDF92080002DBDF924909DF83E
:104B2000307005FB030E9DF834C0C0F28C80A9459F
:104B300040F389800028C0F28480804540F3818062
:104B40004FEA5E041EF0010F165D0CBF06F00F0663
:104B5000361106EB0616F6B2441C77D4A04575DD77
:104B6000002F75D00EF1010A4FEA5A041AF0010F16
:104B7000145D0CBF04F00F04241104EB0414E4B220
:104B8000013569D4A94567DDBCF1000F67D0002865
:104B900060DB80455EDD03EB0E094FEA590519F035
:104BA000010F555D0CBF05F00F052D1105EB051527
:104BB000EDB2013056D4804554DD002F54D001337E
:104BC0009E444FEA5E031EF0010FD05C0CBF00F064
:104BD0000F00001100EB0010C3B2BAB21FFA8CFC38
:104BE00002FB0CF01201C0EB0C1CC2F58077121A0C
:104BF0001FFA8CFC92B2A7EB0C076243BFB206FB14
:104C000007220CFB052500FB0353C3F30723B3B1B5
:104C10009DF838205A43531C03EB12232D4A1B12D4
:104C20001268FF2B4FEA122620D150092A4BC2F3FB
:104C3000C40200F4FC603340184302430A80BDE81C
:104C4000F087002688E70024264699E7002497E7A6
:104C50003C4695E70025ACE700231D46BDE76346CB
:104C60006546BAE70023B8E73B46B6E70D889FB232
:104C7000C2F30740DB432C1210FB07F0DBB204F059
:104C8000F804F6B2D2B204FB0304E81012FB07F2F8
:104C9000ED0000F0FC00A4B216FB07F6EDB200FB3D
:104CA000036605FB0323B0B29AB2631C03EB142422
:104CB000531C03EB1223421C04F4784402EB102033
:104CC000C3F3C4234009234300F4FC6003430B8077
:104CD000B5E700BF7C60012000F8FF002DE9F04F30
:104CE00097B0149209932D9A9DF8C43015900D91A8
:104CF00050680F9312689DED215ADDED225A9DED0B
:104D0000236ADDED2A7A9DED2B7A9DED323ADDEDB9
:104D1000333A9DED344ADDE92E13DDE9244600FBEC
:104D2000031302EB4309309B9B68013323F001031B
:104D30000A93309B1F680D9B002B03DC149B002BF8
:104D400040F38982309BB3F90810B3F90C20481E58
:104D500002F1FF3C099B002B40F3C5805FEA244E23
:104D60004FEA264306D4864504DA002B02DB63456E
:104D7000C0F2BA801EF1010E00F1AB807145C0F2A5
:104D8000A880013300F1A5809A42C0F2A280099B5D
:104D9000C846BDF928A00E930E9B002B40F3C4809B
:104DA000309B3014C4F30332C6F30331D3E902CE8F
:104DB000231400F14F810CF1FF3B5B4580F24A81E7
:104DC0000028C0F247810EF1FF3B584580F2428136
:104DD0000A9D00FB05335808DD0717F800C054BFD3
:104DE0000CF00F0C4FEA2C1C0CEB0C1C5FFA8CFC2B
:104DF000002A00F0DD80581C4FEA500EC00717F85B
:104E00000EE054BF0EF00F0E4FEA2E1E0EEB0E1EDC
:104E10005FFA8EF01090D9B153445808DD0703F1C2
:104E20000103385C54BF00F00F000011DD0700EBF8
:104E30000010C0B20B904FEA530017F800E054BFC7
:104E40000EF00F034FEA2E1303EB0313DBB21193A3
:104E500092B2109D89B202FB01F31201C3EB011162
:104E6000C2F58070D21A89B292B2401A6A4380B2F7
:104E70000CFB002C0B9A01FB02C1119A03FB0213DD
:104E8000C3F30723DBB10F9A53435A1C02EB1323DE
:104E9000C64A1B121268FF2B4FEA122C40F0998071
:104EA00053092CF4FF6CC2F3C40203F4FC632CF02E
:104EB000070C43EA0C0C4CEA0202A8F80020269BDF
:104EC00008F102081C44279B1E440E9B013B0E93D5
:104ED00062E7269B09F102091C44279B1E44099B9B
:104EE000013B099336E724D0099B2698013B00FB40
:104EF000034000143FF54BAF01398842BFF647AF7E
:104F0000279901FB03631B143FF541AF013A93421C
:104F1000BFF63DAFBDF92830C846DDF824B00E938A
:104F2000BBF1000F00F3B780099B23EAE37509EB9F
:104F300045090D9B002B40F38E81F7EE004A209B24
:104F400035EE035A75EEA35AF0EE672AC4EE856A71
:104F500036EE046AFEEEC82A12EE904AF0EE472AB8
:104F6000FEEEC82A12EE906A65EEA64A66EE266A42
:104F700074EEE77A36EEC77AFEEEC87ABEEEC87AED
:104F800017EE902AF0EE647A92FBF3F317EE102AF4
:104F90002693209BB0EE667A92FBF3F327930D9B4A
:104FA000149A013B0D93209B08BF13460993C2E658
:104FB00000293FF44DAF0AEB03004308C007FB5C38
:104FC00054BF03F00F031B1103EB0313DBB20B936E
:104FD0003EE7B8F800E01FFA83FBC2F30741DB436A
:104FE0004FEA2E2011FB0BF1DBB200F0F8005FFA64
:104FF0008CFCD2B200FB03104FEAEE011CFB0BFC51
:105000004FEACE0E80B201F0FC0112FB0BFB5FFAFF
:105010008EFE01FB03CC0EFB03BB431C1FFA8CFC72
:105020001FFA8BFB03EB10200CF1010100F4784315
:105030000BF1010001EB1C2C00EB1B204FEA5C1C68
:10504000C0F3C4200CF4FC6C184340EA0C00A8F830
:10505000000034E713F1010B3FF531AFDC45FFF6FB
:105060002EAF10F1010B3FF52AAFDE45FFF627AF5B
:1050700002930FFA8EF30F9D01930FFA8CF3CDE993
:105080000302CDE9051500933A465346414615986B
:10509000FFF73CFD13E722140A9D3314C4F30331D8
:1050A000C6F3033005FB03235A08DD07BA5C54BF7F
:1050B00002F00F02121102EB0212D2B2002977D0D5
:1050C00003F1010E4FEA5E0C1EF0010F17F80CC041
:1050D0000CBF0CF00F0C4FEA2C1C0CEB0C1C5FFAF5
:1050E0008CF5129508B30E9D2B444FEA530CDD0747
:1050F00003F1010317F80CC054BF0CF00F0C4FEA7A
:105100002C1C0CEB0C1C5FFA8CF54FEA530C0C9525
:10511000DD0717F80CC054BF0CF00F0C4FEA2C1C25
:105120000CEB0C1C5FFA8CF3139389B2129D80B2C6
:1051300001FB00F30901C3EB0010C1F5807CC91A23
:1051400080B289B2ACEB000C69431FFA8CFC02FB05
:105150000C120C9900FB0120139A03FB0203C3F30A
:105160000723D3B10F9A53435A1C02EB13230F4A60
:105170001B121268FF2B4FEA122C2DD153092CF46D
:10518000FF6CC2F3C40203F4FC632CF0070C43EA87
:105190000C0C4CEA0202A8F80020269B08F1020839
:1051A0000BF1FF3B1C44279B1E44B9E67C600120A9
:1051B0000028BAD00E9D2B444FEA530CDB0717F89A
:1051C0000CC054BF0CF00F0C4FEA2C1C0CEB0C1C49
:1051D0005FFA8CF30C93A8E7B8F800E01FFA83FAA3
:1051E000C2F30741DB434FEA2E2011FB0AF1DBB289
:1051F00000F0F800D2B25FFA8CFC00FB03104FEA1B
:10520000EE0112FB0AF24FEACE0E80B201F0FC0171
:105210001CFB0AFC5FFA8EFE0EFB032201FB03CC93
:10522000431C92B203EB1020511C1FFA8CFC00F4BB
:10523000784001EB1221C1F3C42108430CF10101B4
:1052400001EB1C2C4FEA5C1C0CF4FC6C40EA0C00DB
:10525000A8F80000A1E717B0BDE8F08F2DE9F047EE
:10526000DDE90A05BDF92080002DBDF924909DF8E7
:10527000307005FB030E9DF834C0C0F2B080A94524
:1052800040F3AD800028C0F2A880804540F3A5809F
:105290004FEA5E041EF0010F165D0CBF06F00F060C
:1052A000361106EB0616F6B2441C00F19B80A045B1
:1052B00040F39880002F00F097800EF1010A4FEA2A
:1052C0005A041AF0010F145D0CBF04F00F042411EE
:1052D00004EB0414E4B2013500F18A80A94540F3DF
:1052E0008780BCF1000F00F0868000287EDB8045BF
:1052F0007CDD03EB0E094FEA590519F0010F555DEE
:105300000CBF05F00F052D1105EB0515EDB20130B1
:1053100074D4804572DD002F72D001339E444FEA71
:105320005E031EF0010FD05C0CBF00F00F000011F7
:1053300000EB0010C3B2BAB21FFA8CFC02FB0CF0F7
:105340001201C0EB0C1CC2F58077121A1FFA8CFCFC
:1053500092B2A7EB0C076243BFB206FB07220CFB1D
:10536000052500FB0353C3F30723A3B3254A0E8887
:1053700015689AB23412DB43C5F30740C5F307271B
:10538000DBB204F0F80410FB02F0EDB217FB02F7F9
:1053900004FB0304F01015FB02F2F60000F0FC0021
:1053A000A4B2F6B200FB037006FB032380B29AB2EC
:1053B000631C03EB1424531C03EB1223421C04F460
:1053C000784402EB1020C3F3C4234009234300F4C4
:1053D000FC6003430B80BDE8F087002664E70024EF
:1053E000264678E7002476E73C4674E700258EE7FA
:1053F00000231D469FE7634665469CE700239AE726
:105400003B4698E77C6001202DE9F04F93B01D46A4
:105410000C92299A11900791506812689DED1D5ABF
:10542000DDED1E5A9DED1F6ADDED267A9DED277A92
:105430009DED2E3ADDED2F3A9DED304ADDE92A1340
:10544000DDE9204600FB031302EB43092C9B9B681C
:10545000013323F0010306932C9B1F68079B002B4D
:1054600003DC0C9B002B40F367822C9BB3F90810E4
:10547000B3F90C20481E02F1FF3C002D40F3B78029
:105480005FEA244E4FEA264306D4864504DA002B11
:1054900002DB6345C0F2AC801EF1010E00F19F807B
:1054A0007145C0F29C80013300F199809A42C0F2AC
:1054B0009680C846BDF918A00995099B002B40F3BA
:1054C000B580C4F303333014C6F3033108932C9B27
:1054D000D3E902CE231400F13F810CF1FF3B5B4581
:1054E00080F23A810028C0F237810EF1FF3B584527
:1054F00080F23281069A00FB02335808DA07089AD4
:1055000017F800C054BF0CF00F0C4FEA2C1C0CEB2A
:105510000C1C5FFA8CFC002A00F0CC80581C4FEA6F
:10552000500EC00717F80EE054BF0EF00F0E4FEAF2
:105530002E1E0EEB0E1E5FFA8EFECDF834E0B9B1D2
:1055400053445808DA07385C54BF00F00F000011CC
:1055500000EB0010C0B20A90581C4308C207FB5C65
:1055600054BF03F00F031B1103EB0313DBB20E93C5
:10557000BDF8202089B202FB01F31201C3EB011137
:10558000C2F58070D21A89B292B2401A1FFA80FE18
:105590000D9842430CFB0E2C0A9A01FB02C10E9A95
:1055A00003FB0213C3F30723FF2B40F09480BF4B90
:1055B0001A68BF4B510903EA1223C2F3C40201F473
:1055C000FC610B431343A8F80030229B08F102084A
:1055D0001C44239B1E44099B013B09936DE7229BBE
:1055E000013D09F102091C44239B1E4445E721D0DB
:1055F0006B1E229800FB034000143FF55AAF01399F
:105600008842BFF656AF239901FB03631B143FF595
:1056100050AF013A9342BFF64CAFBDF91830A846DF
:10562000CE460893B8F1000F00F3B68025EAE57581
:1056300009EB4509079B002B40F37E81F7EE004AFA
:105640001C9B35EE035A75EEA35AF0EE672AC4EEA2
:10565000856A36EE046AFEEEC82A12EE904AF0EE33
:10566000472AFEEEC82A12EE906A65EEA64A66EE5A
:10567000266A74EEE77A36EEC77AFEEEC87ABEEE98
:10568000C87A17EE902AF0EE647A92FBF3F317EEE5
:10569000102A22931C9BB0EE667A92FBF3F32393BD
:1056A000079B0C9A013B079308BF15461C9B18BF2C
:1056B0001D46D3E600293FF45BAF0AEB0300430825
:1056C000C007FB5C54BF03F00F031B1103EB031374
:1056D000DBB20A934CE7002B3FF477AF734A1FFA13
:1056E00083FEB8F800C0DB4310684FEA2C21C0F3FA
:1056F0000742DBB201F0F801C0F3072B12FB0EF2F8
:10570000C0B21BFB0EFB01FB03214FEAEC0210FBB6
:105710000EFE4FEACC0C89B202F0FC025FFA8CFC60
:1057200002FB03B2481C0CFB03E392B29BB200EBFA
:10573000112102F1010B01F47840591C0BEB1222EC
:1057400001EB13215209C1F3C42102F4FC620143AD
:105750001143A8F8001038E713F1010B3FF535AFFE
:10576000DC45FFF632AF10F1010B3FF52EAFDE4501
:10577000FFF62BAF02930FFA8EF3089A01930FFAFC
:105780008CF30591414600935346CDE903023A4616
:105790001198FFF763FD18E7221406993314C4F338
:1057A0000330C6F3033C01FB03235A08D907BA5C54
:1057B00054BF02F00F02121102EB0212D2B2002803
:1057C00063D003F1010A4FEA5A011AF0010F795C24
:1057D0000CBF01F00F01091101EB0111C9B20F91CA
:1057E000BCF1000F1AD008990B44590813F0010FAF
:1057F00003F10103795C0CBF01F00F01091101EB0A
:105800000111C9B20B915908DB07795C54BF01F053
:105810000F01091101EB0111C9B2109180B21FFAF9
:105820008CFC00FB0CF30001C3EB0C1CC0F5807179
:10583000C01A1FFA8CFC80B2A1EB0C011FFA81FA8E
:105840000F9948430B9902FB0A020CFB012C109A9A
:1058500003FB02C3C3F30723FF2B2BD1134B1A689F
:10586000134B510903EA1223C2F3C40201F4FC6191
:105870000B431343AEF80030229B0EF1020E08F1E9
:10588000FF381C44239B1E44CCE6BCF1000FC5D05E
:1058900008990B445908DB07795C54BF01F00F01EC
:1058A000091101EB0111C9B20B91B7E77C6001202E
:1058B00000F8FFFF002BDFD0214A1FFA83FABEF861
:1058C00000C0DB4310684FEA2C21C0F30742DBB273
:1058D00001F0F801C0F3072B12FB0AF2C0B21BFB68
:1058E0000AFB01FB03214FEAEC0210FB0AF04FEA2E
:1058F000CC0C89B202F0FC025FFA8CFC02FB03B212
:105900000CFB03004B1C92B280B203EB112100F19F
:10591000010B01F478410BEB102BCBF3C42B4BEABA
:10592000010102F1010B0BEB1222520902F4FC629D
:105930001143AEF800109FE713B0BDE8F08F00BF31
:105940007C60012070B50812BDF810509EB2131291
:1059500000F0F800CC1003F0F803C90010FB06F0CB
:1059600004F0FC0413FB05F314FB06F41844D310F5
:10597000D20003F0FC0380B2D2B213FB05F312FB9A
:1059800005F21C44CBB213FB06F3A4B21344421C31
:105990009BB202EB102000F47842581C00EB13205D
:1059A000C0F3C4201043621C02EB1424640904F405
:1059B000FC64204370BD00002DE9F04F8FB01C4601
:1059C0000D4616469DF864700490189B002F00F059
:1059D000F68020680AAA61684FF00208043603C204
:1059E00018680CAA596803C20AA8EFF783F9214680
:1059F0000CA8EFF7A7F9BDF93020BDF936B002F0D9
:105A00000103BDF934900693BDF92C3003F0010178
:105A100005910598BDF93210034401FB032393FB64
:105A2000F8F31D44BDF828301A44BDF82A30194453
:105A3000644BADF830201868ADF8321003689B6AEB
:105A40009847614ABDF93240FF2F13881146BDF9CE
:105A500030A003FB0BFB03FB04A400EB44046BD05E
:105A6000C7F1FF03CDF82480039304EB4B03CDE98A
:105A70000732079BA34240F29D80069B002B39D042
:105A80002B7805F1010809F1FF3B228803F00F0391
:105A9000049836F81310039B00933B46FFF752FF20
:105AA00024F8020BBBF1010FA24604F1040424DD2B
:105AB00098F80030ABF1020B34F8042C1B09049861
:105AC00036F81310039B00933B46FFF73BFF24F887
:105AD000040C18F8013B34F8022C03F00F0304986F
:105AE00036F81310039B00933B46FFF72BFF24F877
:105AF000020CD7E7A846CB46D4E70ED198F8003081
:105B0000BAF800201B09049836F81310039B009381
:105B10003B46FFF717FF2AF8020B089B059A1C88E3
:105B2000BDF92C30A4EB09041344099A0AEB440490
:105B300093FBF2F31D449CE704EB4B0BA34539D9CF
:105B4000069BFBB12B786A1C09F1FF30023403F08D
:105B50000F0336F8133024F8023C0128234604F1E1
:105B6000040412DD137802381B0936F8133024F8C8
:105B7000043C12F8013B03F00F0336F8133024F80D
:105B8000023CEAE72A464846E7E706D112780233A4
:105B9000120936F8122023F8022C0C88059AA4EB7F
:105BA000090403EB4404BDF92C30134493FBF8F3D0
:105BB0001D44C3E7034B18680368DB6A98470FB0BE
:105BC000BDE8F08F6C60012064600120F0B59DF8A5
:105BD00014500F0AFF2D0CD1FF2B0AD14809254B79
:105BE000C1F3C40100F4FC603B401843084380B299
:105BF000F0BD15FB03F51412D610ABB204F0F80497
:105C0000D000C1F307425D1C44EA5414C0B206F050
:105C1000FC0605EB132546EA9616C5F307251FFA81
:105C200085FCED4312FB0CF2EBB2FDB204FB032446
:105C300040EA501215FB0CF5C8B2A4B210FB0CF0F0
:105C400006FB035502FB0300ADB283B2601C00EB00
:105C50001424581C00EB13206B1C04F4784403EB51
:105C60001525C0F3C4206D09204305F4FC652843C5
:105C7000BEE700BF00F8FF002DE9F04F1C468DB0D5
:105C80000D461646169B8046616808AA20684FF0AC
:105C9000020A9DF85C90043603C218680AAA596883
:105CA00003C208A8EFF726F821460AA8EFF74AF83A
:105CB000BDF92820BDF92E7002F00103BDF92CB00A
:105CC0000393BDF9243003F0010102910298BDF95C
:105CD0002A10034401FB032393FBFAF31D44BDF890
:105CE00020301A44BDF82230ADF8282019443E4A2D
:105CF000ADF82A101068059203689B6A98473B4BE1
:105D0000BDF92A401988BDF928C04F4301FB04C4DE
:105D100000EB440404EB4702CDE9063A0492049BED
:105D20009C4258D2039B002B34D02B786F1C03F07D
:105D30000F0356F823100B0E06D02288404600931E
:105D40004B46FFF743FF208002340BF1FF3ABAF1D4
:105D5000010F22DD3B781B0956F823100B0E06D0ED
:105D60002288404600934B46FFF730FF208017F80B
:105D7000013B03F00F0356F823100B0E06D0628888
:105D8000404600934B46FFF721FF60800434AAF1A0
:105D9000020ADCE72F46DA46D9E70DD13B781B092A
:105DA00056F823100B0E06D02288404600934B462F
:105DB000FFF70CFF20800234069B029A1B88A3EB9E
:105DC0000B0304EB4304BDF924301344079A93FBFF
:105DD000F2F31D44A3E7059B18680368DB6A984744
:105DE0000DB0BDE8F08F00BF6C6001206460012041
:105DF00070B514128D789DF81060D01004F0F8047E
:105E0000D20015FB03F500F0FC0044EA5414D2B2B2
:105E100004FB06554C78097840EA901014FB03F413
:105E200042EA521211FB03F3ADB200FB064402FB3F
:105E30000633681CA4B29BB200EB1525621C581CEB
:105E400002EB142405F4784500EB13206409C0F339
:105E5000C42004F4FC642843204370BD2DE9F04FB6
:105E60008FB01C4682460E469DF864701546189BFE
:105E7000002F00F0418120680AAA61684FF00208F3
:105E8000043503C218680CAA596803C20AA8EEF7C1
:105E900031FF21460CA8EEF755FFBDF93020BDF9C2
:105EA00036B002F001030693BDF92C3003F0010176
:105EB00005910598BDF93210034401FB032393FBC0
:105EC000F8F31E44BDF828301A44BDF82A301944AE
:105ED000BDF93430ADF830200393894BADF8321062
:105EE000186803689B6A9847864ABDF93240FF2FBD
:105EF00013889446BDF9309003FB049403FB0BF325
:105F000000EB440471D0F94304EB4303CDF8248043
:105F1000C9B2CDE907320491079BA34240F2E78062
:105F2000069B002B3DD031785046049B06F10108BA
:105F300001F00F01228800933B4601EB4101294407
:105F4000FFF756FF039B24F8020B03F1FF3BBBF165
:105F5000010FA14604F1040427DD98F80010504613
:105F6000049BABF1020B090934F8042C00933B4667
:105F700001EB41012944FFF73BFF24F8040C18F81A
:105F8000011B5046049B01F00F0134F8022C0093D2
:105F90003B4601EB41012944FFF72AFF24F8020C9C
:105FA000D5E7B046DDF80CB0D1E70FD198F8001076
:105FB0005046049B0909B9F8002000933B4601EBC9
:105FC00041012944FFF714FF29F8020B089B059AA9
:105FD0001C88039BE41ABDF92C301344099A09EB81
:105FE000440493FBF2F31E4496E704EB4303464F4D
:105FF000A3427CD9069A002A54D03078711C00F054
:106000000F0000EB400005EB000E285C9EF802201C
:106010009EF801E007EA02224FEACE0E0EF4FC6E73
:1060200042EA0E0242EAD00224F8022B039A02F15D
:10603000FF3EBEF1010F204604F1040436DD08786E
:10604000AEF1020E000900EB400005EB000A9AF8E1
:1060500001209AF80290D20007EA092902F4FC62B2
:1060600049EA020215F8009042EAD90224F8042C09
:1060700011F8010B00F00F0000EB400005EB000AE7
:106080009AF801209AF80290D20007EA092902F44E
:10609000FC6249EA020215F8009042EAD90224F8AB
:1060A000022CC6E73146DDF80CE0C2E711D10978D1
:1060B000090901EB41016C18695CA278647807EA70
:1060C0000222E40004F4FC64224342EAD10220F8F4
:1060D000022B039ABCF800400599A41ABDF92C20A4
:1060E0000A4400EB440492FBF8F2164480E7044BA8
:1060F00018680368DB6A98470FB0BDE8F08F00BFEF
:106100006C6001206460012000F8FFFF204A30B578
:1061100013684FF6F0744CF2402523F0010313602E
:106120001C4B1A682240AA4205D01B684CF2702210
:106130002340934224D1184B1B680BBB174B1A68A2
:10614000C2F30B02B2F58A6F0DD01A6840F2834495
:10615000C2F30B02A24206D01B6840F28542C3F391
:106160000B0393420CD10E4B01221A601A68002ACD
:10617000FCD10C4B18601868431A5842584130BD86
:10618000094B01221A601A68002AFCD1074BF1E77B
:10619000002000E000ED00E0002004E00010005CC2
:1061A000084C0258004C02580830024000300240AF
:1061B00001617047837B4BB1038901339BB2072B8D
:1061C000038181BF00234381838183737047000073
:1061D0002DE9FF419846838804461746ADF80630FE
:1061E000A8EB0303194A0E461BB2C1880092002097
:1061F000002BA28ABDF82850B8BF5B428DF804007E
:10620000ADF808101BB2ADF80A80ADF80C509342FF
:1062100007DC691A09B20029B8BF494209B28A42AB
:1062200010DA20696946A8EB0606EF1B03685B6875
:1062300098470023012066812381A781A4F8048068
:10624000E580A07304B0BDE8F08100BF08410408F8
:10625000F0B51E464B1E85B00446012B0D46174671
:106260004BD8B0F90A20D31C9BB2062B16D9DFF805
:10627000A0C0B4F90410CDF804C04FF0000CB4F97C
:1062800006300069ADF80C1001A98DF808C0ADF812
:106290000A20ADF80E3003689B689847B4F90C20CB
:1062A000D31C9BB2062B16D9DFF864C0B4F90410D6
:1062B000CDF804C04FF0010CB4F906302069ADF8F8
:1062C0000C1001A98DF808C0ADF80A20ADF80E3009
:1062D00003689B6898470D4B01A92069019300232F
:1062E0008DF80850ADF80A70ADF80C60ADF80E30BE
:1062F00003681B68984705B0F0BD0029EBD1A28068
:10630000C680A160A181A173E5E700BFF440040845
:106310001C410408C9100029B8BF4942012808D10E
:10632000C1F30800B0F5807F014602DDC0F50070C2
:106330007047FF29A8BFFF210846704710B4D0E975
:1063400001349C4203D85DF8044BECF7C7BF5DF8FD
:10635000044B70472DE9F04F8BB006468A46CDE9D5
:1063600006239DF8503008939DF854300993EDF7BB
:1063700020F9B5680446002D44D07368AB423DD384
:10638000B0F902304FF00008B6F9342002EB030BED
:10639000DDE9061202FB031205926A1E0492B4F9AB
:1063A0000290B4F900704B453A4608D0B6F9343043
:1063B00003EB090BDDE9061303FB09130593B4F99D
:1063C0000430B4F906109844049B013B0493049BE9
:1063D000013315D034F9083FBB4217D1B4F902009C
:1063E000049B484503F1FF337DD1B4F90600014415
:1063F000B4F904008044E9E71F4642E0002002E0CF
:1064000000296DD101200BB0BDE8F08F79B3002FCA
:1064100029DBB6F93630BB4225DDC1EB881196F891
:106420003000FFF777FF099B10FB03F080B2411C9F
:1064300001EB1021091211F0FF0F14D0C9B2089816
:10644000BAB2738E029101211344024401910FFAF2
:106450008BF1DAF800001BB2009112B2416950468C
:106460000D460599A847049B7A1C0133CAD0B4F99C
:106470000070BB1A002B31DD002ABDDA002F2DDDA4
:106480000022B6F93630D119994202DB9F1A002F4B
:1064900024DD4FEA881196F83000FFF73BFF099B97
:1064A00010FB03F080B2411C01EB1021091211F026
:1064B000FF0F13D092B20898C9B2738E3FB2134443
:1064C000029102440FFA8BF1DAF800001BB200913E
:1064D00012B20197059947695046B8474B465EE7A7
:1064E000002F96DA8EE70029F8D090E72DE9F341E6
:1064F0001E46364B002500F1140804461746C0E935
:106500000031B2F90430858103819DF82030C581C6
:106510008372058245824046ECF726FA84F844509F
:10652000A4F846506B46A4F84850A4F84A5084F8A2
:106530005C5084F85D50A4F86850C4E91355C4E970
:106540001555C4E91855C4E91B553068716872883F
:10655000358803C37B88B6F9040013443A88B6F93A
:1065600006102A44E38120826846A281618239466E
:10657000EEF7E8FB04F10C00EEF7BCFBBDF90230CE
:10658000BDF800204046A4F84830A4F84620ECF7B7
:10659000CFF9BDF90030B4F9122020465B01E36465
:1065A000BDF902305B012365BDF904305B01636511
:1065B000BDF906305B01A365B4F91030A4F84A3088
:1065C000C4E90F3202B0BDE8F08100BF40440408C6
:1065D00038B590F85C30044693B190F8683090F884
:1065E000692013420CD100F1140523B1D0E918122F
:1065F0002846FFF7A3FE2846D4E91B12FFF79EFEAC
:10660000002384F85C30D4E90603984234BF0020AC
:10661000012038BD2DE9F341857A044669434D1CBC
:1066200005EB11252D1200F0988090F85D30002BBD
:1066300000F09380FFF7CCFF0746002845D0606844
:10664000474E036837689B68984701463846EAF723
:1066500097F90746D2F794FF03681B6B984780466B
:10666000D2F78EFF0368DB6A98470B285AD8DFE819
:1066700000F0505B6B065930406464646464B4F9A4
:106680000C100822B4F90E3091FBF2F208FB032340
:106690001F444B4201F0070103F0070358BF594262
:1066A000C9B2EDB23A460FFA88F304F11400CDE90D
:1066B00000156168FFF74EFE0746606803681B69B6
:1066C000984730680368DB6A9847384602B0BDE8EF
:1066D000F081B4F90C100422B4F90E3091FBF2F2FF
:1066E00008FB03231F444B4201F0030103F00303A3
:1066F000D4E7B4F90C100222B4F90E30002991FB52
:10670000F2F201F0010108FB0323B8BF49421F4424
:10671000C6E7B4F90E30B4F90C2008FB03F303EB21
:1067200042031F440021BCE7B4F90E30032108FBEB
:1067300003F2A38913FB0123F3E7B4F90E30B4F994
:106740000C2008FB0323ECE7B4F90E30B4F90C205D
:1067500008FB03F303EB8203E3E70127B5E700BF80
:106760006C600120064B10B51B78012B07D1B0F9E6
:1067700008000B681468C3EB401313600C6010BD75
:106780006260012013B590F85C300446CDE9002129
:10679000A3B96A4601A92046FFF7E4FFE36C01991B
:1067A000009AC91A236DD21A0191002A00920BDABD
:1067B000012300290EDA43F0040313E0FFF708FF7A
:1067C0000028E6D102B010BDA36D9A42ACBF0223EF
:1067D0000023EEE7606D8142ACBF08200020184323
:1067E000C3B258B1002284F85C200199009AE16696
:1067F000226784F86830C4E91812E3E784F8690076
:10680000D4E90630984203D804F11400ECF780FD77
:10681000012384F85C3084F85D300023E5E773B52C
:1068200002AB0446019101A943F8082D1A46FFF76F
:1068300099FFE36C0199009AC91A236DD21A01914C
:10684000002A00921CDBA36D9A42ACBF02200020FC
:10685000002917DB636D9942ACBF08230023034373
:1068600094F86800DDB278B904F11400FFF766FD12
:10687000019B84F868502366009B636602B070BD7C
:106880000120E5E70423EAE713B110EA05031CD170
:1068900094F85C3004F11406D4E918128BB984F82A
:1068A0006900D4E90630984202D83046ECF730FD52
:1068B000012384F85C3084F85D303046DDE9002146
:1068C000D4E73046FFF73AFDF7E71D46D0E7000072
:1068D00030B52DED108BF6EE00BA85B005460CEE06
:1068E000101A0CEE902A0DEE103AF0EE6BAADDEDC8
:1068F00018DA9DED19EADDED1AEA1B9C9FED57BAF7
:10690000082C78D87EEE4C6A7DEEEE7A3DEE4E6A2B
:106910003EEEEC7A66EEE77A3CEE0DFA7CEEADFAEE
:10692000E6EE077A7DEE0E9A3DEEAEAA2FEE2BFA3A
:106930006FEEABFA69EEAB9AF5EEC07A2AEE2BAAAF
:106940007FEE298AF1EE10FA3FEE8A9A68EEAB8A62
:1069500048BFF1EE677A29EE2B9AB5EE006AF4EEA5
:10696000CB7AF1EE10FA4ADD27EE077A67EEA77AC6
:10697000A6EEA67A27EE067AF4EEC77AF1EE10FAC2
:1069800052D87EEE4D7A17EE901A7EEEED7A17EE23
:10699000900A01F0A3FB7DEE4C7A08EE100A17EE88
:1069A000901A7DEEEC7A17EE900A01F097FB07EE55
:1069B000900A9FED2B7A78EE677AF5EEC07AF1EEC9
:1069C00010FA48BFF1EE677AF4EEC77AF1EE10FAEA
:1069D000A4BF9FED247A77EE677A9FED237AF4EED9
:1069E000C77AF1EE10FA1FD519EE102A18EE901A98
:1069F0002846EBF7C1F905B0BDEC108B30BD7CEE3D
:106A00000E7AB0EE687AF0EE496AA7EEEA7A7CEE8A
:106A1000AE7AE7EEEA6A66EEA67AE7EE077AF4EE79
:106A2000C67AF1EE10FADFD901341CEE902A1CEE82
:106A3000101A8DED029A03941FEE103ACDED018AE3
:106A40002846CDED00FAF0EE4ADAFFF741FFB0EE4E
:106A500069DAF0EE49CAB0EE68CA51E7FFE6DB2E0C
:106A6000DB0F4940DB0FC940CDCCCC3D30B52DED1F
:106A7000108B8BB004460AEE101A0BEE102A0FEEA4
:106A8000903A9DED1E8ADDED1F8A9DED209A9DEDC9
:106A900021CADDED22CA239D9FEDC9FA082D00F21F
:106AA0002A81F6EE007A38EE8C6A7FEEA86A3AEE1A
:106AB0002F7A26EE276A39EE2CDA27EE277A8DED2B
:106AC000066AA6EEA76A2DEE27DA8DED097A7BEE2F
:106AD00008DA9DED09EA38EE097AA6EEA7EA66EE35
:106AE000276A6DEEA7DACDED086AF0EE4D6AF0EE9A
:106AF0006DEA2EEE27EAE7EE276AE7EE27EA26EEB2
:106B0000A77A6EEEA7EA8DED077A9DED087A7EEE04
:106B100007AA9DED077A7EEE87BA6AEEA7AAB0EEC5
:106B2000677A6BEEA7BA002D00F028817CEE4A4A06
:106B3000DFEDA45A78EE6C6A7CEECB7A3FEECC6A3D
:106B400064EEE66A38EECC5AE6EE276A39EE6C6AF5
:106B500024EEC66AF5EEC06AA5EE276AB5EE005AC5
:106B6000F1EE10FA48BFF1EE666AB5EEC06AF1EEDA
:106B700010FAF4EEE56A48BFB1EE466AF1EE10FA9B
:106B800040F3BD80B4EEE56AF1EE10FA66DD64EE26
:106B9000A44A76EE866AE7EEA74A66EEA66A64EE37
:106BA000857AF4EEE76AF1EE10FA00F2E78078EE0B
:106BB000EF7A17EE901A79EE487A17EE900A01F004
:106BC0008DFA7FEECA7A09EE900A17EE901A78EEE7
:106BD0004B7A17EE900A01F081FA07EE900A39EE2F
:106BE000E78A7CEE687AB5EEC08A17EE901A7CEEE2
:106BF000C97AF1EE10FA17EE900A48BFB1EE488A52
:106C000001F06CFA07EE900A77EEE99AF5EEC09A79
:106C1000F1EE10FAB4EECF8A48BFF1EE699AF1EEC8
:106C200010FAF4EECF9AA4BFDFED677A37EEC88A88
:106C3000F1EE10FAA4BFDFED647A77EEE99ADFEDAA
:106C4000637A78EE299AF4EEE79AF1EE10FA40F1C1
:106C500095801BEE902A1AEE901A49E067EEA77A0B
:106C600066EEA66AE4EEA47A67EE857AF4EEE76A49
:106C7000F1EE10FA00F2828078EEEF7A17EE901AB9
:106C800079EE487A17EE900A01F028FA7FEECA7A78
:106C900009EE900A17EE901A78EE4B7A17EE900AEA
:106CA00001F01CFA07EE900A79EEE79AF5EEC09A29
:106CB000F1EE10FA48BFF1EE699AF4EECF9AF1EED8
:106CC00010FAA4BFDFED407A77EEE99ADFED3F7A64
:106CD000F4EEE79AF1EE10FA50D518EE102A1FEEF6
:106CE000901A2046EBF748F819EE102A18EE901A81
:106CF0002046EBF741F80BB0BDEC108B30BDDFED5B
:106D0000316AB4EEE66AF1EE10FA1FDD67EEA77A9B
:106D100066EE066AE4EEA47A67EE857AF4EEE76A38
:106D2000F1EE10FA2AD87CEE687A17EE901A7CEE13
:106D3000C97A17EE900A01F0D1F978EEEF7A09EEF0
:106D4000900A17EE901A79EE487AA7E77AEE0C7A55
:106D5000F0EE6A6AB0EE6B6AE7EEC76AF0EE667A4A
:106D60007BEE2C6AA6EEC76A26EE067AA7EEA77A15
:106D7000B4EEC57AF1EE10FA7FF66BAF01351BEE7B
:106D8000102A1AEE101ACDED04BA05952046CDED65
:106D900003AAB0EE4D9ACDED02EAB0EE6BBA8DEDDE
:106DA00001EAB0EE6AAACDED00DA099BFFF75EFEBC
:106DB000DDED068A9DED078ADDED08FA6EE600BF7F
:106DC000DB0F4940FFE6DB2EDB0FC940CDCCCC3DCD
:106DD000044B10B5044640F8143BEBF7A1FD2046E8
:106DE00010BD00BF4044040810B50446FFF7F0FF93
:106DF0007421204600F0ECF9204610BD08B5036868
:106E0000DB0705D443782BB901234370184608BD2E
:106E1000002008BD042000F08BF8034B0360034AF8
:106E2000034900F025FA00BFA044040819730308C1
:106E30006844040801230360704700BFF0B4224C8B
:106E40006368A0F108061BB350F8087CF519AB4243
:106E50001ED822D05968002931D08D4203D32EE0AC
:106E6000954205D211464A681C1D0B46002AF7D1EF
:106E700095421CD023681A6899188E421CD05B6812
:106E800040F8043C236840F8087C5E60F0BC704722
:106E900040F8043C6660F0BC7047D3E90023174417
:106EA00040F8087C40F8043C6660F0BC7047D5E9C7
:106EB00000324A601F44DDE717441F60EBE70A46D3
:106EC00004341946D4E700BFC069012030B4174C20
:106ED00000F108026368082A38BF082203B30732AA
:106EE000196822F007028A4204D81BE001688A422E
:106EF00005D9034658680028F8D130BC70470433E0
:106F00008C1A072C456808D981184D608450186880
:106F100002601960083030BC704701601D60F9E7FD
:106F20001846EAE71846231DEAE700BFC0690120BA
:106F300010B500F18004204602F016FD38B103467A
:106F400080220021184603F059F8803010BD2046F9
:106F5000FFF7BCFF03460028F2D100F043F800BF62
:106F6000064A93688038984203D9D26813449842FD
:106F700001D302F001BDFFF761BF00BFC06901206E
:106F800038B5084C4FF41E652846E56002F0ECFC6D
:106F9000A06020B100236060C0E9005338BDE0600C
:106FA000606038BDC069012008B51B22024902207B
:106FB00005F074F800F016F84C44040808B5804752
:106FC00002F0C4F800F032FE02F0C0F80D460446AC
:106FD00000F06CFE013501D000F02CF8204600F0E6
:106FE0002FFD00BF08B5034B1868BFF35B8FFFF799
:106FF000E5FF00BFC000002008B58047FFF7F2FFA3
:1070000008B5034B1868BFF35B8FFFF7F5FF00BFB0
:10701000C4000020024B1868BFF35B8F704700BFAD
:10702000C0000020024B1868BFF35B8F704700BFA1
:10703000C40000201EB400F08DF81EBCD1F7FEF98C
:10704000F0B50278472A83B00D461F461ED00023B4
:10705000254C0193236820469B68984780B1019B8B
:107060001B68019302262B68214628461C6901AA49
:107070000123A04730B1019B3B60304603B0F0BD17
:107080000126F0E70646304603B0F0BD43784E2BAC
:10709000DDD18378552BDAD1C378432BD7D103794F
:1070A000462B15D00379432BD1D143792B2BCED14D
:1070B00083792B2BCBD1C379012BC8D850F8204C26
:1070C00002D058300190C5E7204654F8784CF9E7D3
:1070D00043794F2BE6D18379522BE3D1C379002B2F
:1070E000E0D10193014CB5E7D8440408D04404082A
:1070F00010B5044600F022FE2378472BA4F12002AD
:1071000004D0836823BB8260012010BD63784E2BBE
:10711000F7D1A378552BF4D1E378432BF1D1237920
:10712000432BEED163792B2BEBD1A3792B2BE8D119
:10713000E379012BE5D854F8043C0133012B44F8E2
:10714000043CE1D1836844F8083C8260012010BD12
:10715000FFF748FF08B500F0F1FD836883B393F8AB
:107160002020472A04D00022826003F1200008BDBD
:1071700093F821204E2AF6D193F82220552AF2D1F5
:1071800093F82320432AEED193F82420432AEAD10E
:1071900093F825202B2AE6D193F826202B2AE2D13A
:1071A00093F82720012ADED8DA69013ADA61002A49
:1071B000DBD19A69826000229A6103F1200008BD48
:1071C000FFF710FF0B460146184601F0E5BF00BF70
:1071D00000F0CEB8012810B51AD8BFF35B8FA1F12B
:1071E000280353E8002F013A43E800200028F8D193
:1071F000BFF35B8F5AB951F81C3C01F158040BB135
:10720000204698472046BDE81040FFF7A9BE10BDB4
:1072100051F8140CFFF7D2FEF8B5002540E91E1214
:1072200040F8805C0446FFF7FDFE44F8700CFFF761
:10723000F1FE472343224E2755260C4904F8583CBB
:107240002B2304F8515C04F8577C04F8566C44F87E
:10725000501C04F8552C04F8542C04F8533C04F842
:10726000523C44F86C0CA4F18000F8BDD5710308C1
:10727000F8B505460E46174600F060FD4368044623
:1072800001333A46314663602846FFF7C5FF04469E
:10729000012344F8283B2046D1F7BEF8204600F0F1
:1072A000C5FCFFF79FFE00BF10B500F047FDD0E919
:1072B00000420132426064B194F82020472A0AD08B
:1072C0000022026020342046D1F7CAF8204600F0A0
:1072D000ADFCFFF787FE94F821204E2AF0D194F8F8
:1072E0002220552AECD194F82320432AE8D194F89F
:1072F0002420432AE4D194F825202B2AE0D194F8C5
:1073000026202B2ADCD194F82720012AD8D86269BC
:1073100052426261D6E700BF10B5034B03600446DA
:1073200000F012F8204610BDA044040810B5054B2B
:107330000360044600F008F820460421FFF748FFE8
:10734000204610BDA0440408704700BF704700BF2E
:1073500000487047C044040800487047AC44040823
:1073600010B504210446FFF733FF204610BD00BFCF
:1073700002F002BB5028F8B51CD000F00F040C2C12
:1073800056D8DFE804F0074151071F5555555527DA
:1073900023071F00144654F8045B45B100F0700643
:1073A000102E08BF11460D44020648BF2D681D600F
:1073B0002046F8BD033222F0030454F8045B1D603C
:1073C0002046F8BD144654F8085BE6E7144634F945
:1073D000025BE2E700252F46144614F801CB0CF0BF
:1073E0007F06BE401CF0800F45EA060507F107073F
:1073F000F3D11F2FD1D81CF0400FCED04FF0FF3665
:1074000006FA07F73D43C9E700252F46144614F84E
:1074100001CB0CF07F06BE401CF0800F45EA06054C
:1074200007F10707F3D1B8E7144634F8025BB4E775
:1074300001F08CFE00F07000202811D00BD94028FC
:1074400006D050280AD030280DD10846D1F7F0B91F
:107450000846D1F7DDB908B1102804D100207047E3
:107460000846D1F7E9B908B501F070FEF8B50C4649
:107470001546074608B1D1F7CBF928602678FF2ECC
:1074800004F1010429D1686023782B75FF2B04F1E6
:10749000010032D0102300242B75224610F8011B66
:1074A00001F07F039340090644EA030402F1070256
:1074B000F4D40444EC6003786B7500240130224658
:1074C00010F8011B01F07F0393401C430B0602F1EF
:1074D0000702F5D404442C61F8BD39463046FFF765
:1074E000A9FF224601462B1D3046FFF743FF044605
:1074F000601C23782B75FF2BCCD10023EB60DAE7DF
:107500002DE9F04F00F0030499B00023012C8846C8
:1075100017460C9300F096800DD3022C40F05F824A
:1075200039464046D1F760F9002800F09B800920D9
:1075300019B0BDE8F08F0207F2D40123049318AA12
:10754000002342F82C8D1946009238460C22D0F7C1
:10755000DBFB3846D1F762F905900028E0D012AB8A
:107560001A46059906933846FFF780FF05469DF8B1
:107570005C00FF2800F0E5803946FFF75BFF04461A
:1075800000230DF1440B1946CDF800B00F22384608
:107590001494D0F797FB119E169B26F001069D428E
:1075A00006F1FF3680F0D4800DF13C0A0DF1400960
:1075B0009DF85D40FF2C4FF0000103D02046FFF7FF
:1075C00039FF01462A4620465346FFF7D3FE9DF871
:1075D0005D40FF2C05464FF0000103D02046FFF729
:1075E00029FF01462A4620464B46FFF7C3FE9DF879
:1075F0005D40FF2C05464FF0000103D02046FFF709
:1076000019FF01462A4620465B46FFF7B3FE0024D9
:107610000546214615F8012B02F07F038B401C43E1
:10762000130601F10701F5D4129B0F9A1344B342DC
:107630001FD9049BDB0700F19180049B1C0715D523
:10764000FFF7D0FC10F008041CD018AA44F0020484
:1076500042F82C1D3846009219460C220494D0F7AB
:1076600053FB76E7082019B0BDE8F08F404600F0E4
:10767000D7F9109A1344B34200F28880169BAB42AC
:1076800096D8D6E712AB009306930D2223462146E7
:107690003846D8F82050D0F715FB129B9D4202D0F7
:1076A000022304934BE718AA234642F82C8D214667
:1076B000009238460C22D0F727FBD8F830300393DD
:1076C000002BD3D0D8F828301A46D8F82C300593A0
:1076D0000DF13C0A0DF140091346002B1C46C0F287
:1076E0002781032518A9002341F8288D1A46009107
:1076F00038461946D0F708FB002319460122CDF879
:1077000000A038460F94D0F7FFFA002319460F2245
:10771000CDF800903846D0F7D5FA109B039ACDF8F3
:10772000009003F0010400231443384619460F2249
:107730001094D0F7E9FA022D05D0072019B0BDE862
:10774000F08F00241CE74046FFF7D2FC0720EFE64D
:10775000049BD9077FF571AF0DF140090024039414
:10776000002319460D22CDF8009038460C9DD0F725
:10777000A9FA059A109BC8F82C20039AC8F8302063
:10778000C8E90954C8F820300620D1E6119B002B27
:107790003FF4C6AE139A9A180392002C00F0F080C2
:1077A000169B013C2344002A3FF4BAAE002B00F0A4
:1077B000F880049A12F00802099200F00381472130
:1077C0004E2288F8001088F801205521432288F8BD
:1077D000021088F8032046214F2288F8041088F808
:1077E00005205221002288F8061088F80720CDE9EC
:1077F0000A7A00220792CDF820900024214600E06A
:107800002B461D4615F8010B00F07F028A40060644
:1078100044EA020401F10701F2D41F2905D8400609
:1078200003D501228A405242144300263146A14624
:1078300013F8010F00F07F028A401643020601F19F
:107840000701F5D41F2905D8470603D501238B402E
:107850005B421E43002C4CD04EDC04F1010ACAEB03
:107860008A72159B03EB820753F82210B8F1000FC0
:1078700001D0099B2BB151B3002E00F08B80AB19C6
:10788000BBE70C9B119329B991E057F8041F00291D
:1078900000F08D8039445B4600224046FFF7D0FB64
:1078A0000028F2D0E8E7E2005242DDE914131A445E
:1078B000089BFFF75FFD109949B1B8F1000FDBD0CD
:1078C0000CAB00224046FFF7BBFB0028D4D0049B42
:1078D000D8074A46DDE90A7ADDF820903FF540AF47
:1078E000099B002B3FF4F8AE002CBFF6FAAEFFF771
:1078F00087FB01230793BFE79DF85C00FF283BD07F
:1079000000F00703042B6AD801A252F823F000BF4D
:107910002B790308DF790308257903082B790308FD
:10792000A778030862005242BFE7A2005242BCE7B8
:1079300001331D46DDE905123846FFF797FD9DF836
:107940005C00FF281AD03946FFF774FDC5EB85723D
:107950009200159D1490AB58154433B12A4600236C
:1079600052F8041F01330029FAD10422C8E90C257A
:10797000C8E90A300325B5E6002296E70020E5E7CE
:10798000039B002B3FF4CCAD049BDA073FF5C8AD59
:107990000225A7E6DDE90739DDE90A7A002B3FF485
:1079A000BFAD049BDD073FF5BBAD0024F0E7049BB2
:1079B0000A9FDDF82090DE075546DDF82CA03FF544
:1079C000CFAEB7E798F80720012A0CBF58F8202C53
:1079D00008F158020C920AE700F028F930E601F0AD
:1079E000B5FB00BF0378472B01D0002070474378D8
:1079F0004E2BFAD18378552BF7D1C378432BF4D192
:107A00000379432BF1D143792B2BEED183792B2BA7
:107A1000EBD1C07901288CBF00200120704700BF46
:107A200010B530B1044600F001F92046FFF7DAFF47
:107A300008B9FFF7D7FA54F8140CFFF7BFFA00BFE4
:107A40002DE9F04F85B00246FFF7CCFF50B152E967
:107A500006851046966AD2E90C7400F0E7F84046B5
:107A6000FFF7CAFA104600F0E1F8FFF7C9FA00F094
:107A7000DDF8FFF7B7FA00F0D9F800F05BF903681A
:107A800093F827200DF1100A012A0CBF1A6803F1A0
:107A900078024FF0000820334AF8082D27F0030B36
:107AA0000193C146B1451BDA276807B12744534605
:107AB000002239460198FFF7C3FAE8B93B68144938
:107AC0001B69009304AA012342F8040D3846009F65
:107AD000B847002818BF804609F101095C44E1E776
:107AE000B8F1000F10D00420FFF722FA094B036011
:107AF000094A0749FFF7BCFBFFF7D6FB00F0D6F8B1
:107B000000F0D4F8FFF796FA2846FFF757FA00BFBF
:107B1000E0440408644504084D73030870B53C4B09
:107B20001A7882B0002A35D101241C7000F02EFA98
:107B300000283DD04468374D23782A2B02AB4FF004
:107B4000FF3208BF013443F8042D002211462046BD
:107B5000CFF76EF82B680646DB682F4830220121EC
:107B600001F0C6FE019B7BB12B682046D96801F06D
:107B7000A1FB2B682948DB680222012101F0B8FE35
:107B8000019B8BB1FFF790FB2B683046D96801F061
:107B900091FBEEE71F4B22481B681D22DB68012189
:107BA00001F0A6FE01F0D2FA304601F0E5FEE9E769
:107BB000184B1C481B682146DB682D2201F098FEFB
:107BC00001F0C4FA01290C4619D100F02FF803681E
:107BD0009B6898472B680646DB68134821460B22B2
:107BE00001F086FE2B683046D96801F063FB2B68F4
:107BF0000A20D96801F0F0FA00F058F8E0E700F048
:107C000015F800F053F8DBE700F050F8FFF712FA30
:107C1000D0690120CC00002090450408C445040828
:107C200070450408C8450408F845040838B50446FA
:107C300000F084F822780368472AA4F1200104D0D8
:107C40008BBB1C460160204638BD62784E2AF7D1B6
:107C5000A278552AF4D1E278432AF1D12279432A35
:107C6000EED162792B2AEBD1A2792B2AE8D1E279E5
:107C7000012AE5D854F80C2C002A11DB01324568A2
:107C800044F80C2C8B4205F1FF3545601CBF44F8CD
:107C9000103C01602046646AD0F70CF8204638BDDD
:107CA000C2F10102EBE7FFF79DF900BF08B500F054
:107CB00041F80246006870B390F82030472B06D098
:107CC000002313602030BDE80840CFF7F5BF90F8DF
:107CD00021304E2BF4D190F82230552BF0D190F872
:107CE0002330432BECD190F82430432BE8D190F88B
:107CF00025302B2BE4D190F826302B2BE0D190F8B7
:107D00002730012BDCD84369002B05DB013B002B1E
:107D100007D00DDB436108BD0133FBD10169116060
:107D2000F8E7036913602030BDE80840CFF7C4BF0F
:107D3000FFF758F900487047D469012000487047A0
:107D4000D469012010B5034B0360044600F0C2F86B
:107D5000204610BDA44E040810B5054B0360044630
:107D600000F0B8F820460C21FFF732FA204610BD8B
:107D7000A44E040870B582B00E46069C9442054697
:107D800009D0A868056806942C6A3146A44602B05A
:107D9000BDE87040604719460192009300F062F818
:107DA000DDE900320028ECD0062002B070BD00BF33
:107DB0002DE9F04F0E4681B019461F469146834685
:107DC000DDE90A4ADDE90C8500F04CF870B1002EBF
:107DD0002C6085F804901DDB3444A0450CBF0624BC
:107DE0000124AC71002001B0BDE8F08F444516D0ED
:107DF000DBF80800D0F800C0CDE90C85CDE90A4ACF
:107E0000DCF81C403B464A463146A44601B0BDE87A
:107E1000F04F60470236E5D10123AB71E2E75146EE
:107E2000584600F01FF80028E2D085F80590D9E701
:107E30002DE9F04107460C4615461E4600F084F831
:107E400008B1BDE8F081B86807682146BC693346CF
:107E50002A46A446BDE8F041604700BF704700BF16
:107E60000020704781420FD008B5406803782A2B64
:107E70000CD049680B782A2B08BF0131D0F7E4FDFC
:107E8000B0FA80F0400908BD01207047002008BD0D
:107E900070B5036884B000249E69009410231546D1
:107EA000CDE9023412688DF804406B46B0479DF866
:107EB000043003F00603062B03BF009B2B60012058
:107EC000204604B070BD00BF009890420CBF062051
:107ED0000120704710B5034B03600446FFF7BEFF57
:107EE000204610BD184F040810B5054B036004462A
:107EF000FFF7B4FF20460821FFF76AF9204610BDBE
:107F0000184F04082DE9F041DDE90814069D8D4263
:107F100090461F4606460CD039463046FFF7A2FF72
:107F200020B10123256084F80480A3710020BDE8FE
:107F3000F0810799FFF796FF0028EDD084F80580BF
:107F40000020BDE8F08100BF38B515461C46FFF79C
:107F500089FF20B1082206232560E260237138BD25
:107F60002DE9F04117461C4606460D46FFF77AFFFD
:107F700008B9032C01D9BDE8F0812B683A46314697
:107F800028465B69BDE8F041184700BF08B5FFF718
:107F9000D5FE006830B190F827300068012B08BF8B
:107FA00050F8780C08BD00BF00B585B0234A019099
:107FB000019B23F0004393421DDDB3F1FF4F08DB2B
:107FC000DDED017A77EEE77A17EE900A05B05DF8FD
:107FD00004FB02A900F092F900F00302012A14D078
:107FE000022A22D0D2B101220399029800F0A8FE01
:107FF00007EE900AE8E7002100F0D8FA07EE900AB1
:1080000017EE900A05B05DF804FB0399029800F0A2
:1080100097FE07EE900AF1EE677AD5E7039902988A
:1080200000F0C4FA07EE900ACEE70399029800F038
:10803000BDFA07EE900AF1EE677AC5E7D80F493F1F
:1080400000B585B0244A0190019B23F00043934280
:108050001EDDB3F1FF4F08DBDDED017A77EEE77A45
:1080600017EE900A05B05DF804FB02A900F046F98E
:1080700000F00300012816D0022823D0D0B10399C4
:10808000029800F093FA07EE900AF1EE677AE7E7BC
:108090000022002100F054FE07EE900A17EE900A2D
:1080A00005B05DF804FB0399029800F07FFA07EE33
:1080B000900AD5E701220399029800F041FE07EEED
:1080C000900ACDE701220399029800F039FE07EEED
:1080D000900AF1EE677AC3E7D80F493F00F054B831
:1080E00010B52DED028B8AB008EE100A00F056FA9A
:1080F000234B93F90040631C09D0B4EE488AF1EE9B
:1081000010FA04D6B5EEC08AF1EE10FA03D40AB024
:10811000BDEC028B10BD01231A4A009318EE100A21
:10812000002301920893CEF75DFF0022CDE9040100
:10813000CDE902010023ACB110461946CFF7D4F8BF
:10814000022CCDE906010FD101F02CF821230360A8
:10815000089B7BB9DDE90601CFF7CEF90AB0BDEC8B
:10816000028B10BDCDE90623684600F037FE0028DB
:10817000EED1E9E701F016F8089B0360EAE700BFDB
:10818000C80000203C4F040830B583B007EE900AC9
:108190000191019B23F00042B2F1FF4F17DC20F068
:1081A0000041B1F1FF4F054611DCB3F17E5F3FD0D6
:1081B0009C1704F0020444EAD07481B9022C4CD01C
:1081C0009FED437A032C08BFF0EE477A03E09DED64
:1081D000017A77EE277A17EE900A03B030BDF2B13C
:1081E000B2F1FF4F29D0B1F1FF4F18D08A1AD21542
:1081F0003C2A35DC002B36DA3C3234DADFED357AD6
:10820000012C47D0022C3CD0002CE4D0DFED326AA8
:108210009FED327A77EEA67A77EEC77ADBE7DFED6D
:10822000307A9FED307A002DB8BFF0EE477AD2E772
:1082300003B0BDE8304000F0D3BDB1F1FF4F30D006
:10824000022C0AD0032C39D0DFED277A9FED217A5A
:10825000012C18BFF0EE477ABDE7DFED207ABAE7D0
:10826000DFED1F7ACCE7019807EE100AC7EE877A98
:1082700017EE900A00F092FE00F0B2FD07EE900AB1
:10828000BEE7DFED156A9FED157A77EEA67A77EEF9
:10829000677AA0E717EE903A03F1004307EE903AB1
:1082A00099E7022C10D0032C0BD0DFED107A9FED54
:1082B000107A012C18BFF0EE477A8CE7DFED047AD4
:1082C00089E7DFED0C7A86E7DFED0B7A83E700BF05
:1082D000DB0F49C0000000002EBDBB33DB0F49405F
:1082E000DB0FC93FDB0FC9BF00000080DB0F49BFB8
:1082F000DB0F493FE4CB16C0E4CB164070B5994A7A
:1083000020F00044944286B06BDD974A94420646C2
:108310001CDC002824F00F04DFED947A944A07EE69
:10832000100A64DD944277EE677A00F0D5809FED05
:10833000917A77EEC76A012077EEE67AC1ED006A9E
:1083400077EEC77AC1ED017A06B070BD8A4A9442D1
:108350000D4660DDB4F1FF4F80F2B480E215863A3D
:10836000A4EBC25307EE903ABDEEE77ADFED836AE5
:10837000B8EEC77A77EEC77A8DED037A67EEA67A04
:10838000BDEEE77AB8EEC77A77EEC77A8DED047A5C
:1083900067EEA67AF5EE407AF1EE10FACDED057AA9
:1083A00040F0CC80B5EE407AF1EE10FA0CBF01231C
:1083B0000223734901910221009103A8294600F08C
:1083C0007FF9002E11DA95ED007AD5ED017AB1EE44
:1083D000477AF1EE677A404285ED007AC5ED017A81
:1083E00003E0002208604A60002006B070BD94429D
:1083F00077EE277A00F08F809FED5E7A77EE876ABE
:108400004FF0FF3077EEE67AC1ED006A77EE877ABB
:10841000C1ED017AE9E700F0C1FD9FED5A6A9FEDD9
:10842000535ADFED546A07EE100AF6EE007AE7EED3
:10843000067AFDEEE77AB8EEE76A17EE900AF1EEFB
:10844000465AF0EE477A1F28E5EE857A26EE267A20
:1084500054DD77EEC76A16EE903AE415C3F3C753BE
:10846000E31A082B54DD9FED487ADFED486AB0EE41
:10847000675AA5EE875A77EEC57AE5EE877AD6EE8B
:10848000267A75EE676AB0EE677A16EE903AC3F315
:10849000C753E41A192C53DCC5ED006AF0EE457A97
:1084A00077EEE67A002E77EEC77AC5ED017A9CDA90
:1084B000F1EE666AF1EE677AC5ED006AC5ED017A04
:1084C000404292E707EE900A77EEE77A0020C1ED8E
:1084D000017AC1ED007A88E7DFED2B6A9FED2B7AF8
:1084E00077EEE67A012077EEC76A77EEE67AC1ED9D
:1084F000006A77EEC77AC1ED017A76E7421E244B17
:1085000053F8223024F0FF029A4277EEC76AA2D0D5
:10851000C5ED006AC4E7DFED1C6A9FED1C7A77EEBB
:10852000A67A4FF0FF3077EE876A77EEE67AC1EDF4
:10853000006A77EE877AC1ED017A56E7032338E7C0
:10854000DFED146ADFED144AF0EE457AE5EEA67A27
:1085500035EE677AA5EEA67A96EE247A77EEC76AAC
:10856000D6E700BFD80F493FE3CB1640800FC93F85
:10857000D00FC93F43443537800F49430000804343
:10858000C44F040884F9223F0044353708A3852EE0
:10859000444F040800A3852E32318D2407EE900A43
:1085A000F1EEE77A17EE900A704700BF20F0004323
:1085B000B3F1485F06EE100A06EE901A2EDAFDEED1
:1085C000C67A17EE903A002B5FD026EE067ADFEDE2
:1085D000343A9FED344ADFED344A9FED345ADFEDF3
:1085E000347ADFED345AA7EE234AE7EE044AA7EEC9
:1085F000245AE7EE057AE7EE275A65EE875A66EECB
:10860000C66AB6EE006AE7EE256AF7EE007AD7EEA4
:10861000066A77EEE67A17EE900A704726EE067A3B
:10862000DFED1F3A9FED1F4ADFED1F4A9FED1F5AF6
:10863000DFED1F7ADFED1F5A1F4AA7EE234A934250
:10864000E4EE074AA4EE875AE5EE077AE7EE875A8A
:1086500065EE875AD3DD194A93421BDC03F17F4351
:1086600007EE903AB7EE005A35EE675A66EEC66AE4
:10867000B6EE006AE7EE256AD7EE067A77EEE67A7E
:1086800075EE677A17EE900A7047F7EE007A17EEEC
:10869000900A7047B6EE075AF5EE027AE6E700BF99
:1086A0004ED747ADF6740F317CF293B4010DD0373D
:1086B000610BB6BAABAA2A3D9999993E0000483F92
:1086C0002DE9F04F2DED048BD7B003F1FF39029364
:1086D000D31E48BF131DBA4C649D0591DB1023EADD
:1086E000E37354F82560039303F10108A2EBC80873
:1086F00016EB09028646A3EB090316D41A449FED34
:10870000B17A6598511C1AAA002BA4BF50F82340D7
:1087100007EE904A03F10103ACBFF8EEE77AF0EE02
:10872000477A8B42E2EC017AEED1029B002E4FEAAF
:1087300083044FEA860A1DDB1AAB181943AA734655
:10874000191902EB0A0742ADF446B9F1000FDFED4B
:108750009D7A09DB02466346F3EC016A32ED017A49
:108760008B42E6EE877AF7D1E5EC017ABD4200F163
:108770000400EAD1AAF1080306ADEB1804939FEDBB
:10878000939ADFED918A009605ABB34674449A4400
:1087900042AF76464FEA8B0356AA1A44BBF1000F4C
:1087A00052ED146A16DD07EB8B02294666EE897AD4
:1087B000B0EE667AFDEEE77A32ED016AF8EEE77A1E
:1087C000BA42A7EEE87A77EE866ABDEEC77AA1ECE8
:1087D000017AEBD1414616EE900A019300F03CFC81
:1087E00008EE100AF4EE007A68EE277A17EE900A87
:1087F00000F0D8FB07EE100AF2EE007AA7EE678AC7
:10880000B8F1000F019BFDEEC89AF0EE487AB8EE81
:10881000E98A37EEC88A40F3C6800BF1FF3CC8F105
:10882000080255F82C1041FA02F000FA02F2891AF7
:1088300045F82C1019EE90CA8444C8F1070209EEDD
:1088400090CA41FA02F2002A48DD19EE901ABBF1F3
:10885000000F01F1010109EE901A40F33682D5F8BC
:1088600000C0BCF1000F40F09B80BBF1010F20D095
:10887000AE4601205EF8041F00F1010C002900F053
:108880009980E6468C467146CCF5807C8B4545F850
:1088900020C00CDD55F821002B4405EB810100E0E0
:1088A0000868C0F1FF0041F8040B9942F8D14FF07D
:1088B000010CB8F1000F0EDDB8F1010F00F02E81B0
:1088C000B8F1020F07D10BF1FF3155F8213003F059
:1088D0003F0345F82130022A00F00981B5EE408AB5
:1088E000F1EE10FA40F08680009B0BF1FF3C6345EF
:1088F0000EDC0BF18041013905EB8101002051F8BC
:108900000439514540EA0300F9D1002840F00F81B5
:10891000009B013B55F82330002B40F0FC80049B6A
:108920004FF0010C53F804290CF1010C002AF9D086
:10893000DC440BF1010EE64530DC039B029A0EEBA2
:1089400003015A4403EB0C0B1AAB01F1804103EB1A
:108950008202659B013903EB810107EB8E0E03EB6D
:108960008B0B51F8043F9FED177A07EE903AF8EE23
:10897000E77A1046B9F1000FE0EC017A09DB3346E3
:1089800001E072ED017AF3EC016AA342A6EEA77A48
:10899000F7D15945AEEC017A0246E2D1E346F9E659
:1089A0000121002070E715D10BF1FF3255F822208C
:1089B000121248E7E34560467FF45CAF8C4678E7E7
:1089C0000853040800000000000080430000803BC2
:1089D0000000C93FF6EE007AB4EEE78AF1EE10FA35
:1089E00080F25D81B5EE408AF1EE10FA4FF00002A0
:1089F0003FF47AAFC8F1000118EE100A0192009E10
:108A000000F02AFB5FED106A019A07EE100AB4EE3F
:108A1000E67AF1EE10FAC0F25B815FED147A67EE50
:108A2000277A0BF10103FDEEE77A08F10808F8EE6A
:108A3000E77AA7EEE67AFDEEE77ABDEEC77A17EEA3
:108A4000101A45F82B1017EE901A45F823104146DE
:108A50004FF07E50CDE9002300F0FEFA019B009A12
:108A6000002B07EE100AC0F24A819F0042A907F1CD
:108A7000040E5FED2A6A0F44381D05EB0E0171EDFF
:108A8000017AF8EEE77AA94267EE877A27EE267A2E
:108A900060ED017AF3D10DF1B8081FED336AC446D9
:108AA00003F101090025002EC0F20481A24CDFED84
:108AB000A37A3846B0EE467A002103E0A94208DCEA
:108AC000B4EC017AF0EC016A01318E42E6EE877A6D
:108AD000F4DA01354D45ECEC017AA7F10407E2D157
:108AE0006499032955D8DFE801F0CAB7B75DF7EEFE
:108AF000007A37EEC88ABCF1000F3FF4EFAE17EEF4
:108B0000900A4146019200F0A7FA07EE900A019AF6
:108B100038EE678AE2E64FF0010C09E70BF1FF310E
:108B200055F8213003F07F0345F82130D3E655F89E
:108B30002C10009E6346A8F10808002987D10CF18B
:108B40008041013905EB810151F80409013BA8F18D
:108B500008080028F8D07AE7DFED787A002A40F09C
:108B6000BF809DED2E7A0599002BC1ED007A77EE3E
:108B7000677A0BDD2FA80121B0EC017A01318B421D
:108B800077EE877AF8DA002A40F0B680059BC3EDCD
:108B9000017A19EE903A03F0070057B0BDEC048B50
:108BA000BDE8F08F002B40F3C4809C0056A92144FF
:108BB0000DF1B80803F1804051ED286A013808EB47
:108BC000830171ED017A37EEA67A884577EEC77A90
:108BD00081ED007A77EEA67AF0EE476AC1ED017A70
:108BE000EFD1012B40F3A58056AB1C448000031D40
:108BF00054ED286A43442FA973ED017A37EEA67A23
:108C0000994277EEC77A83ED007A77EEA67AF0EE96
:108C1000476AC3ED017AEFD10830DFED487A08EBFF
:108C2000000308F1080833ED017A984577EE877A5A
:108C3000F9D1DDED2E6A9DED2F7A2AB1F1EE666A4B
:108C4000B1EE477AF1EE677A059BC3ED006A83EDDA
:108C5000017AC3ED027A9CE7002BFFF67DAF2EA8C8
:108C600000EB8301DFED357A043131ED017A884282
:108C700077EE877AF9D1002A3FF473AF30E0DFED69
:108C80002F7AC6443EED017AF04577EE877AF9D126
:108C90000AB1F1EE677A059BC3ED007A79E719EE28
:108CA000902ABBF1000F02F1010209EE902A3ADD91
:108CB0000222D4E5DFED217A01354D45ECEC017A55
:108CC000A7F104077FF4EFAE0AE74FF0000CF0E5E0
:108CD000BDEEC77A5B4617EE101A45F82B10B6E6C4
:108CE000DDED2E6A0599B1EE677A002B76EEE77A14
:108CF00081ED007A3FF73EAFF1EE677A46E764997F
:108D000003293FF646AF01A050F821F01D8D03085E
:108D1000598C0308598C0308A58B0308DFED077AEB
:108D2000002AB6D1B7E7F7EE007A37EEC88A0222FA
:108D3000D4E5DFED027A7CE7E05204080000000091
:108D400020F00043B3F1485F07EE900A06EE101AD8
:108D500004DABDEEE77A17EE103A23B327EEA77ACE
:108D60009FED174ADFED174A9FED175ADFED175AAF
:108D7000DFED176AE7EE044A27EE874AA4EE875A2A
:108D8000E5EE075AE5EE876A82B166EEC46AF6EE52
:108D9000005AE6EE256ADFED0F5A96EE876AA4EEDA
:108DA000256A77EEC67A17EE900A70479FED0A6A39
:108DB000A7EE266AE6EE047A17EE900A704700BF27
:108DC000D3C92E2F342FD7B21BEF3836010D50B92F
:108DD0008988083CABAA2A3EABAA2ABE002070476D
:108DE00038B520F00044B4F1A14F07EE900A0546D3
:108DF0000DDBB4F1FF4F5CDC9FED557ADFED557A6A
:108E00000028C8BFF0EE477A17EE900A38BD524BE3
:108E10009C4261DCB4F1445F50DB4FF0FF3327EE3E
:108E2000A76A9FED4E1A9FED4E2ADFED4E1ADFED39
:108E30004E2A9FED4E3ADFED4E3A9FED4E4ADFED62
:108E40004E4A9FED4E5A9FED4E7ADFED4E5A66EE3A
:108E5000066A5A1CA6EE812AE6EEA12AA2EE263A5E
:108E6000E2EEA63AA3EE264AE3EEA64AA4EE265A7E
:108E7000A4EEA67AE5EE265A27EE267AA5EE867AA5
:108E800027EE277A3FD04049404A9B001944D1ED54
:108E9000006A37EE667A134437EE677AD3ED007ACC
:108EA00077EEC77A002DB8BFF1EE677A17EE900A19
:108EB00038BD77EEA77A17EE900A38BD9FED347A69
:108EC00037EE877AF7EE006AB4EEE67AF1EE10FA42
:108ED000A3DD17EE900A38BD00F060F82D4B9C42E0
:108EE00007EE100A14DCA3F5D0039C4225DCF0EE5B
:108EF000007AFFEE006AE7EE276A002337EE277A52
:108F0000C6EE877A8BE777EEC77A17EE900A38BD00
:108F1000214B9C420BDCF7EE087AF7EE006AE7EE95
:108F2000276A022337EE677AC7EE267A77E7FFEEE5
:108F3000006AC6EE877A032371E7F7EE007A77EED0
:108F4000676A37EE277A0123C6EE877A67E700BFA4
:108F5000DB0FC93FDB0FC9BFFFFFDF3ED769853C91
:108F600059DA4B3D21A215BD6BF16EBD356B883DC5
:108F700095879DBD6E2EBA3D388EE3BD2549123EC4
:108F8000CDCC4CBEABAAAA3E24530408145304080B
:108F9000CAF24971FFFF973FFFFF1B4020F00040DE
:108FA000704700BF82B00190019A22F00041CB0DC2
:108FB0007F3B162B20DC002B10462EDB234919416A
:108FC0000A4224D0DFED227A9DED017A77EE277AEE
:108FD000F5EEC07AF1EE10FA19DD002A04DA4FF44A
:108FE000000242FA03F3184420EA010307EE903A24
:108FF00017EE900A02B07047B1F1FF4FDDED017A34
:10900000F6D377EEA77A17EE900A02B07047DDED3F
:10901000017A17EE900A02B07047DFED0D7A9DEDF0
:10902000017A77EE277AF5EEC07AF1EE10FAEEDDEE
:10903000002A02DBDFED077ADAE7FFEE007A00298B
:1090400018BFB0EE677AF0EE477AD1E7FFFF7F00F6
:10905000CAF249710000000000B52DED028B83B00B
:109060000190019B33F000421DD0B2F1FF4F0FD2AF
:10907000B2F5000F20D3D20D0A44FE2A2CDC002AC0
:109080003DDD23F0FF4343EAC25307EE903A03E08D
:1090900007EE900A77EEA77A17EE900A03B0BDECC0
:1090A000028B5DF804FBDDED017A17EE900A03B048
:1090B000BDEC028B5DF804FB9DED017ADFED1B7AC0
:1090C0001B4B67EE277A9942CDED017A10DB019BAD
:1090D000C3F3C752193ACFE79FED168A019918EEEC
:1090E000100A00F02DF807EE900A67EE887AD3E7B1
:1090F000DFED117A9DED017A67EE277ACCE712F168
:10910000160F06DA4CF250339942E5DC9FED0A8ADD
:10911000E4E7193223F0FF4343EAC2539FED077A95
:1091200007EE903A67EE877AB6E700BF0000004C82
:10913000B03CFFFFCAF249716042A20D000000334B
:1091400001F0004120F000400843704708B50620B8
:1091500001F02EFA012005F0C3FF00BF00B50A4C54
:109160002668054685B01C46F06852B1074B009151
:10917000CDE9013206492B46224600F019F8FFF7E7
:10918000E5FF044B1A46F2E7CC00002034530408F4
:10919000445304084053040813460A46014602207B
:1091A00003F04CBF014B1868704700BFCC00002093
:1091B0000EB410B583B005AB064C53F8042B0193E5
:1091C0000146206802F0B2FF03B0BDE8104003B0D2
:1091D000704700BFCC000020144B70B51D680646D8
:1091E0000C460DB1AB6B9BB1636ED80702D4A3895B
:1091F000990516D528462246314600F055FF636E84
:10920000DA07054602D4A3899B0505D5284670BD1B
:10921000284605F011F8E7E7A06D00F0A3FB28460B
:1092200070BDA06D00F09CFBE4E700BFCC00002007
:1092300030B587B00546084614460191CFF780FD4A
:1092400001AA01230590CDE9020204930DB1AB6B95
:10925000FBB1616EB4F90C30C9079AB201D4900524
:1092600021D5910406D4626E43F4005322F40052D7
:10927000A3816266284603AA214600F067F9636E5F
:10928000DA07054602D4A3899B0506D5284607B010
:1092900030BD284604F0D0FFDBE7A06D00F062FB94
:1092A000284607B030BDA06D00F05AFBB4F90C3071
:1092B0009AB2D6E7024B0A4601461868FFF7B8BFD4
:1092C000CC000020F8B5244F0C46064600F0E0FE26
:1092D000BB685D68C4F57E610F3125F00305294444
:1092E00021F47F6121F00F01A1F58054B4F5805F76
:1092F00007DB0021304601F01DF9BB682B44984282
:1093000004D0304600F0CAFE0020F8BD614230466D
:1093100001F010F901300DD0104BBA6819682D1BFF
:1093200045F001053046091B5560196000F0B6FE96
:109330000120F8BD0021304601F0FCF8BA68831A1C
:109340000F2BDEDD064C0549246843F00103001BAA
:1093500053600860D5E700BFF8040020E0690120F1
:1093600000090020002953D0F8B50C46064600F04D
:109370008FFE54F804CC714F2CF00101A4F10805C4
:109380006B18B8685A68984222F0030253D01CF058
:10939000010F5A6003EB02003BD154F808CC40683F
:1093A000A5EB0C0507F1080EAC687445614400F0AC
:1093B000010075D0D5F80CC0C4F80CC0CCF808403A
:1093C00060B341F001036B606950B1F5007F50D389
:1093D0004B0A042B70D88B0903F13904E40003F124
:1093E000380238193B590838984278D05A6822F028
:1093F00003028A4271D99B689842F7D1C368C5E9D4
:1094000002039D60C5603046BDE8F84000F046BEEE
:109410007047406800F001000028D2D19868484C9D
:109420001144A04241F0010262D0DB68C360986041
:109430006A606950C9E71CF0010F0A4407D154F86B
:10944000083CED1A1A44D5E90213CB6099603D4BF4
:109450001B6842F0010193426960BD6004D83A4B39
:1094600030461968FFF72EFF3046BDE8F84000F09F
:1094700015BEC90878684A1C012389108B40034334
:1094800007EBC20157F832007B600839C5E90201D9
:1094900047F83250C5603046BDE8F84000F0FEBDE8
:1094A000002845D10A44D3E9021342F00100CB6001
:1094B00099606860AA50D7E7142B08D9542B1ED89E
:1094C0000B0B03F16F04E40003F16E0289E703F173
:1094D0005C04E40003F15B0283E718468EE7931017
:1094E0007968012202FA03F30B437B60034686E7A7
:1094F000C7E90455C5E902006A606950B4E7B3F5ED
:10950000AA7F06D8CB0B03F17804E40003F17702BD
:1095100067E740F25452934206D88B0C03F17D0466
:10952000E40003F17C025CE74FF47E747E2258E78E
:1095300041F001026A60196096E700BFF80400205C
:109540000005002004090020106A01209368002B08
:1095500000F0E4802DE9F04FB1F90C309BB20C46DD
:10956000190783B08246904635D522699AB313F025
:109570000202D8F800603DD00027D4F824B0D4F817
:109580001CC0DFF8C0923D464D452B463A4628BFE9
:109590004B4661465046D5B1D847002840F3C680B7
:1095A000D8F808301B1A07442D1AC8F80830002BC9
:1095B00000F0B080D4F81CC0D4F824B04D452B4640
:1095C0003A4628BF4B4661465046002DE4D1D6E9C5
:1095D00000750836D8E72146504603F0C9FC00283C
:1095E00040F02A81B4F90C30D8F800609BB213F037
:1095F0000202C1D113F001095DD1A76820684D4670
:10960000002D54D09A0540F19B80AF42BB4600F23A
:10961000D88013F4906F2FD0D4E9041707EB4707D5
:10962000A0EB010B07EBD777681C7F105844B842BA
:109630003A4684BF07463A465B0540F1D38011465F
:10964000504600F0A1F9002800F0F0805A46216948
:109650000190CFF74DF9A289019B22F4906242F06C
:109660008002A281A7EB0B0203EB0B006761236171
:109670002060A2602F46AB465A46494600F05AFC8D
:10968000A2682368D21B5B442F46A260236000259A
:10969000D8F80830DB1BB944C8F80830002B39D0A3
:1096A000B4F90C30A76820689BB2002DAAD1D6E986
:1096B00000950836A4E733469146104617464E46B5
:1096C0009B46002F6BD0002871D0D4E9041220688B
:1096D000B9454B4628BF3B46884203D9A568154487
:1096E000AB4271DC9A4200F393801346656AE169EC
:1096F00032465046A847051E18DDB9EB05090FD0C4
:109700000120D8F808305B1B2E447F1BC8F80830B6
:10971000002BD6D1002003B0BDE8F08F00207047A9
:109720002146504604F02CFD0028EAD0B4F90C3054
:1097300043F040034FF0FF30A38103B0BDE8F08F4A
:109740002369834215D36169A94212D83C4B676AE9
:109750009D4294BF2B466FF000434A4693FBF1F3C2
:10976000504601FB03F3E169B847071EDEDDED1B40
:109770008EE7AF4228BF2F463A46494600F0DAFB53
:10978000A3682268DB1B3A44A3602260002BEED161
:109790002146504604F0F4FC0028E8D0C6E70BF15F
:1097A000080353E902679B460833002FF9D03A4675
:1097B0000A213046CFF74CF838B30130A0EB060948
:1097C00083E72F46AB4657E731462A4600F0B2FB07
:1097D00023682B4423602146504604F0D1FC002826
:1097E0008BD0A3E7504600F09FFC034600287FF48F
:1097F00039AF21695046FFF7B5FDB4F90C300C22A2
:1098000023F08003CAF8002092E707F101095CE722
:109810001A463146019300F08DFB019BA168226836
:10982000C91A1A44A16022601D4666E70C23CAF8D3
:109830000030B4F90C307BE74FF0FF306BE700BF2E
:10984000FEFFFF7F00FCFF7F2DE9F04186B002FBA9
:1098500003F590461E4601AA0123CDE901150595A1
:10986000CDE903230C9C074610B1836B002B30D04D
:10987000616EB4F90C30C8079AB201D491052BD5AA
:10988000920406D4626E43F4005322F40052A38182
:109890006266384603AA2146FFF758FE636E40B958
:1098A000D80702D4A38999051DD5304606B0BDE876
:1098B000F081DA0706D505982D1AB5FBF8F006B049
:1098C000BDE8F081A3899B05F5D4A06D00F04AF8AE
:1098D000F1E704F0B1FCCBE7A06D00F041F8B4F97A
:1098E0000C309AB2CCE7A06D00F03CF83046E6E7C9
:1098F00010B582B0054C0093246813460A46014611
:109900002046FFF7A1FF02B010BD00BFCC00002031
:1099100070B50D4E0D4D761BB61006D000240134E7
:1099200055F8043B9847A642F9D1094E094D761BDC
:1099300005F0D8FBB61006D00024013455F8043BDE
:109940009847A642F9D170BDE45A0408E45A0408C5
:10995000085B0408E45A0408704700BF704700BF62
:10996000704700BF704700BF024B0146186800F007
:109970000BB800BFCC000020024B01461868FFF76F
:10998000F1BC00BFCC0000202DE9F04F01F10B0528
:10999000162D83B0064623D8102900F2B98000F0B6
:1099A00077FB102518230220C54F3B44A3F1080282
:1099B0005C68944200F06681636823F003032344EB
:1099C000D4E902515A68E96042F001028D603046E4
:1099D0005A6000F063FB0834204603B0BDE8F08F06
:1099E00035F0070500F19480A94200F2918000F063
:1099F0004FFBB5F5FC7FC0F083816B0A00F08F80D0
:109A0000042B00F24681AB0903F1390003F1380C55
:109A1000C300AB4F3B44A3F108015C68A14206D1EF
:109A20000CE0002A80F21D81E468A14206D0636840
:109A300023F003035A1B0F2AF3DD60463C69DFF86D
:109A400094C2644571D0636823F003035A1B0F2A44
:109A500000F34481002AC7E904CC80F22681B3F5E3
:109A6000007F80F06981DB08591C7A6857F83180E3
:109A7000C4F808804FF0010E9B100EFA03F307EBB9
:109A8000C10E1343AEF10802E2607B6047F831403B
:109A9000C8F80C408210012494409C424BD81C42D0
:109AA00006D120F0030064001C4200F10400FAD04B
:109AB00007EBC009CE468046DEF80C309E4507D144
:109AC00022E1002A80F22981DB689E4500F01C819A
:109AD000596821F003014A1B0F2AF2DDD3E9028EF7
:109AE0005C1945F001055D6042F00105C8F80CE025
:109AF0003046CEF80880C7E90444C4E902CC65606A
:109B00005A50019300F0CAFA019B03F1080463E77D
:109B100000240C232046336003B0BDE8F08F4FF4DF
:109B2000007340204FF03F0C73E77B6882100124E4
:109B300094409C42B3D9BC68636823F00309A945EB
:109B400003D3A9EB05030F2B7BDC5E4BDFF888A169
:109B50001A68DAF80030013305EB020800F048819A
:109B600008F5805808F10F0828F47F6828F00F08DE
:109B70004146304600F0DEFCB0F1FF3F834600F086
:109B8000048104EB0900584500F2FD804E4A136839
:109B90004344136000F04D81DAF8001001311BBF1F
:109BA000ABEB00001B18CAF800B013601BF00703F2
:109BB00000F03481C3F10801C3F580538B440833AE
:109BC000D844C8F30B08A3EB08084146304601927D
:109BD00000F0B0FC431C019A00F04681A0EB0B01A1
:109BE000414441F001011368C7F808B04344BC4246
:109BF000CBF80410136015D0B9F10F0F40F230818B
:109C00006068A9F10C0121F0070100F0010004EBEC
:109C1000010C08434FF0050E0F296060CCE901EEFE
:109C200000F23A81294A2A481168BC688B420168CF
:109C300088BF136062688B4222F0030288BF036012
:109C4000A7E0621943F0010345F001056560304665
:109C5000BA60536000F022FA0834204603B0BDE831
:109C6000F08F2344E1685A68A56842F00102E96078
:109C700030468D605A6000F011FA0834204603B077
:109C8000BDE8F08FDC68A34208BF02303FF4D6AED7
:109C900092E6142B71D9542B00F2AD802B0B03F1FB
:109CA0006F0003F16E0CC300B3E6234430465A68DC
:109CB00042F001025A60083400F0F0F98CE600BF6F
:109CC000F8040020106A0120E0690120086A0120E0
:109CD0000C6A01200005002000090020611945F0F0
:109CE000010E42F00105C4F804E03046C7E9041152
:109CF000C1E902CC4D60E25000F0D0F908346BE6C7
:109D0000E80805F108034FE608F1010818F0030F11
:109D10000EF1080E7FF4D0AE52E019441C464A689A
:109D2000DB6854F8085F42F001024A603046EB609D
:109D30009D6000F0B3F94FE65A0A042A35D9142A77
:109D40006FD802F15C01C9005B3207EB010E795854
:109D5000AEF1080E8E4558D04A6822F003029A42AE
:109D600002D989688E45F7D1D1F80CE07B68C4E947
:109D7000021ECEF80840CC608CE603F15C0003F1D3
:109D80005B0CC30045E6BC4272D0BC68626822F03E
:109D900003029542A2EB050302D80F2B3FF751AF08
:109DA000304600F07BF9002416E69A0902F13901E9
:109DB000C9003832C9E7D9F80090994540F083804E
:109DC00010F0030FA9F1080300F1FF30F3D17B6815
:109DD00023EA04037B6064009C423FF6ACAE1CB9EE
:109DE000A9E6640008F104081C42FAD040465FE688
:109DF00008F11008BCE6B3F5AA7F26D8EB0B03F1F7
:109E0000780003F1770CC30003E67B6892104FF0F3
:109E1000010808FA02F213437B60A8E74FF480536D
:109E2000CEE6542A29D81A0B02F16F01C9006E320E
:109E30008BE7C0F30B0100297FF4AEAE09EB0802FB
:109E4000B96842F001024A60ECE640F25452934293
:109E50001CD8AB0C03F17D0003F17C0CC300D8E5EA
:109E60000123CBF804309BE701214FF00008BAE64C
:109E7000164A1368434413608EE6B2F5AA7F14D8DD
:109E8000DA0B02F17801C90077325EE74FF47E7396
:109E90007F204FF07E0CBCE504F1080130460192B2
:109EA000FFF760FA019A1368BCE640F254518A4207
:109EB00005D89A0C02F17D01C9007C3245E74FF4C8
:109EC0007E717E2241E77B6885E700BFE069012063
:109ED000032A70B414D940EA0105AD0704460B46C5
:109EE00022D11D682668AE421946204603F10403BC
:109EF00004F1040418D1043A032A20461946F0D884
:109F0000541E72B102780B789A4208BF641806D0CA
:109F10000CE010F8012F11F8013F9A4206D1A1423E
:109F2000F7D1002070BC7047541EEBE7D01A70BC0C
:109F3000704700BF8842F0B40DD98B1883420AD90C
:109F4000841832B1224613F8014D02F8014D9942AE
:109F5000F9D1F0BC70470F2A49D940EA01039B07A9
:109F600047D1A2F110031B0901F1200707EB0317EA
:109F700001F1100400F1100554F8106C45F8106C54
:109F800054F80C6C45F80C6C54F8086C45F8086CE7
:109F900054F8046C45F8046C1034BC4205F110050B
:109FA000EAD1013302F00F051B01032D19440344CC
:109FB00021D91F1F0E462C46043C56F804CB47F807
:109FC00004CF032CF8D82C1F24F0030404342344BA
:109FD000214402F00302002ABBD0013B0A4411F8DD
:109FE000014B03F8014F9142F9D1F0BC7047034691
:109FF000F1E70346F1E72A46EDE700BFF0B4860734
:10A0000043D0541E002A3ED0CAB2034602E014F1E7
:10A01000FF3438D303F8012B9D07F8D1032C2BD93B
:10A02000CDB245EA05250F2C45EA054516D9A4F120
:10A0300010073F0903F1200606EB071603F1100293
:10A0400042E9045542E902551032B242F8D104F017
:10A050000F040137032C03EB07130DD91E462246CC
:10A06000043A032A46F8045BFAD8221F22F00302BE
:10A070000432134404F003042CB1C9B21C4403F8A5
:10A08000011B9C42FBD1F0BC704714460346C5E758
:10A090000148FFF765BC00BF486D01200148FFF78C
:10A0A00061BC00BF486D0120F8B50E461446074656
:10A0B00008B1836BBBB1636ED80702D4A38999053D
:10A0C00026D5A368013B002BA3600FDBF5B2236804
:10A0D0005A1C22601E70636EDA0702D4A3899B05A6
:10A0E00011D52846F8BD04F0A7F8E4E7A269934229
:10A0F00002DBF5B20A2DEAD131463846224602F09B
:10A10000C9FE0546E7E7A06DFFF72CFC2846F8BD21
:10A11000A06DFFF725FCD4E7024B0A4601461868FC
:10A1200000F002B8CC0000202DE9F04F924683B039
:10A13000002900F0A1800D4680460AF10B04FFF7CC
:10A14000A7FF55F8042C162C22F00306A5F10807EA
:10A150003ED810242146A2453FD88E4207EB06097F
:10A1600074DAC74B9868484500F0AA80D9F8040013
:10A1700020F001034B445B68DB0740F18380D2078A
:10A1800034D551464046FFF7FFFB8246E0B155F813
:10A19000043C23F001033B44A0F10802934200F089
:10A1A000F980321F242A00F20781132A296800F25D
:10A1B000E68003462A4619605168596092689A60A1
:10A1C00029464046FFF7CEF84046FFF767FF4FE0CD
:10A1D00024F00704002C2146BDDA4FF0000A0C23BE
:10A1E0005046C8F8003003B0BDE8F08F55F8083C81
:10A1F000A7EB030BDBF8042022F00302B3188B4219
:10A20000BFDBDA46DBF80C105AF8080F321F242A9D
:10A21000C1600BEB0309886000F2C680132A29682D
:10A2200040F2C080CBF808106968CBF80C101B2AEC
:10A23000A96800F2D8800BF1100208351160696836
:10A240005160A96891601E465F4655467B68321B87
:10A250000F2A03F0010322D833437B60D9F804307E
:10A2600043F00103C9F804304046FFF717FFAA4640
:10A27000504603B0BDE8F08F114603B0BDE8F04F83
:10A28000FFF782BB20F0030033188B4261DBD9E972
:10A2900002121E46CA6007EB03099160D6E739191E
:10A2A000234342F001027B604A60D9F8043043F056
:10A2B00001030831C9F804304046FFF753F8D3E7EB
:10A2C000406820F00309B14404F11000814577DAB9
:10A2D000D2073FF556AF55F8082CA7EB020BDBF879
:10A2E000042022F003029144484587DCDA46DBF87B
:10A2F0000C105AF8080F321F242AC160886000F23F
:10A30000A180132A296840F29B80CBF80810696865
:10A31000CBF80C101B2AA96800F29B800BF11002ED
:10A320000835116069685160A96891600BEB040100
:10A33000A9EB040242F0010299604A60DBF80430A4
:10A3400003F001031C434046CBF80440FFF7A6FE90
:10A350008EE7D3073FF515AF55F8083CA7EB030B85
:10A36000DBF8042022F00302104483198B42FFF62D
:10A3700045AFD9E90212DA46CA60916042E701604E
:10A380006B6843601B2A3AD805F1080200F1080304
:10A39000A96810E750F8043C23F003031E4407EBC0
:10A3A000060953E7524649E7294650461E465F468E
:10A3B000FFF7C0FD554649E72946FFF7BBFDFFE61D
:10A3C0002744A9EB040949F001029F607A6055F81F
:10A3D000043C03F001031C43404645F8044CFFF7DE
:10A3E0005DFEAA4644E7CBF81010E968CBF81410DC
:10A3F000242A10D029690BF1180210351EE7AB682A
:10A400008360EB68C360242A10D005F1100200F1CC
:10A4100010032969CFE62A69CBF818206A69CBF8BE
:10A420001C20A9690BF12002183507E72B6903618D
:10A430006B694361A96905F1180200F11803BAE6D6
:10A4400052466EE7294650460193FFF773FD019B84
:10A450006CE7CBF81010E968CBF81410242A04D06C
:10A4600029690BF1180210355BE72A69CBF818202F
:10A470006A69CBF81C20A9690BF12002183550E756
:10A48000F804002038B50C460968054629B921466C
:10A490002846BDE83840FEF765BFFFF7F3FF2146C9
:10A4A0002846BDE83840FEF75DBF00BF204B1B6863
:10A4B00083423BD0C36C70B505468BB100269959D9
:10A4C00039B10C682846FEF74DFF2146002CF8D123
:10A4D000EB6C0436802EF2D119462846FEF742FF77
:10A4E000296C11B12846FEF73DFFD5F8481151B14E
:10A4F00005F5A676B14206D00C682846FEF732FF75
:10A50000A6422146F8D1696D11B12846FEF72AFF0F
:10A51000AB6B53B1EB6B28469847D5F8E01221B1ED
:10A520002846BDE87040FFF7ADBF70BD704700BF63
:10A53000CC00002038B5074C0023054608462360B0
:10A5400004F0B8FD431C00D038BD2368002BFBD0BD
:10A550002B6038BD5C6D01201F2938B522D8D0F89A
:10A56000DC3205460C466BB153F8212052B1012A6A
:10A5700012D0511C12D00025204643F82450904799
:10A58000284638BD284600F02FF8224601462846C6
:10A59000BDE8384000F014B8002038BD1623036031
:10A5A000012038BD162303604FF0FF3038BD00BFD7
:10A5B000024B01461868FFF7CFBF00BFCC00002058
:10A5C00038B50B46074C0546114618460023236054
:10A5D00004F058FD431C00D038BD2368002BFBD08D
:10A5E0002B6038BD5C6D012004F03CBD0EB430B56D
:10A5F0009CB01FAB0C4C0D4D53F8042B019301463E
:10A6000002910691206802A96FF000440794CDE9F9
:10A61000044500F059F8029B00221A701CB0BDE8F6
:10A62000304003B0704700BFCC0000200802FFFF9D
:10A63000002A41D040EA010313F00303F0B425D10E
:10A64000032A23D904680D68AC421FD1043A35D0DF
:10A65000A4F1013525EA040414F0803F31D1071D2F
:10A660000D1D0DE057F8043B0E68A3F10134B34211
:10A6700024EA03040AD1043A20D014F0803F1DD10B
:10A68000032A2946384605F10405EBD803780C78EF
:10A690009C4202F1FF320CD182B114B90EE06AB1D2
:10A6A0007BB110F8013F11F8014FA34202F1FF32D4
:10A6B000F5D0181BF0BC7047104670470020F0BC66
:10A6C00070471846F6E700BF2DE9F04FDBB00C46A7
:10A6D0000A9193460D93079003F0BAFE03681B930B
:10A6E0001846CEF72DFBA3891A901F0603D52369C0
:10A6F000002B00F0578700235E469FED8F7B14935D
:10A70000CDE92F331993CDE91D331F931C93099382
:10A7100031AB2E93994633788DED167B002B00F0EC
:10A72000CE82252B344602D11CE0252B03D014F811
:10A73000013F002BF9D1A51B85B1DDE92F32013393
:10A740002A44072BC9F80060C9F80450CDE92F321C
:10A750007CDC09F10809099B2B4409932378002B21
:10A7600000F0AD82002367780B9398468DF89B30FC
:10A7700004F1010B4FF0FF3A2B250BF1010BA7F170
:10A7800020035A2B00F2E483DFE813F0A503E20371
:10A79000E203A003E203E203E2038103E203E20334
:10A7A000B503B003E20372015801E2033B03C600A4
:10A7B000C600C600C600C600C600C600C600C60069
:10A7C000E203E203E203E203E203E203E203400303
:10A7D000E2037701F002400340034003E203E20397
:10A7E000E203E203EB02E203E2038400E203E2039A
:10A7F000E203C202E203CE03E203E203AC02E2039D
:10A80000E203E203E203E203E203E203E2034003C2
:10A81000E2037701DA00400340034003C103DA009A
:10A820005B00E2031E03E203060386002B035B00CA
:10A83000E203C2025D002901E203E2033801E20300
:10A840005D0048F020089BF8007096E72EAA0A9950
:10A85000079804F047FA80B90DF1C4097BE72EAAE6
:10A860005946504604F03EFA002801F0C7800E9B7E
:10A870001BB10E990798FEF775FD0A9B9B8913F093
:10A88000400F099B18BF4FF0FF33099309985BB045
:10A89000BDE8F08F48F0100818F0200F00F0738525
:10A8A0000D9C073424F00703D3E9004503F10802A7
:10A8B0000D9228F48063002200218DF89B10BAF1DC
:10A8C000FF3F5AA9089100F0A78454EA050123F03C
:10A8D00080085BD1BAF1000F40F09887002A40F061
:10A8E0001F8513F001035AAE0C9302D0302306F8F3
:10A8F000013D00230E931393189315930C9B9DF821
:10A900009B205345B8BF53460893002A00F0C880E7
:10A91000089B01330893C3E0A7F1300300221BF822
:10A92000017B02EB820203EB4202A7F13003092B09
:10A93000F5D90B9223E700BF0000000000000000E3
:10A9400043469E0640F117820D9C073424F007040D
:10A95000D4E9000104F108020D9204460D460028D6
:10A9600071F1000205DA2D22644265EB45058DF890
:10A970009B205AAABAF1FF3F089200F0E58654EAFC
:10A9800005014FF0010223F08008A3D0012A00F056
:10A990004784022A00F0EF825AA900E03146E2081B
:10A9A00042EA4572E80804F00703054614463033CE
:10A9B00054EA050201F8013C01F1FF36EED118F02E
:10A9C000010F00F0E882302B00F0E582089A02398E
:10A9D0003023521A06F8013C0C920E4689E7434692
:10A9E0009E0640F1A6820D9C073424F0070202F176
:10A9F0000801D2E900450D9101225DE7B64B19939C
:10AA000018F0200F00F074810D9C073424F0070328
:10AA1000D3E9004503F108020D9218F0010F09D0A7
:10AA200054EA050306D030238DF89D7048F00208E3
:10AA30008DF89C3028F4806302223DE79BF800707B
:10AA40002A2F0BF1010201F0EF82A7F13003092B4D
:10AA500093464FF0000A3FF692AE1BF8017B0AEBDB
:10AA60008A0A03EB4A0AA7F13003092BF5D986E6D7
:10AA70009BF8007048F004087FE60D9800230168F9
:10AA80008DF89B301A468DF804110123011DCDE984
:10AA90000C3108930E92924613921892159241AE81
:10AAA00018F002030F9302D0089B0233089318F0AA
:10AAB0008403309C12933FD10B9B08995D1A002DA3
:10AAC0003ADD102D2F9A29DD49462046B146102344
:10AAD0002497079C0A9E04E0103D102D01F1080107
:10AAE00018DD01327D4F1030072ACDE92F20C1E952
:10AAF0000073F1DD2EAA31462046109304F0F2F8DF
:10AB000000287FF4B4AE103D102DDDE92F2031A9CF
:10AB1000109BE6DC249F4E460446894601326F4B6B
:10AB20002C44072ACDE92F24C9E9003500F37E859E
:10AB30009DF89B2009F1080972B12F9A0132013466
:10AB40000DF19B000121072ACDE92F24C9E900015D
:10AB500000F3738309F108090F9B6BB12F9B01333D
:10AB6000023427A90222072BCDE92F34C9E90012AC
:10AB700000F36F8309F10809129B802B00F07982A2
:10AB80000C9BAAEB0305002D35DD102D2F9A544B9D
:10AB900026DD49462046B1464FF0100A0A9E1C4663
:10ABA00004E0103D102D01F1080115DD01321030D7
:10ABB000072ACDE92F20C1E9004AF2DD2EAA31464D
:10ABC000079804F08FF800287FF451AE103D102D47
:10ABD000DDE92F2031A9E9DC4E46234689460446AB
:10ABE00001322C44072ACDE92F24C9E9003500F3AE
:10ABF0003C8309F1080918F4807F40F0DB812F9B2A
:10AC00000C9AC9F8006001331444072B3094C9F83A
:10AC100004202F9300F3A18209F1080918F0040F12
:10AC200033D00B9B089A9D1A002D2EDD102D2F9BE3
:10AC300021DD1026079FDDF8288004E0103D102D4F
:10AC400009F1080917DD0133244A1034072BCDE937
:10AC50002F34C9E90026F1DD2EAA4146384604F01A
:10AC600041F800287FF403AE103D102DDDE92F34AC
:10AC70000DF1C409E7DC0133184A2C44072BCDE958
:10AC80002F34C9E9002500F3A583099B0B9A089985
:10AC90008A42ACBF9B185B180993002C40F02582B8
:10ACA00000232F930E9B1BB10E990798FEF75AFBBA
:10ACB0000DF1C4095E463378002B7FF432AD309B32
:10ACC000002B3FF4DAAD0A9C07982EAA214604F027
:10ACD00009F8A389D3E500BF88530408BC530408CE
:10ACE000CC530408AE4B199318F0200F7FF48CAEB0
:10ACF0000D9A18F0100F02F1040340F0798318F058
:10AD0000400F0D9A00F0708314880D93002584E69F
:10AD10000D9B1E6800258DF89B501C1D002E00F019
:10AD20007584BAF1FF3F00F06186524629463046ED
:10AD3000CDF78EFD0E90002800F09A870E9B9B1B8E
:10AD40000C93AA4623EAE3730D940893CDF838A038
:10AD5000CDF84CA0CDF860A0CDF854A09DF89B2074
:10AD6000D3E548F008089BF8007006E548F01003AA
:10AD70009E063FF5E9AD0D99DD0601F1040200F1F3
:10AD800051835C060D9940F14A83B1F900400D9260
:10AD9000E51720462946E2E50D9A18F0200F52F8F3
:10ADA000043B0D9240F0458318F0100F40F07E8573
:10ADB00018F0400F40F0308618F4007F00F07685E0
:10ADC000099A1A705E4676E79BF800706C2F03BFF5
:10ADD0009BF8017048F020080BF1010B48F01008B7
:10ADE000CBE40D996F4B0C68199347F63002043190
:10ADF000ADF89C2048F002030D910025022278272F
:10AE00005AE548F080089BF80070B6E40D9C0734C2
:10AE100024F0070494ED007B52EC171B22F0004352
:10AE200021938DED207A0834DDE920014FF0FF32C7
:10AE30005D4B0D948DED167BCEF778F8002840F031
:10AE4000FF824FF0FF32584BDDE92001CEF750F87A
:10AE5000002840F0F58200220023DDE91601CEF73C
:10AE60003DF8002840F0E3869DF89B204F4E504B64
:10AE70000020032108910E9028F08008472FD8BFAA
:10AE80001E460C9182461390189015903DE5079F41
:10AE9000384603F0DDFA43681C931846CDF750FF9F
:10AEA0001F900446384603F0D3FA83681E93002CA3
:10AEB0003FF4C9AC9BF80070002B3FF45EAC1B78EC
:10AEC000002B3FF45AAC48F4806856E448F001087F
:10AED0009BF8007051E49DF89B309BF80070002BAC
:10AEE0007FF44BAC20238DF89B3046E48DF89B50CB
:10AEF0009BF8007041E40D9B9BF800701A680B9260
:10AF0000002A03F10403C0F25C830D9335E49BF83F
:10AF10000070682F03BF9BF8017048F400780BF1B4
:10AF2000010B48F0400828E448F010039E063FF566
:10AF30005AAD0D9ADD0602F1040100F161825C0652
:10AF40000D9A40F15A8214880D9100250122B3E434
:10AF5000002F3FF4B4AE002301211A4608918DF86A
:10AF600004718DF89B300E939A46139318931593A2
:10AF70000C9141AE94E519985AAE230904F00F01E3
:10AF800043EA05732A091C461546435C06F8013D51
:10AF900054EA0503F1D1089B9B1B0C93A9E400BF65
:10AFA0009C53040888530408FFFFEF7F7C53040878
:10AFB00078530408652F40F3DC8000220023DDE98C
:10AFC0001601CDF781FF002800F060812F9BAD4A6C
:10AFD000C9F80020013301340122072BCDE92F34B9
:10AFE000C9F8042000F33E8409F10809289B149A4B
:10AFF000309C934280F2E9812F9B1B9AC9F8002074
:10B000001A9AC9F8042001331444072BCDE92F34D0
:10B0100000F3F08209F10809149B5D1E002D7FF7F3
:10B02000FDAD102D2F9A984B40F30584194610263C
:10B030002346079FDDF828A00C4605E009F1080922
:10B04000103D102D40F3F48301321033072ACDE96F
:10B050002F23C9E90046F1DD2EAA5146384603F0F8
:10B0600041FE00287FF403ACDDE92F230DF1C40974
:10B07000E6E70B9B089A9D1A002D7FF781AD102DF6
:10B080002F9A814B25DD49462046B1461C460A9E33
:10B0900004E0103D102D01F1080116DD01321030E1
:10B0A0001023072ACDE92F200C604B60F1DD2EAA7A
:10B0B0003146079803F016FE00287FF4D8AB103D08
:10B0C000102DDDE92F2031A9E8DC4E4623468946C4
:10B0D000044601322C44072ACDE92F24C9E9003562
:10B0E00000F3B38309F108094AE52EAA0A990798E3
:10B0F00003F0F8FD00283FF4D3ADFFF7B8BB2EAA4C
:10B100000A99079803F0EEFD00287FF4B0AB289B66
:10B11000309C0DF1C4091BB9149A002A00F09484E4
:10B120002F9A1B99C9F800101A99C9F80410013216
:10B130000C44072A30942F9200F3A78509F10809DF
:10B14000002BC0F21E86149B01321C44072ACDE955
:10B150002F24C9E900637FF75FAD2EAA0A990798EB
:10B1600003F0C0FD00287FF482AB309C0DF1C409D0
:10B1700054E5149A2F9B012A04F1010403F10105FF
:10B1800009F1080740F30E810123072DC9F800607B
:10B19000CDE92F54C9F8043000F31F831A9B1B9A82
:10B1A000691C1C4407290F91CDE92F14C7E900231E
:10B1B00000F31F8308370F9A531C1D460C95149DEE
:10B1C000129300220023DDE9160105F1FF3A07F191
:10B1D0000809CDF779FE002840F0A7800C9DC7F83C
:10B1E00004A001365444072D3E6030942F9500F39F
:10B1F000F1810F9A07F1100302324F460C929946E3
:10B200001D9A7A6014440C9A30942AAB072A2F9224
:10B210003B607FF703ADA0E7012A98467FF4B9AB06
:10B22000002D08BF0A2C80F095825AAE30340123DD
:10B2300006F8014D0C93FFF75CBB2EAA0A990798FC
:10B2400003F050FD00287FF412AB309C0DF1C409CF
:10B2500082E42EAA0A99079803F044FD00287FF49F
:10B2600006AB309C0DF1C40986E42EAA0A99079812
:10B2700003F038FD00287FF4FAAA309C0DF1C409D0
:10B28000B9E400BFB8530408CC530408289B002B32
:10B2900040F37781DDE914239342A8BF1346002BC6
:10B2A0001D460DDD2F9BC9F8006001332C44072B90
:10B2B0003094C9F804502F9300F3BE8409F10809B3
:10B2C000159B002DA8BF5B1B002B1D4640F3D681AC
:10B2D000102D2F9ABD4B40F3BD81184621464B4699
:10B2E0001027B146DDF81CA00A9C064604E008338E
:10B2F000103D102D40F3A98101321031072ACDE90C
:10B300002F21C3E90067F2DD2EAA2146504603F043
:10B31000E9FC00287FF4ABAADDE92F2131ABE7E798
:10B32000CDF830A05AAEFFF7E4BABAF1000F7FF7BC
:10B3300067AFBAF1100FA54B40F35286194622466B
:10B340003B461026DDF81C900A9C129D0F4607E034
:10B350000833AAF1100ABAF1100F40F38F820135B9
:10B360001032072DCDE92F52C3E90076F0DD2EAA69
:10B370002146484603F0B6FC00287FF478AADDE9B0
:10B380002F5231ABE5E70D9A18F0100F02F10403CC
:10B3900040D118F0400F0D9A38D014880D93002535
:10B3A000FFF787BA18F0010F7FF4EEAE0122072DE8
:10B3B000C9F80060CDE92F54C9F8042000F30A81D0
:10B3C00002330C9309F110091AE718F0010F7FF40A
:10B3D00013AE23E42EAA0A99079803F083FC0028F1
:10B3E0007FF445AA309C50E418F4007F40F00F83AE
:10B3F00014680D930025FFF710BB980500F1118329
:10B4000014680D9101220025FFF756BA18F4007F49
:10B4100040F0158314680D930025FFF74ABA98058C
:10B4200000F105830C680D92E51720462946FFF7C9
:10B4300096BA099A1046D117C3E900015E463AE46C
:10B44000DDE9160102460B46CDF770FD002840F0FD
:10B450009D85612F00F00784412F00F0FB8248F4A6
:10B46000807327F02002BAF1FF3F12930892179BD6
:10B4700000F02085472A00F01785002BC0F2E983F1
:10B480009DED167BCDE90E008DED227B662F00F041
:10B49000DB84462F00F06385089B452B0CBF0AF127
:10B4A000010555462CA829A928AA0223CDE9031095
:10B4B000029200930195DDE92223079801F0C0FE76
:10B4C000672F064640F0978518F0010F40F0F6848C
:10B4D0002C9B40469B1BDDF848801493289B1593BA
:10B4E000089B472B00F06F83089B462B00F00584D8
:10B4F0000899159BFAB2412908BF0F3203F1FF33B7
:10B5000006BFD2B201210021002B2893B8BF159BA2
:10B510008DF8A820BABFC3F101032D222B22092BDD
:10B520008DF8A92000F3E484002940F06C853022D6
:10B530008DF8AA200DF1AB0230331370531C2AAAE8
:10B540009B1A149A1D93012A13440C9340F32A85E5
:10B550000C9B1A9A13440C9300231393189315937E
:10B560000C9B20F4806023EAE37340F48078089316
:10B570000F9B002B40F03A839A469DF89B20FFF7E3
:10B58000C4B92F9A1249C9F80010013201340121BF
:10B59000072ACDE92F24C9F804103FF7B0AD09F10F
:10B5A0000809B8E540210798FEF7EEF90A9B1860F4
:10B5B0001861002800F062850A9A40235361FFF762
:10B5C0009AB852420B920D93FFF754BACC53040829
:10B5D000B85304082EAA0A99079803F083FB0028A1
:10B5E0007FF445A9DDE92F3401330C930DF1CC092B
:10B5F00031AF05E62EAA0A99079803F073FB0028DD
:10B600007FF435A9309C0DF1C40905E55346062B9E
:10B6100028BF0623B2461396189615960E96324604
:10B620000893CDE90C34A44EFFF76FB92EAA0A99FE
:10B63000079803F057FB00287FF419A99DF89B2079
:10B64000309C0DF1C409FFF777BA0C4631464E46DF
:10B6500099460B4601322C44072ACDE92F24C9E92B
:10B66000003540F3D1812EAA0A99079803F03AFBDE
:10B6700000287FF4FCA8309C0DF1C409159B18F438
:10B68000806F33449A4640F01B81289B149A934262
:10B6900049DB18F0010F46D1149AB518A5EB0A053D
:10B6A000D31A9D42A8BF1D46002D0DDD2F9AC9F863
:10B6B00000A001322C44072A3094C9F804502F927C
:10B6C00000F33A8309F10809002DACBF5D1B1D464C
:10B6D000002D7FF7A3AA102D2F9A784B40F3AB8053
:10B6E000194610262346079FDDF828A00C4605E0E2
:10B6F00009F10809103D102D40F39A8001321033F2
:10B70000072ACDE92F23C9E90046F1DD2EAA5146CB
:10B71000384603F0E7FA00287FF4A9A8DDE92F23D3
:10B720000DF1C409E6E72F9A1B99C9F800101A9980
:10B73000C9F8041001320C44072A30942F9200F308
:10B74000B38209F10809A7E7002D08BF0A2C984623
:10B75000FFF46BAD08F480630022CDF830900E97B3
:10B76000CDF83C805AAE9146DDF878801F460AE05D
:10B770000023204629460A22CBF75EFF04460D46E9
:10B7800054EA050346D00A22002320462946CBF777
:10B7900053FF303206F8012C09F10109013E002F58
:10B7A000E6D098F800309945E2D1B9F1FF0FDFD02B
:10B7B000002D08BF0A2CDBD31F9B1C99F61A1A46D2
:10B7C000304603F05DFA98F80130002B00F08883D2
:10B7D00008F101084FF00009CAE72EAA0A99079854
:10B7E00003F080FA00287FF442A8DDE92F5431AF3E
:10B7F000D4E42EAA0A99079803F074FA00287FF47B
:10B8000036A8DDE92F3431AF0F93D4E4012A7FF459
:10B81000C0A80AE5089BCDF850909B1BDDF830903E
:10B82000CDF878800E9FDDF83C800C93FFF761B86F
:10B8300021461C460B4601322C44072ACDE92F2411
:10B84000C9E900357FF7E8A987E42EAA0A99079885
:10B8500003F048FA00287FF40AA8309C0DF1C409CF
:10B86000FFF78EB92EAA0A99079803F03BFA002831
:10B870007EF4FDAF0DF1C409FFF7B8BB14463A469C
:10B880001F4613462A4601320C9207F10802C7E907
:10B89000003A0C9B2F935444072B30943FF79AAEF9
:10B8A00001330C9302F108091746A9E4099A1A60BA
:10B8B0005E46FFF700BA00BFB0530408CC5304083B
:10B8C000149BCDF83CB0F3180C93189BCDF848802E
:10B8D0004A461096C14FDDF87C90DDF87880DDF89F
:10B8E00028B056462146DDF81CA0002B5ED0139BE5
:10B8F000002B5FD1189B013B08F1FF3818932F9B59
:10B900001C98106001334944072B3091C2F8049011
:10B910002F9353DC08320C9898F80030851B9D4219
:10B92000A8BF1D46002D0BDD2F9B16600133294457
:10B93000072B309155602F934BDC98F8003008327C
:10B94000002DACBF5D1B1D46002D2BDD102D2F984B
:10B950001CDD102404E0103D102D02F1080215DD5D
:10B96000013010310728CDE92F01C2E90074F2DD62
:10B970002EAA5946504603F0B5F900287EF477AF59
:10B98000103D102DDDE92F0131AAE9DC01302944F9
:10B990000728CDE92F01C2E900753EF760AF98F89E
:10B9A000003008321E44189B002BA0D1139B002BA3
:10B9B00000F0F980139B013B1393A0E72EAA594690
:10B9C000504603F08FF900287EF451AF309931AA28
:10B9D000A1E72EAA5946504603F084F900287EF4C8
:10B9E00046AF98F80030309931AAA9E73046CDF734
:10B9F000A7F9AA4603460C90FFF7A4B998F80030BF
:10BA0000309931AA1E44CEE709F1080936E61478C8
:10BA10000D930025FFF701B8099A1A805E46FFF7DB
:10BA20004AB914780D9100250122FEF745BF91F91E
:10BA300000400D92E51720462946FEF790BF147886
:10BA40000D930025FEF735BF18F0010F3FF4E6A86F
:10BA5000FFF766BB30238DF89C305823BAF1630F93
:10BA60008DF89D3048F0020400F3B28148F48173F0
:10BA7000129327F0200308930022179B0E92A046F2
:10BA800041AE002BC0F2E6809DED167B8DED227B52
:10BA900000230F93612F00F05E81412F7FF4F6ACFD
:10BAA00028AADDE9220103F075F800224FF07F5348
:10BAB000CBF7F0FA00220023CDE91001CDF704FA0C
:10BAC000002840F04482464B0C930AF1FF34CDE944
:10BAD000139B1597CDF860A0B1462596CDF89080C0
:10BAE000DDF830A0DDE9106703E0CDF7EDF920BB0C
:10BAF000A94600223B4B30463946CBF7CBFA0F46DE
:10BB00000646CDF729FA8046CBF75AFA02460B468D
:10BB100030463946CBF706F94D461AF808C005F805
:10BB200001CBB4F1FF3FA34606460F464FF000029B
:10BB30004FF0000304F1FF34D7D1304639460022DC
:10BB4000294B159FDDF860A0CDF854904446DDF8F0
:10BB50004C90DDF89080CDF84CB0259EDDF850B0CB
:10BB6000CDE91001CDF7D8F9002840F0AA80DDE931
:10BB7000100100221C4BCDF7A7F918B12346DB07B3
:10BB800000F19F80139B002B07DB139B01332B4499
:10BB9000302205F8012BAB42FBD1AB1B404614937E
:10BBA000DDF848809AE4B246149B109ECDF8788068
:10BBB000F3189A459146DDF83CB0DDF848800C4614
:10BBC00028BF9A4661E5159BDA1C01DB534514DD5D
:10BBD000023F27F0200308938AE400BFCC530408F7
:10BBE0009C530408000030400000E03F2D228DF8F7
:10BBF0009B204FF0000AFEF78BBE159B14998B42D9
:10BC0000C0F29080C20740F1A7811A9A13440C93A6
:10BC1000470503D5159B002B00F3ED800C9B23EA11
:10BC2000E37308936727002313931893A0E42D224E
:10BC30008DF89B20FFF71AB92EAA0A99079803F0EE
:10BC400051F800287EF413AE309C0DF1C409FFF7C3
:10BC500037BB0E90DDE9161202F1004323932D232A
:10BC600022910F9316E730238DF89C307823F5E668
:10BC7000CDF820A0CDF830A00D94824613901890F6
:10BC800015909DF89B20FEF740BE2EAA0A990798B2
:10BC900003F028F800287EF4EAAD289BDDE92F2484
:10BCA0000DF1C409FFF74CBA2EAA0A99079803F0C0
:10BCB00019F800287EF4DBAD289B309C0DF1C409F7
:10BCC000EAE4159B2C930C9B15F8012CD97B91422F
:10BCD0002B4609D1302003F8010C2C9B5A1E2C92C4
:10BCE00013F8012C9142F6D0392A0BBF0C9A01327D
:10BCF000927AD2B203F8012C4FE7159B002B40F348
:10BD00005681159BBAF1000F40F0EC80C40700F19A
:10BD1000E9800C93662743056ED40C9B23EAE373FA
:10BD2000089380E7149B1A9A13440C93159B002BDD
:10BD300040F34C816727EEE72EAA0A99079802F094
:10BD4000D1FF00287EF493AD289B149A309CD31A1F
:10BD50000DF1C409B8E428AADDE9220102F01AFFB6
:10BD600000224FF07F53CBF795F900220023CDE955
:10BD70001001CDF7A9F808B101232893B94B0C9312
:10BD8000A3E65D421033B84B80F29D801946102720
:10BD90002346DDF81CA00C4605E009F10809103D1A
:10BDA000102D40F38D8001321033072ACDE92F2367
:10BDB000C9E90047F1DD2EAA0A99504602F092FF28
:10BDC00000287EF454ADDDE92F230DF1C409E6E728
:10BDD0000AF101010798FDF7D7FD0646002800F09B
:10BDE000558148F48173129327F020030893A046ED
:10BDF000179B0E9045E667271E9800221392189213
:10BE00000378159AFF2B0CD093420ADA4178D21AA4
:10BE1000B1B1189B013318930B46FF2B00F10100C1
:10BE2000F2D11592189B139A0C991E9013441F9AE5
:10BE300002FB03130C9323EAE3730893FFF798BB09
:10BE4000139901311391DDE72CA829A928AA03230E
:10BE5000CDE9031002920093CDF804A0DDE922237E
:10BE6000079801F0EDF95546064600EB0A043378D1
:10BE7000302B00F0CC80289D2C4400220023DDE9EB
:10BE80002201CDF721F810B12346FFF722BB2C9BEE
:10BE9000A342BFF41EAB30215A1C2C9219702C9B6C
:10BEA0009C42F9D8FFF715BBBAF1000F00F089806A
:10BEB0000E90E6E50E904FF0060AE2E57419DCE715
:10BEC00021461C460B4601322C44072ACDE92F247B
:10BED000C9E9003500F3B38009F10809FFF733B968
:10BEE000994645E41A9A134453440C93662712E783
:10BEF0000DF1B70C64465D4D00E01446A5FB03123E
:10BF0000D20802EB8201A3EB410303F13001134697
:10BF1000092B04F8011C04F1FF32EEDC3033023C43
:10BF2000DBB2A44502F8013C40F297800DF1AA046F
:10BF3000114601E011F8013B04F8013B8C45F9D1B1
:10BF40002EAB9B1A0DF1AA021344FFF7F8BA012396
:10BF50002893474B0C93B8E5159B0C9358E62CA8F7
:10BF600029A928AA0323CDE9031002920093CDF852
:10BF700004A0DDE92223079801F062F95546064640
:10BF8000462F06EB05043FF472AF76E7179B394E58
:10BF9000002BB6BF2D229DF89B208DF89B20364BA1
:10BFA000FEF766BFC5077FF5D7AAFFF7D1BABAF18A
:10BFB000000F17D1C10715D4012308930C936627EE
:10BFC00031E6CDF838A04FF0010A5AE50C9AC3F1DA
:10BFD00001031A4422EAE2730C920893672722E6CF
:10BFE0004A4654E41A9B013353440C9323EAE37307
:10BFF0000893662717E6472F7FF460AF18F0010F0C
:10C000003FF466AABCE70DF1AA02FFF795BA002239
:10C010000023DDE92201CCF757FF00287FF42BAF86
:10C02000C5F10105289527E70D999BF801700B686C
:10C0300043EAE37A0B1D93460D93FEF79EBB2EAAAF
:10C040000A99079802F04EFE00287EF410ACDDE954
:10C050002F240DF1C409FFF776B80DF1AA03FFF7FD
:10C060006EBA00BF88530408CC530408CDCCCCCCA6
:10C070009C5304088453040880530408079A0C2333
:10C0800013604FF0FF330993FEF700BC0A9A9389BF
:10C0900043F040039381FEF7F2BB00BF10B4044CA1
:10C0A00013460A46014620685DF8044B00F04ABF7B
:10C0B000CC0000202DE9F84F4B6E9C0492462DD504
:10C0C0009368126843B30E46074602F1080959E91E
:10C0D000025B5FEA9B0815D0043D002401E0A04507
:10C0E0000ED0324655F8041F384602F047F9431C7B
:10C0F00004F10104F3D10023CAE90133BDE8F88F4C
:10C10000DAF808302BF0030BA3EB0B03CAF8083066
:10C1100009F10809002BDAD10020ECE7FDF716FA47
:10C120000023CAE90133BDE8F88F00BF2DE9F04FC5
:10C13000BDB01C4601919046CDE9050318B1836B53
:10C14000002B00F0CE83019BB3F90C105B6EDB0774
:10C150008AB202D4970540F13B85960408D4019831
:10C16000436E41F4005223F400538281436692B23D
:10C17000150740F1C780019B1B69002B00F0C280AE
:10C1800002F01A030A2B00F093830023CDE9113348
:10C19000CDE90C330DF14C090A930B930293CDF8C2
:10C1A0004090CB4698F80030002B00F04584252BBA
:10C1B000444602D11EE0252B03D014F8013F002B8A
:10C1C000F9D1A4EB08058DB1DDE9113201332A4420
:10C1D000072BCBF80080CBF80450CDE9113200F3E7
:10C1E000A6800BF1080B029B2B4402932378002BB3
:10C1F00000F02284002304934FF000021F4663786E
:10C200008DF83B2004F101084FF0FF3A2B2508F18F
:10C210000108A3F120025A2A00F26683DFE812F037
:10C22000DB0264036403D602640364036403FC0258
:10C2300064036403F002EB026403E6022003640378
:10C240001B0336013601360136013601360136014F
:10C250003601360164036403640364036403640306
:10C260006403640364034501A60264036403640376
:10C27000640364036403640364036403640360008D
:10C280006403640364038A02640376026403640340
:10C290003802640364036403640364036403640393
:10C2A0006403640364034501E900640364036403F5
:10C2B000C902E9005B006403BC026403630262001C
:10C2C00054025B0064038A025D009400640364030B
:10C2D000CB0064035D0047F0200798F8003096E734
:10C2E00047F01007BC0640F1D582069B073323F0C8
:10C2F0000703D3E9004503F10802069227F480639F
:10C3000000222FE0019D0598294600F031FEA0B1E2
:10C31000019A536ED80703D49389990540F1AD84EF
:10C320004FF0FF33029302983DB0BDE8F08F002A32
:10C3300040F01D841192CB4655E7AA8902F01A03FA
:10C340000A2B7FF422AFB3E23B469D06069A40F1EA
:10C35000E381073222F0070202F10801D2E9004529
:10C36000069101224FF000018DF83B10BAF1FF3F1A
:10C370003CA9009100F0C88354EA050123F080072E
:10C380005CD1BAF1000F40F0DA84002A40F0EB8370
:10C3900013F001033CAE039340F02384039A9DF80D
:10C3A0003B305245B8BF52460092002B00F08D80C2
:10C3B0000132009289E0C04A0A92BE0640F16D81C6
:10C3C000069A073222F00702D2E9004502F108017D
:10C3D0000691FE0709D554EA050206D030228DF8F1
:10C3E0003D3047F002078DF83C2027F4806302229D
:10C3F000B8E73B469E0640F1BE81069A073222F01E
:10C400000702D2E900010832069204460D460028D0
:10C4100071F1000205DA2D22644265EB45058DF8C5
:10C420003B203CAABAF1FF3F009200F0458454EA59
:10C4300005014FF0010223F08007A2D0012A00F08D
:10C440006783022A00F07B833CA900E03146E208C2
:10C4500042EA4572E80804F0070305461446303303
:10C4600054EA050201F8013C01F1FF36EED1FD0767
:10C4700040F1FA82302B00F0F782009A0239302323
:10C48000521A06F8013C03920E4687E7A3F13002E8
:10C49000002118F8013B01EB810102EB4101A3F1FE
:10C4A0003002092AF5D90491B3E6069A4FF000014B
:10C4B00013688DF83B108DF88C300121131D00910D
:10C4C0000693039123AE4FF0000A17F0020308937E
:10C4D00002D0009B02330093DDE9111217F08403B0
:10C4E00001F1010C6046079333D1049B009C1C1B97
:10C4F000002C2EDD102C714D40F34A84102308E0EF
:10C5000001F1020E0BF1080B0146103C102C11DD5D
:10C51000481C103207281292CBE900531190EFDD2E
:10C52000002A40F0A582103C102C11464FF0010E5D
:10C53000CB46EDDC2244BEF1070F1292CBE900544A
:10C54000CDF844E000F3BC820BF1080B0EF10100C2
:10C5500071469DF83B400BF1080C002C00F0ED817A
:10C5600001320DF13B0401210728CDE91102CBE98D
:10C57000004140F3B682002A40F0D181089B002B95
:10C5800040F0B58208460DF1540C1146CB46079B8E
:10C59000802B00F0ED81039BAAEB0304002C2DDD22
:10C5A000102C474D40F3CF834FF0100A06E0881C53
:10C5B0000BF1080B1946103C102C11DD4B1C1032EE
:10C5C000072B1292CBE9005A1193F0DD002A40F0BC
:10C5D0009981103C102C4FF001001146CB46EDDC48
:10C5E0000BF10803224407281292CBE90054119062
:10C5F00000F39A82013003F1080C9B46039B1190D3
:10C600001A4407281292CBE9006340F3F681002A0E
:10C6100040F0EB817C07119231D5049B00995C1AA4
:10C62000002C2CDDCC46102C1199244D40F3B38303
:10C630001026059F06E0881C0CF1080C1946103CDA
:10C64000102C11DD4B1C1032072B1292CCE9005636
:10C650001193F0DD002A40F01A82103C102C4FF0AC
:10C6600001001146CC46EDDC224407281292CCE9A9
:10C670000054119040F3C981002A40F0F482029BDB
:10C68000049A00998A42ACBF9B185B180293CBE1D5
:10C690000C4A0A92BE063FF593AE0699FD0601F1DB
:10C6A000040200F1B8827C06069940F1B1820C8840
:10C6B000069200258DE600BF88530408DC53040869
:10C6C000EC5304089C5304080699AE4B0C680A937B
:10C6D00047F630020431ADF83C2047F002030691E2
:10C6E000002502223EE6069AB90652F8043B06925D
:10C6F00000F19E82FA0600F136837E0600F14D833A
:10C70000BD0540F13083029A1A704BE547F01003E3
:10C710009D06069A3FF51DAEDC0602F1040100F10C
:10C7200071825806069A40F16A82148806910025A3
:10C73000012217E6069B1E684FF000028DF83B2091
:10C740001C1D002E00F0A082BAF1FF3F00F00F8305
:10C75000524600213046CCF77BF8002800F03983A0
:10C76000831B039306944FF0000A17E647F010036B
:10C770009E063FF542AE0699DD0601F1040200F186
:10C7800038825C06069940F13182B1F90040069288
:10C79000E517204629463AE698F800306C2B03BF8F
:10C7A00098F8013047F0200708F1010847F010071A
:10C7B0002DE598F80030682B03BF98F8013047F456
:10C7C000007708F1010847F0400720E547F001072E
:10C7D00098F800301BE59DF83B2098F80030002ABF
:10C7E0007FF415AD20228DF83B2010E598F800303D
:10C7F00047F004070BE58DF83B5098F8003006E54C
:10C80000069A98F8003011680491002902F1040298
:10C81000C0F21F820692FAE4059E304601F018FE2F
:10C8200043680C931846CCF78BFA0D9004463046BB
:10C8300001F00EFE82680B92002C3FF44EAD98F88A
:10C840000030002A3FF4E3AC1278002A3FF4DFAC5A
:10C8500047F48067DBE447F0800798F80030D6E4BF
:10C8600098F800302A2B08F1010100F0C482A3F1EE
:10C870003002092A88464FF0000A3FF6CAAC18F881
:10C88000013B0AEB8A0A02EB4A0AA3F13002092AA9
:10C89000F5D9BEE4069AF80602F1040300F1C3815B
:10C8A0007906069A40F1BC8114880693002525E597
:10C8B0000199B1F90E30002BFFF667AC4B6EDB0728
:10C8C00004D4970502D4886DFDF74CF82346424600
:10C8D0000199059800F09CFA029002983DB0BDE8DD
:10C8E000F08F01F0A9FC2EE4002B00F0A5800122BE
:10C8F0008DF88C304FF0000300928DF83B3003929E
:10C9000023AEE0E510AA01990598FFF7D3FB0028B4
:10C9100040F09880DDE91112CB46481C4BE610AA86
:10C9200001990598FFF7C6FB002840F08B80DDE9F0
:10C9300011120DF1540C481CCB46089B002B3FF400
:10C9400026AE02320FA902230728CDE91102CBE956
:10C95000001340F3D380002A40F01481079B802B02
:10C960000DF1540C4FF001001146CB467FF413AE8D
:10C97000049B009C1C1B002C7FF70DAE102C024D5D
:10C980000CDC2CE288530408EC53040801F1020C7F
:10C990000BF1080B1946103C102C13DD4B1C103208
:10C9A0001020072B1292CBF80050CBF80400119303
:10C9B000ECDD002A77D1103C102C4FF0010C114611
:10C9C000CB46EBDC0BF108032244BCF1070F1292BB
:10C9D000CBE90054CDF844C000F3E3800CF1010032
:10C9E00061469B4603F1080CD5E510AA019905980C
:10C9F000FFF760FB30BB129ACC46780705D5049B45
:10CA000000995C1A002C3FF70EAE029B0499009827
:10CA10008142ACBF5B181B1802932AB110AA01997E
:10CA20000598FFF747FB68B90023119398F8003089
:10CA3000CB46002B7FF4BBAB129B002B40F0D28186
:10CA400000231193019B5A6E9B89D10702D49A054A
:10CA500040F103815B063FF563AC02983DB0BDE851
:10CA6000F08F039FDDF81C80009B9B1B039395E4D4
:10CA700010AA019905980993FFF71CFB0028E1D142
:10CA8000DDE91112CB4601F1010E099B3DE510AA2B
:10CA900001993846FFF70EFB0028D3D1DDE91112CA
:10CAA000CC46481CCBE510AA01990598FFF702FB7C
:10CAB0000028C7D1DDE91112CB4601F1010C6AE76C
:10CAC000002A40F042819DF83B10002900F0B78019
:10CAD00001210DF13B040A461491084613940DF10F
:10CAE000540C0146E34601300CF1080C25E70FAB6E
:10CAF0000222CDE9133208460DF1540C0146E346FB
:10CB000001300CF1080C42E5012A1F467FF499AC74
:10CB1000002D08BF0A2C80F0D5803CAE30340123B4
:10CB200006F8014D039339E4002A42D1039A149286
:10CB30000123CDE9122611930DF1540C5DE70A98FB
:10CB40003CAE230904F00F0143EA05732A091C4691
:10CB50001546435C06F8013D54EA0503F1D1009BFC
:10CB60009B1B03931AE4CDF80CA03CAE16E410AA6C
:10CB700001990598FFF79EFA00287FF463AFCB4632
:10CB8000FFF731BB10AA01990598FFF793FA002827
:10CB90007FF458AFDDE911120DF1540C481CCB465F
:10CBA000F5E4002A79D10DF1540C01201146CB4651
:10CBB000F1E410AA01990598FFF77CFA00287FF4A8
:10CBC00041AFDDE911020DF1540C0130CB4615E502
:10CBD000019DA86DFCF7C4FEB5F90C108AB2FFF7F1
:10CBE000BCBA302306F8013DFFF7D8BB980500F129
:10CBF000D8800C680692E5172046294607E49F0571
:10CC000000F1DC801468069101220025FFF7AABB21
:10CC1000B80500F1D9800C6806920025FFF7D9BB52
:10CC2000BE0500F1C680146806930025FFF766BBB9
:10CC3000029A1046D117C3E90001FFF7B3BA089B67
:10CC4000002B40F09D8011460DF1540C0120CB4685
:10CC5000A1E4494204910692CAE5019CA06DFCF74B
:10CC600081FEA389F6E610AA01990598FFF722FA3A
:10CC700000287FF4E7AE129AC7E6906DFCF772FECB
:10CC80004FF0FF330293E8E65346062B28BF0623F6
:10CC90000393069400935D4E15E410AA019905983C
:10CCA000FFF708FA00287FF4CDAEDDE911120DF18F
:10CCB000540C481CCB466EE4002D08BF0A2C1F46BE
:10CCC000FFF42BAF07F4806300220397CDF81C809C
:10CCD0003CAE174698460BE00023204629460A2220
:10CCE000CAF7AAFC04460D4654EA05033FF4B9AE60
:10CCF0000A22002320462946CAF79EFC303206F855
:10CD0000012C0137013EB8F1000FE5D00B9B1B78D9
:10CD1000BB42E1D1FF2FDFD0002D08BF0A2CDBD3AF
:10CD20000D9B0C99F61A1A46304601F0A9FF0B9B91
:10CD30005F78002FD0D001330B930027CCE7012A76
:10CD40007FF47FABE9E663464CE410AA01990598AD
:10CD5000FFF7B0F900287FF475AEDDE91112CB467C
:10CD6000481CFFF7F6BB029A1A60FFF71BBA304661
:10CD70000694CBF7E5FF4FF0000A0390FFF70EBBD8
:10CD80000FAB0222CDE9133201200DF1540CB5E6B0
:10CD9000E646FFF7CFBB481C66E4029A1A80FFF70D
:10CDA00001BA91F900400692E51720462946FFF79F
:10CDB0002EBB147806930025FFF7A0BA14780691CD
:10CDC00000250122FFF7CEBA0C7806920025FFF766
:10CDD00000BBCDF80CA006948246FFF7DFBA63468D
:10CDE0008446F1E50598019910AAFFF763F9002838
:10CDF0003FF426AE26E6069898F80130026842EA2B
:10CE0000E27A021D88460692FFF701BAB053040881
:10CE10002DE9F0410C46ADF58D6D8989666EE58989
:10CE2000199621F002010646E069ADF80C1017468C
:10CE30004FF48061626AADF80E5098461AAD002337
:10CE4000079016A809920693009504950291059102
:10CE5000FCF782FD43463A4669463046FFF766F9DD
:10CE6000051E07DB3046694601F08AF9002818BF25
:10CE70004FF0FF35BDF80C305B0603D5A38943F0B6
:10CE80004003A3811698FCF769FD28460DF58D6DCA
:10CE9000BDE8F081F8B50D461446064610B1836B27
:10CEA000002B43D0B4F90C20A369A36091B208070A
:10CEB0001BD52369CBB1EDB289042F4622D5226858
:10CEC0006169D31A994229DD0133A168501C0139E7
:10CED000A1602060157062699A422AD0A389DB079D
:10CEE00001D50A2D25D03846F8BD2146304600F040
:10CEF0003FF820BBB4F90C20236991B2EDB289044C
:10CF00002F46DCD4616E42F4005221F40051A2811C
:10CF1000226861666169D31A9942D5DC21463046A0
:10CF200001F02EF958B922680123CEE701F084F907
:10CF3000B8E72146304601F023F90028D3D04FF05E
:10CF4000FF37D0E770B50D46084C114606461A4625
:10CF500028460023236002F0BBF8431C00D070BDBC
:10CF60002368002BFBD0336070BD00BF5C6D0120D7
:10CF700038B5314B1B6805460C4613B19A6B002A35
:10CF80003AD0B4F90C2093B218070CD52069A8B197
:10CF900013F0010220D0636900225B42A361A2600A
:10CFA00000B3002038BDD9063ED5580728D42069E3
:10CFB00042F00803A3819BB20028E9D103F4207258
:10CFC000B2F5007FE4D02846214601F07DFAA3891E
:10CFD000206913F00102DED1990758BF6269A2608F
:10CFE0000028DED1B4F90C301A06DBD543F040033B
:10CFF000A3814FF0FF3038BD184601F01DF9C0E79E
:10D00000216B51B104F14003994204D02846FCF74A
:10D01000A9F9B4F90C20002323630023206963607D
:10D0200022F024022060C3E742F0400209232B6073
:10D030004FF0FF30A28138BDCC0000202DE9F8432D
:10D040002B4D0646286898460F469146FCF788FC0B
:10D05000284B1C68D4F84831002B3DD05A681F2A51
:10D060000DDC02F1010C16BB0232C3F804C02868C3
:10D0700043F82270FCF776FC0020BDE8F8831E4BD5
:10D080007BB34FF4C870FCF76FFC034648B3D4F889
:10D0900048210021C0E900214FF0010CC4F84801EB
:10D0A0000A46C0F88811C0F88C11002EDCD003EBC2
:10D0B00082010124C1F88890D3F88801944020436C
:10D0C000022EC3F88801C1F80881CDD1D3F88C11A4
:10D0D0000C43C3F88C41C7E704F5A673C4F8483184
:10D0E000BCE72868FCF73EFC4FF0FF30C5E700BF07
:10D0F000080900207453040869990308024B13B10E
:10D10000024800F005B8704700000000A9E20308DB
:10D11000002301461A461846FFF790BF2DE9F04F4D
:10D1200003690F69BB4283B0C0F28680013F01F101
:10D13000140900F1140A59F827205AF82730BC00C6
:10D140000132B3FBF2F80AEB0403009409EB040B81
:10D150000193B8F1000F38D000252E46CE46D446B4
:10D160005EF8044BDCF80030A2B208FB0255220C3A
:10D170002C0C08FB0242ADB2751B96B2C6EB1346EF
:10D1800015FA83F306EB23469BB243EA0643F345C5
:10D190004FEA12454CF8043B4FEA2646E0D2009B8A
:10D1A0005AF803308BB9019A131F9A450CD252F8E2
:10D1B000043C4BB9A2F1080302E01A68043B1AB917
:10D1C0009A4507F1FF37F8D30761044601F0F2FBF7
:10D1D00000282DDB08F101085546002359F8041BEF
:10D1E00028688AB29A1A0B0C12FA80F2C3EB104329
:10D1F00003EB224392B242EA0342CB4545F8042BAB
:10D200004FEA2343EAD25AF827200AEB87037AB978
:10D210001A1F92450BD253F8042C42B9083B02E086
:10D220001A68043B1AB99A4507F1FF37F8D327610A
:10D23000404603B0BDE8F08F002003B0BDE8F08F9A
:10D240002DE9F04F016C97B014461D468346CDE999
:10D25000024549B1426C4A60012393408B6001F062
:10D26000B9F90023CBF840302E1E239AB4BF012316
:10D2700000231360784BBCBF26F000460396B343EF
:10D2800000F0A880DDE902890022002340464946DB
:10D29000CBF71AFE054678B1229A01231360249B2E
:10D2A000002B00F0C4806D4B249A1360013B049363
:10D2B000049817B0BDE8F08F14AA15ABCDE9003281
:10D2C000584642464B4601F007FC340D824640F07A
:10D2D000A380DDE914542C4404F23243202B40F3A4
:10D2E0001384C3F140039E40029B04F2124023FAD0
:10D2F00000F03043C9F754FE01238046013CA1F100
:10D30000F87912930022564B40464946C9F70AFD68
:10D310004BA3D3E90023C9F7BDFE4BA3D3E90023F8
:10D32000C9F702FD064620460F46C9F749FE48A345
:10D33000D3E90023C9F7AEFE02460B463046394614
:10D34000C9F7F2FC06460F46CBF706FE0022059011
:10D35000002330463946CBF7C1FD002840F06C82EF
:10D36000059E162E00F25D823E4B03EBC603D3E909
:10D370000001DDE90223CBF7CFFD002800F0C083D8
:10D38000731E059300230A932C1B059BB4F101081F
:10D3900046BFC4F101094FF000084FF00009002B0F
:10D3A000C0F242829844099300230893209B092BE2
:10D3B00060D8052B40F3A683043B20930025209BD7
:10D3C000023B032B00F28984DFE813F0C503A503B9
:10D3D000CF03E604229A42F20F731360029B7BB9DB
:10D3E000C6F3130666B9249B002B00F00E861E4B75
:10D3F00004930833249A0498136017B0BDE8F08FA3
:10D40000249B2BB9194B0493049817B0BDE8F08FF7
:10D41000164B04930333EDE7C9F3130343F07F592D
:10D420001295A4F2FF3449F44019149D6AE7104B99
:10D430000493049817B0BDE8F08F00BFAFF30080ED
:10D4400061436F63A787D23FB3C8608B288AC63F0A
:10D45000FB799F501344D33F0000F07FB953040879
:10D460000000F83F40540408FC5304080854040822
:10D47000B85304084FF0FF340125CDE906450023D9
:10D48000209321930021CBF844100B94584601F0CF
:10D490007BF80E2C0490CBF8400000F2F780002DB2
:10D4A00000F0F4809DED027B059900298DED0C7B49
:10D4B00040F3D183C14B01F00F0203EBC20393EDA4
:10D4C000007B0C11E3068DED027B40F18684BC4BA2
:10D4D000DDE90C01D3E90823C9F706FFCDE90E0108
:10D4E00004F00F0403267CB1DDE90201B44DE70727
:10D4F00004D5D5E90023C9F7CDFD0136641005F147
:10D500000805F4D1CDE90201DDE90223DDE90E01D0
:10D51000C9F7EAFECDE902010A9B43B10022A94BFB
:10D52000DDE90201CBF7DAFC002840F0E98430465F
:10D53000C9F746FDDDE90223C9F7ACFDA24B002285
:10D54000C9F7F2FB069B0646A1F15077002B00F0CD
:10D550000884059B1393069B0E93DDE90201CBF72C
:10D56000FBFC0E9A954B03EBC20313ED027B00F11B
:10D5700030058DED107BC9F723FD02460B46DDE932
:10D580000201CDE90267C9F7CDFB049B0646079867
:10D590005C1CEDB20F46DDE91023002800F0438447
:10D5A00000208A49C9F7A0FEDDE90223C9F7BAFBCA
:10D5B000049A3B4615703246CDE90201CBF7ACFC2C
:10D5C000002840F0ED8432463B4600207D49C9F7F3
:10D5D000A9FB02460B46DDE90201CBF79DFC0028C2
:10D5E00040F0E3840E9901294CD0049ACDF838908C
:10D5F0001144CDF84080DDE90289CDF808A08A46C3
:10D600000CE000206F49C9F78DFB42464B46CBF733
:10D6100065FC002840F0C78454452DD0404649465B
:10D6200000226B4BC9F736FD0022694B80468946C4
:10D6300030463946C9F72EFD0F460646CBF78CFC1F
:10D640000546C9F7BDFC02460B4630463946C9F7C8
:10D6500069FB3035EDB242464B4604F8015B0646A5
:10D660000F46CBF73BFC32463B460028C9D0139B04
:10D67000DDF808A0059317E2DDF83890DDF840806A
:10D68000DDF808A0DDE90C34CDE90234159B002B50
:10D69000C0F2AD80059A0E2A00F3A980474B03EB38
:10D6A000C203D3E90089219B002BC0F2B182DDE9DE
:10D6B000026742464B4630463946C9F715FECBF75E
:10D6C0004BFC0546C9F77CFC42464B46C9F7E2FCD9
:10D6D00002460B4630463946C9F724FB049A05F149
:10D6E00030031370069B012B06460F4602F101041E
:10D6F00046D00022364BC9F7CDFC00220023064657
:10D700000F46CBF7E1FB002840F0CE81CDF808A012
:10D71000DDF818A0CDF818B0DDF810B00AE0C9F7B0
:10D72000B9FC0022002306460F46CBF7CDFB0028AC
:10D7300040F03C8342464B4630463946C9F7D4FD5B
:10D74000CBF70AFC0546C9F73BFC42464B46C9F7F6
:10D75000A1FC02460B4630463946C9F7E3FA05F10B
:10D76000300C04F801CBA4EB0B0CE24506460F4647
:10D770004FF00002164BD2D1DDF808A0DDF818B04A
:10D7800032463B4630463946C9F7CEFA42464B460A
:10D7900006460F46CBF7C0FB58B942464B463046CB
:10D7A0003946CBF791FB002800F07E81EB0740F172
:10D7B0007B8114F8015C049A12E000BF4054040815
:10D7C000185404080000F03F00001C400000E03F37
:10D7D000000024409A4200F01C8313F8015C1C46B0
:10D7E000392D04F1FF33F5D001351D705CE1079A46
:10D7F00092B3209A012A40F30082069B5F1E089B89
:10D80000BB42C0F2D882DF1B069B002BC0F2F7821E
:10D810004C46984499440121584600F075FF05464E
:10D820001DE001230A93AFE5059BA9EB03095B42C9
:10D83000089300230993B9E5DDF814804046C9F741
:10D84000BFFB32463B46CBF73FFB00287FF488AD59
:10D8500008F1FF33059383E5089F079D4C46002C94
:10D860000BDDB8F1000F08DD44452346A8BF434651
:10D87000A9EB0309E41AA8EB0308089B6BB1079A0C
:10D88000002A00F08C82DE1B002F40F08C81514674
:10D890003246584600F0E8FF82460121584600F023
:10D8A00033FF099A0646002A40F01681209B012B7F
:10D8B00040F35E810120404410F01F0000F007811A
:10D8C000C0F12003042B40F3A483C0F11C00814469
:10D8D00004448044B9F1000F05DD51464A465846DC
:10D8E00001F012F88246B8F1000F05DD31464246DC
:10D8F000584601F009F806460A9B002B73D1069B97
:10D90000002B40F30782079B002B00F08580002C42
:10D9100000F35E81099B002B40F0C681A846029A65
:10D92000049F02F001020992069A7B1E1A44079294
:10D9300031465046FFF7F2FB294681460890504693
:10D9400001F038F8314602904246584601F04EF850
:10D95000C368044609F130090146002B40F0D58127
:10D96000504601F027F821460690584600F032FE56
:10D97000069B33B9209A22B9099B002B00F019832A
:10D98000209B029A002AC0F21E8205D1209A1AB961
:10D99000099A002A00F01782002B07F1010400F316
:10D9A0002382079B87F80090BB4200F02C825146EF
:10D9B00000230A22584600F017FE454582462946B4
:10D9C0004FF000034FF00A02584600F0988100F033
:10D9D0000BFE4146054600230A22584600F004FE8D
:10D9E00027468046A4E73146504600F0E3FF002872
:10D9F00085DA059F514600230A225846013F0597C4
:10DA000000F0F2FD079B8246002B40F0E2820B9B68
:10DA1000002B40F3EA820693DDF81080069F44460F
:10DA200002E000F0E1FD824631465046FFF776FB0A
:10DA300000F1300904F8019BA4EB08039F424FF06A
:10DA40000A024FF0000351465846EADC00230293D5
:10DA500051460122584600F057FF3146824600F0F9
:10DA6000A9FF002814F8012C40F3B980049905E0BF
:10DA7000994200F05C8113F8012C1C46392A04F10C
:10DA8000FF33F5D001321A703146584600F0A2FD3E
:10DA900055B1029921B1A94202D0584600F09AFD31
:10DAA0002946584600F096FD5146584600F092FD32
:10DAB0000022059B2270229A01331360249B002BC5
:10DAC0003FF4F6AB04981C6017B0BDE8F08F1C2043
:10DAD000814404448044FDE60146584600F0C4FEFB
:10DAE000209B012B064640F3F38000230993336902
:10DAF00006EB8303186900F0B7FDC0F12000DAE6F9
:10DB00000A9041E401255AE4C3F12006029B03FA7E
:10DB100006F0FFF7EFBB00230793059B219A134400
:10DB20000B930133012B1E460693B8BF012600213B
:10DB3000172ECBF84410069C7FF7A8AC01220423D3
:10DB40005B0003F11400B042114602F10102F7D963
:10DB5000CBF844109AE400230793219B002B40F359
:10DB6000ED800B9306931E46E1E701230793F4E74C
:10DB7000029B002B7FF49EAEDDE90212C2F3130379
:10DB8000002B40F0998122F000431B0D1B0523B1AF
:10DB900009F1010908F101080123099A0993002AF2
:10DBA0003FF488AEA3E73A462946584600F05CFEAB
:10DBB000524601460546584600F0B0FD514607461C
:10DBC000584600F007FDBA46002E3FF466AE5EE60A
:10DBD00029462246584600F097FE05469AE607D1A8
:10DBE00019F0010F7FF442AF02E014F8022C1C463A
:10DBF000302A04F1FF33F8D046E7129A002A00F0E9
:10DC0000538103F233434C4698449944089F02E6FB
:10DC1000069B002B3FF74BAD40F0BB800022B24B80
:10DC200040464946C9F736FADDE90223CBF76AF9DF
:10DC3000069E3546002875D1059A01320592049A50
:10DC400031231370541C3146584600F0C3FC002D9C
:10DC50007FF426AF28E700F03F81059B5C42A34B91
:10DC600004F00F0203EBC203D3E90023DDE90C014A
:10DC7000C9F710FA2411CDE9020100F0BB819C4DD7
:10DC800000230226E20705D5D5E90023C9F702FAE9
:10DC900001360123641005F10805F3D1002B3FF490
:10DCA0003BACCDE9020137E46968584600F06CFCF2
:10DCB0002B6902339A00044605F10C010C30CAF7B7
:10DCC00017FE21460122584600F01EFE804626E639
:10DCD000029B002B3FF450AF07E70024CBF84440F1
:10DCE0002146584600F050FC4FF0FF330B9306934B
:10DCF000012304902194CBF840000793C6E400F080
:10DD000073FC27460546804612E6584600F062FC42
:10DD1000012336E6209B022B7FF7F5AD069B002BF7
:10DD200000F0CC80219B049CDB4305938BE7059A94
:10DD300001320592049A31231370A5E6012421943F
:10DD40000694FFF79FBB3046C9F73AF9DDE9022395
:10DD5000C9F7A0F90022674BC8F7E6FF0646A1F114
:10DD600050770022604BDDE90201C8F7DBFF324645
:10DD70003B4604460D46CBF7CFF8002846D1324645
:10DD800007F1004320462946CBF7A8F800283FF4C6
:10DD900079AC00263546C5E701230793BDE6514619
:10DDA000089A584600F060FD824676E5DDF808A046
:10DDB000DDF818B078E6089B099AFB1A1A44CDE9F9
:10DDC0000872002720E5002B07F1010400F3BC8056
:10DDD000029587F80090454656E69DED0C7B02269D
:10DDE0008DED0E7BFFF77FBBB9F1390F00F0BE80E0
:10DDF00009F10109029587F80090454644E6069B23
:10DE0000A9EB030407E50295454621E600263546C1
:10DE100012E7049A30231370059B14F8015C013358
:10DE200005931346E0E4DDE90201C9F733F9049BE9
:10DE30001D700E9B012BCDE9020123D00E9B049A8D
:10DE4000CDF838901344C146984600222A4B3046FC
:10DE50003946C9F71FF90F460646CBF77DF8054648
:10DE6000C9F7AEF8303502460B4630463946C8F79A
:10DE700059FF04F8015B444506460F46E5D1C84604
:10DE8000DDF838901D4B0022DDE90201C8F74CFF98
:10DE900032463B46CBF722F800286DD0139B059302
:10DEA00014F8015C049A9BE4149B089FC3F13603A9
:10DEB0004C4698449944AEE400236EE63146052270
:10DEC000584600F091FB01460646504600F072FDB0
:10DED00000283FF7B1AE25E79DED0C7B02268DEDC6
:10DEE000027BFFF719BB00BF000014404054040838
:10DEF0001854040800001C40000024400000E03FCB
:10DF0000069B002B3FF41FAF0B9C002C7FF7BAAB96
:10DF10000022424BDDE90201C9F7BCF8CDE902015C
:10DF2000701CC9F74DF8DDE90223C9F7B3F83C4B83
:10DF30000022C8F7F9FE059B0E94013B0646A1F1AD
:10DF400050771393FFF709BB51460122584600F062
:10DF5000DBFC3146824600F02DFD002832DDB9F1B0
:10DF6000390F03D0089B03F1310931E739220295BB
:10DF70003A704546049981E5DDE9022300202949EC
:10DF8000C8F7D0FE32463B46CAF7C6FF10B9FFF7C6
:10DF900079BB144614F8013C302B04F1FF32F8D061
:10DFA000139B059380E5DDF808A0139B0593049A65
:10DFB00016E4B9F1390F07F10104D7D0029B002B09
:10DFC000D0DC05E77FF404AF19F0010F3FF400AF98
:10DFD000C5E7294600230A22584600F005FB0B9BA3
:10DFE000002B054609DD069391E4209B022B09DCFA
:10DFF0000B9B10E50226FFF78FBA209B022B01DC5A
:10E000000B9BF0E70B9B069388E6074B0493FFF707
:10E010004FB93FF45FACC0F13C0059E5000024402B
:10E0200000001C400000E03FFC530408B1F90C3034
:10E030009AB22DE9F0410C461107804644D462683B
:10E0400043F40063002AA38159DDA56A002D53D053
:10E0500000229BB2D8F80060E169C8F8002013F4F0
:10E06000805240F0838001234046A847421C4AD09A
:10E07000A389A56AE1695B0705D56268236B801AED
:10E080000BB1E36BC01A024600234046A847471C69
:10E0900045D0B4F90C302269226023F400630022D9
:10E0A000A381DB04626000D52065216BC8F80060A5
:10E0B00011B304F14003994202D04046FBF752F9F4
:10E0C00000202063BDE8F0812669AEB12568266096
:10E0D00092070CBF63690023AD1BA3600AE02B46C7
:10E0E0003246676AE1694046B8470028A5EB00055B
:10E0F00006442BDD002DF2DC0020BDE8F081E26B50
:10E10000002AA2DCF8E7D8F80030002BB0D01D2B95
:10E1100001D0162B2CD1C8F800600020EDE7D8F80C
:10E1200000101D291AD8154BB4F90C20CB40DB4345
:10E1300013F0010314D1256922F40062C4E90053ED
:10E14000D504A281B1D50029AFD1ADE7A38943F0B1
:10E150004003A3814FF0FF30BDE8F081B4F90C20FB
:10E1600042F04002A2814FF0FF30C6E7206D82E707
:10E17000A38943F04003A381BFE700BF0100402013
:10E1800038B50D46044608B1836BA3B1B5F90C0050
:10E19000B8B16B6EDB0701D481051AD5204629463C
:10E1A000FFF744FF6B6EDA07044602D4AB899B0588
:10E1B0000AD5204638BD00F03FF8B5F90C0000281C
:10E1C000E7D10446204638BDA86DFBF7CBFB2046BF
:10E1D00038BDA86DFBF7C4FBE0E700BF10B5002316
:10E1E00004468181C281C0E9003383604366C0E98F
:10E1F00004338361194608225C30FBF7FFFE0748B1
:10E200000749084A084BE362C4E90740C4E9091218
:10E2100004F15800BDE81040FBF79EBBF9EB030882
:10E220001DEC030859EC030879EC0308014900F0E0
:10E23000D7B800BFD1EE030810B504461248FBF76B
:10E240008FFBA26BD2B904F53B731048C4F8E832D7
:10E250000321C4F8E022E063C4F8E41260680421FA
:10E26000FFF7BCFF01220921A068FFF7B7FF0222D8
:10E270001221E068FFF7B2FF0123A3630248BDE863
:10E280001040FBF76FBB00BF446D01202DE2030877
:10E290000148FBF765BB00BF586D01200148FBF743
:10E2A00061BB00BF586D012038B50A4C0A4D641B94
:10E2B000A4100AD004F18043013B05EB8305013C27
:10E2C00055F804399847002CF9D1BDE8384000F0E2
:10E2D0000FBF00BF0C5B0408085B04082DE9F04782
:10E2E00082B081468846144600F0A4F8012803D184
:10E2F00008F1FF33FE2B33D9424604F15C0301A938
:10E30000484600F069FD421C06462FD020B39DF818
:10E3100004C000250DF1040A09E023685A1C22609C
:10E3200083F800C00135B54216D215F80AC0A368BB
:10E33000013B002BA360F0DAA769BB42614622468D
:10E34000484602DBBCF10A0FE7D1FEF7A3FD431CF0
:10E35000E8D102B0BDE8F087404602B0BDE8F087E2
:10E360005FFA88FC06468DF804C0D2E7A38943F023
:10E370004003A38102B0BDE8F08700BF30B5054679
:10E38000506EB2F90C30C007144683B09AB201D473
:10E3900090051CD5900406D4626E43F4005342F4F9
:10E3A0000052A381626628462246FFF797FF636EFC
:10E3B000DA07054602D4A3899B0502D5284603B097
:10E3C00030BDA06DFBF7CEFA284603B030BDA06D7E
:10E3D0000191FBF7C5FAB4F90C3001999AB2D9E76B
:10E3E0002DE9F84310F538771FD0884606464FF0E0
:10E3F0000009D7E90154013D11D4A389012B05F18E
:10E40000FF352146304606D9B4F90E30013302D02B
:10E41000C04749EA00096B1C04F16804EDD13F686C
:10E42000002FE6D14846BDE8F883B9464846BDE826
:10E43000F88300BF044B054A1B685B6B002B08BFC9
:10E44000134693F828017047CC0000200C090020E7
:10E45000044A054B1268506B002808BF1846F0307C
:10E46000704700BFCC0000200C09002070B50C469E
:10E47000B1F90E10002996B015461E460FDAA28992
:10E48000002312F08000336004D14FF480632B60CE
:10E4900016B070BD402218462A6016B070BD6A469C
:10E4A00000F07EFD0028EADB019B03F47043A3F536
:10E4B0000053B3FA83F35B094FF480624FF40060BA
:10E4C00033602A6016B070BD8A8992070B4606D564
:10E4D00001F1430201211A60C3E90421704770B5BC
:10E4E00082B001AB6A460C460546FFF7BFFF0099B4
:10E4F00006462846FBF748FAB4F90C30D8B116495D
:10E50000E963019A0099206043F08003A381C4E984
:10E5100004011AB93343A38102B070BD2846B4F98F
:10E520000E1000F051FDA0B1A38923F0030343F0C6
:10E5300001031BB2EEE79A05EED423F0030304F1C6
:10E54000430243F002030121A3812260C4E90421B4
:10E55000E2E7B4F90C30DDE72DE2030882B049B1FF
:10E560005AB16BB113780B601278101C18BF0120E0
:10E5700002B0704701A9002AF3D1104602B07047DB
:10E580006FF00100F4E700BFC36C70B505460C46A0
:10E590004BB153F8240080B1026843F824200023D3
:10E5A000C0E9033370BD2122042100F04BFC034677
:10E5B000E8640028EDD1002070BD012101FA04F6C5
:10E5C000721D2846920000F03DFC0028F3D0C0E9FF
:10E5D0000146E4E731B1C36C4A6853F82200086091
:10E5E00043F82210704700BFF0B50C6983B00D46A8
:10E5F000064601F1140C0027DCF8000081B202FB92
:10E600000133010C180C02FB01019BB2013703EB33
:10E610000143BC424CF8043B4FEA1143ECDC3BB1F4
:10E62000AA68A24207DD05EB8402013453612C6124
:10E63000284603B0F0BD6968019301313046FFF709
:10E64000A3FF2A69023205F10C01074692000C3043
:10E65000CAF74EF9F26C6968019B52F821002860F4
:10E6600042F821503D46DEE7020C12040346C2B9CF
:10E670000304102013F07F4F04BF1B02083013F077
:10E68000704F04BF1B01043013F0404F04BF9B00C8
:10E690000230002B04DB5B0001D5013070472020E5
:10E6A00070470020E6E700BF036813F00702014649
:10E6B00007D0DA071FD498071FD55B080B6001202D
:10E6C000704798B2A0B1104613F0FF0F04BF1B0AA9
:10E6D00008301A0704BF1B0904309A0704BF9B08BF
:10E6E0000230DA0702D45B080BD001300B607047B0
:10E6F0001B0C1020E8E7002070479B080B600220ED
:10E7000070472020704700BF10B50C460121FFF76D
:10E710003BFF0122C0E9042410BD00BF2DE9F04FEA
:10E720000E691469A64283B00F46154604DA3246D4
:10E730002F4626460D461446D7E9011306EB04087A
:10E740004345B8BF0131FFF71FFF00F1140909EB82
:10E75000880EF145009005D24B46002243F8042B69
:10E760009E45FBD805F1140A0AEB840407F1140353
:10E77000A24503EB860C61D2641B153C24F0030414
:10E78000CDF804E0A24405F110029E4605E02D0CF0
:10E790002BD1924509F104094ED052F8045F1FFABB
:10E7A00085FBBBF1000FF2D077464E46002000E01B
:10E7B000264657F8041B34688BB2A5B2090C240C0A
:10E7C0000BFB035303440BFB014000EB13403446A7
:10E7D0009BB243EA0043BC454FEA104044F8043B77
:10E7E000E6D8706015682D0CD3D0D9F80030764685
:10E7F0001846CB46002100E0A3463488000C05FBF8
:10E80000040001449BB25C4643EA014344F8043BE4
:10E8100056F8043BDBF804001B0C87B205FB0373BE
:10E8200003EB1143B4454FEA1341E5D89245CBF8C9
:10E83000043009F10409B0D1DDF804E0B8F1000FAB
:10E840000BDD5EF8043CAEF1040E1BB105E05EF892
:10E85000043D13B9B8F10108F9D10098C0F810804F
:10E8600003B0BDE8F08F00BF12F003032DE9F041C3
:10E87000144607462ED10D46A4101CD0BE6C96B38C
:10E88000E3074FF0000806D4641014D03068A8B134
:10E890000646E307F8D5324629463846FFF73EFFDD
:10E8A000B5B16A68FB6C641053F82210296043F814
:10E8B00022500546EAD12846BDE8F081324631466D
:10E8C0003846FFF72BFF3060C0F800800646E0E7CF
:10E8D0000546D9E7013B0B4A52F823200023FFF7F6
:10E8E00083FE0546C8E701213846FFF74DFE40F29A
:10E8F000712343610122002302610646B86403606C
:10E90000BEE700BF085504082DE9F04791460A69A3
:10E910000E464FEA6914D1E9011304EB020808F12D
:10E9200001059D42074604DD5B009D4201F10101A6
:10E93000FADC3846FFF728FE002C00F1140337DD1F
:10E9400003EB8401002243F8042B8B42FBD1346992
:10E9500006F1140319F01F0903EB840C20D0C9F150
:10E96000200E002200E051461C688A4604FA09F491
:10E9700014434AF8044B53F8042B634522FA0EF271
:10E98000F1D34A600AB108F10205FB6C7268013DDF
:10E9900053F822100561316043F82260BDE8F0872A
:10E9A000043953F8042B41F8042F9C45F9D8ECE7BF
:10E9B0001946CCE730B40B6905460069C01A0FD17F
:10E9C0009B001435143119442B4401E09D4207D2B9
:10E9D00053F8044D51F8042D9442F7D002D301208E
:10E9E00030BC70474FF0FF30FAE700BF2DE9F0412F
:10E9F00013690D69ED1A002D0E46904601F11404BD
:10EA000002F1140714D19B00E2183B4401E0A2423A
:10EA100059D952F804CD53F8041D8C45F7D009D2CA
:10EA2000224633463C46464617469846012501E0B5
:10EA3000F6DB00257168FFF7A7FDD8F810303669BE
:10EA4000C56007EB830EBC4600F1140504EB860796
:10EA500000235CF8041B54F8048B8AB213FA88F381
:10EA6000090C9A1AC1EB184303EB224392B242EA13
:10EA70000342E64545F8042B4FEA2343E9D8A74271
:10EA800017D9AE46A4465CF8042B13FA82F3191486
:10EA900001EB12419BB243EA014267454EF8042B59
:10EAA0004FEA2143EFD8E443274427F00307043714
:10EAB0003D44043D22B955F8043D013E002BFAD0F7
:10EAC0000661BDE8F0810021FFF75EFD0122002311
:10EAD000C0E90423BDE8F0812DE9F04383B00121B2
:10EAE0001F4616460A9DFFF74FFDC7F30A5481469D
:10EAF000C7F313030CB143F48013002E019323D00A
:10EB000002A840F8086DFFF7CFFD002835D1DDE9F8
:10EB10000023C9F81420002B0CBF01210221C9F8E1
:10EB20001830C9F81010DCB909EB8103A0F23240AB
:10EB300028601869FFF798FD0B9BC0EB4110186027
:10EB4000484603B0BDE8F08301A8FFF7ADFD019B87
:10EB5000C9F8143001212030C9F81010002CE3D07E
:10EB6000A4F2334808EB00032B600B9BC0F1350087
:10EB70001860484603B0BDE8F083DDE90013C0F13A
:10EB8000200203FA02F20A43C3400193C9F8142099
:10EB9000C1E700BFDFF85CC0F8B521F000430027F3
:10EBA000634504460D46164617601EDC844653EA4C
:10EBB0000C0C1AD0B3F5801F0A4609DA00220C4B60
:10EBC000C8F768FA6FF0350704460A4621F000439B
:10EBD00022F0FF421B1522F4E002A3F2FE3342F0C2
:10EBE0007F553B4445F40015336020462946F8BD67
:10EBF00000005043FFFFEF7F10B50C46B1F90E1037
:10EC000000F00AFA002803DB236D0344236510BDDE
:10EC1000A38923F48053A38110BD00BF2DE9F041E7
:10EC20001646B1F90C201F46D3050C460546B1F92E
:10EC30000E1007D50022022300F0D8F9B4F90C20F9
:10EC4000B4F90E1022F48052A2813B463246284687
:10EC5000BDE8F041FEF776B910B50C46B1F90E10DB
:10EC600000F0C4F9A389421C0EBF23F4805343F47F
:10EC700080532065A38110BDB1F90E1000F016B9C4
:10EC800040EA01039B0770B42AD1032A28D90C4615
:10EC90000346214654F8046BA6F1013525EA060522
:10ECA00015F0803F06D1043A032A43F8046B21464D
:10ECB000EFD89AB10C781C70013A01333CB16AB1BB
:10ECC00011F8014F03F8014B013A002CF7D12AB19A
:10ECD0001A44002103F8011B9342FBD170BC70471A
:10ECE0000346E6E72DE9F04F936883B09046002B8A
:10ECF0006CD017688D6882460C460868083742E079
:10ED0000A38913F4906F2DD0D4E9041505EB4505C4
:10ED1000A0EB010B05EBD575701C6D105844A84293
:10ED20002A4684BF05462A465B0536D5114650461D
:10ED3000FAF72AFE00283AD05A4621690190C9F70D
:10ED4000D7FDA289019B22F4906242F08002A28149
:10ED5000A5EB0B0203EB0B00656123612060A26051
:10ED60003546B3465A464946FBF7E4F8D8F808302A
:10ED7000A2682068551B58449E1BA5602060C8F8F7
:10ED800008601EB3083757E90296AB46002EF9D04B
:10ED9000AE42B5D23546B346E4E75046FBF7C4F978
:10EDA00003460028D4D121695046FAF7DBFA0C2338
:10EDB000CAF80030A389002243F040034FF0FF302F
:10EDC000A381C8E9012203B0BDE8F08F0020C8F894
:10EDD000040003B0BDE8F08FF0B5114C246885B095
:10EDE0000646646B1F4651B10E4D002C08BF2C46E1
:10EDF000D4F8E040A047431C0CD005B0F0BD094A50
:10EE0000002C08BF14460A46D4F8E04001A9A047E8
:10EE1000431CF2D100228A233A60336005B0F0BD72
:10EE2000CC0000200C09002021B1FF2A04D80A7070
:10EE300001207047084670478A2303604FF0FF3077
:10EE4000704700BF10B502FB01F1FAF79DFD0446C3
:10EE5000D8B150F8042C22F00302043A242A1DD819
:10EE6000132A14D900231B2AC0E900331BD9242AF2
:10EE7000C0E902330ABFC0E9043300F1100200F117
:10EE800018020023C2E900339360204610BD0246F9
:10EE90000023C2E900339360204610BD0021FBF738
:10EEA000ADF8204610BD00F10802F1E738B5074C77
:10EEB000002305460846236000F0C4F8431C00D038
:10EEC00038BD2368002BFBD02B6038BD5C6D012062
:10EED00070B5002948D005460C4610B1836B002B55
:10EEE00048D0626EB4F90C30D00740D4990530D5C3
:10EEF00021462846FFF79AF8E36A064633B1E169EE
:10EF0000284698470028B8BF4FF0FF36A3891A0655
:10EF10003CD4216B41B104F14003994202D0284610
:10EF2000FAF720FA00232363616C21B12846FAF72F
:10EF300019FA00236364FFF7ABF9636E0022DB0765
:10EF4000A2811FD5A06DFAF709FDFFF7A7F930469A
:10EF500070BDA06DFAF704FDB4F90C30002BC7D1D9
:10EF6000666E16F0010616D00026304670BD002BE6
:10EF7000FAD0BDE7FFF760F9626EB4F90C30D00744
:10EF8000F5D4B3E7A06DFAF7EDFCDBE7216928467D
:10EF9000FAF7E8F9BDE7A06DFAF7E4FC304670BD7A
:10EFA00038B50B46074C054611461846002323602A
:10EFB00000F050F8431C00D038BD2368002BFBD074
:10EFC0002B6038BD5C6D012038B5074C0023054629
:10EFD0000846236000F04EF8431C00D038BD23687B
:10EFE000002BFBD02B6038BD5C6D012070B50D4649
:10EFF000084C114606461A4628460023236000F0B6
:10F0000049F8431C00D070BD2368002BFBD033604F
:10F0100070BD00BF5C6D012070B50D46084C1146F7
:10F0200006461A4628460023236000F03BF8431C9E
:10F0300000D070BD2368002BFBD0336070BD00BFD3
:10F040005C6D0120024B58221A604FF0FF30704770
:10F050005C6D0120024B58221A604FF0FF30704760
:10F060005C6D0120024B58221A604FF0FF30704750
:10F070005C6D0120024B58221A600020704700BFCF
:10F080005C6D0120024B58221A604FF0FF30704730
:10F090005C6D0120024B58221A604FF0FF30704720
:10F0A0005C6D0120024B58221A604FF0FF30704710
:10F0B0005C6D0120044A05491368002B08BF0B460C
:10F0C0001844106018467047146A0120606D0120D2
:10F0D000024B58221A604FF0FF3070475C6D0120E0
:10F0E000FEE700BFF8B500BFF8BC08BC9E467047FD
:0CF0F000F8B500BFF8BC08BC9E46704795
:10F1000000000000FFFFFFFFFFFFFFFF0000000007
:10F1100001000000000000000000000001000000ED
:10F12000FFFFFFFFFFFFFFFF01000000FFFFFFFFEA
:10F13000FFFFFFFF010000000100000001000000D0
:10F140007400000050460408030000005046040804
:10F15000030000000000000000000000610000004B
:10F160007C4904080E0000007C4904080E000000E1
:10F170008C49040809000000620000009849040856
:10F18000110000009849040811000000AC4904086F
:10F190000C00000073000000BC4904080B000000D4
:10F1A000C849040846000000AC4904080C000000EF
:10F1B00069000000104A04080C000000204A0408FE
:10F1C00031000000544A04080D0000006F000000E8
:10F1D000644A04080C000000744A0408310000006E
:10F1E000A84A04080D00000064000000B84A0408A2
:10F1F0000D000000C84A040832000000FC4A040860
:10F200000E0000000C4D04080B0000000C4D04081B
:10F210000B00000000000000184D0408040000006E
:10F22000204D04080700000007000000284D0408D6
:10F2300004000000304D040804000000000000003D
:10F24000384D040806000000384D04080600000090
:10F2500008000000404D04080B000000404D040869
:10F260000B000000080000004C4D040805000000E1
:10F270004C4D04080500000008000000544D04082F
:10F280000A000000544D04080A00000008000000B5
:10F29000604D04080D000000604D04080D000000E2
:10F2A00000000000704D040803000000704D0408C9
:10F2B0000300000001000000744D04080C00000071
:10F2C000844D040808000000020000000000000057
:10F2D000000000000000000000000000000000002E
:10F2E000904D040804000000904D04080400000044
:10F2F00003000000984D04080D000000984D04081C
:10F300000D00000004000000A84D040808000000E3
:10F31000A84D04080800000000000000B44D0408D7
:10F3200011000000B44D04081100000000000000AE
:10F3300000000000000000000000000000000000CD
:10F3400000000000000000000000000000000000BD
:10F3500000000000000000000000000000000000AD
:10F36000000000000000000000000000C84D04087C
:10F3700005000000C84D0408050000000000000062
:10F38000D04D04080E000000D04D04080E0000000F
:10F39000000000000000000000000000000000006D
:10F3A0000000000000000000E04D04080400000020
:10F3B000E04D04080400000009000000E84D0408C6
:10F3C00007000000284D04080400000000000000B1
:10F3D000F04D040809000000904D040804000000EE
:10F3E00005000000FC4D040812000000FC4D04085C
:10F3F0001200000006000000784804080300000026
:10F40000784804080300000000000000104E0408C3
:10F4100009000000104E0408090000000000000070
:10F420001C4E0408090000001C4E040809000000DE
:10F4300000000000284E04080A000000284E0408BE
:10F440000A00000000000000344E04080400000020
:10F45000344E040804000000080000003C4E04087C
:10F46000080000003C4E04080800000000000000F6
:10F47000484E040808000000484E04080800000038
:10F4800000000000544E040811000000544E04080F
:10F4900011000000000000000C4B0408104B040891
:10F4A0000200000002000000144B0408184B04087E
:10F4B00001000000020000001C4B04084049040841
:10F4C000020000000200000020480408204B04084D
:10F4D0000100000001000000244B0408204B040838
:10F4E0000100000002000000284B04082C4B040817
:10F4F0000800000001000000384B04082C4B0408F1
:10F5000008000000010000003C4B0408404B0408C8
:10F510000A00000002000000304604084C4B0408BA
:10F520000200000002000000504B0408544B040885
:10F530000100000002000000584B04085C4B040866
:10F540000100000001000000604B0408644B040847
:10F550000200000002000000684B04086C4B040825
:10F560000900000001000000784B04087C4B0408EF
:10F570000C000000020000008C4B0408904B0408B3
:10F580000100000001000000944B0408984B04089F
:10F590000700000001000000A04B0408A44B040871
:10F5A000020000000200000034460408D44C0408A5
:10F5B0000100000002000000A84B0408AC4B040846
:10F5C0000100000002000000B04B0408B44B040826
:10F5D0000200000002000000B84B0408BC4B040805
:10F5E0000100000002000000C04B0408C44B0408E6
:10F5F0000200000002000000C84B0408784804081C
:10F600000300000003000000CC4B04087848040805
:10F610000300000003000000D04B040878480408F1
:10F620000300000002000000D44B040878480408DE
:10F630000300000002000000D84B0408DC4B040863
:10F640000200000002000000284804087846040870
:10F650000200000001000000E04B0408504A0408CA
:10F660000100000002000000304804089846040829
:10F670000200000002000000E44B0408E84B04080C
:10F6800003000000020000003C4D0408EC4B04089D
:10F6900002000000020000006C460408F04B040861
:10F6A0000B00000001000000FC4B0408004C0408A3
:10F6B0000200000002000000044C0408084C04088A
:10F6C00001000000020000000C4C0408104C04086B
:10F6D0000200000002000000144C0408184C04084A
:10F6E00002000000020000001C4C0408204C04082A
:10F6F0000100000002000000244C0408904B0408A4
:10F700000100000002000000284C04082C4C0408F2
:10F710000200000001000000304C0408344C0408D2
:10F7200005000000030000003C4C0408404C0408A5
:10F7300002000000020000000C4E0408204C0408E7
:10F740000100000001000000444C0408484C04087B
:10F7500001000000010000004C4C0408504C04085B
:10F760000300000003000000544C0408584C040837
:10F7700002000000020000005C4C0408604C040819
:10F78000020000000200000088490408644C0408DC
:10F790000100000002000000684C04086C4C0408E2
:10F7A0000200000002000000704C0408744C0408C1
:10F7B0000100000002000000784C04087C4C0408A2
:10F7C0000300000002000000804C0408844C040880
:10F7D0000200000001000000884C0408744C04087A
:10F7E0000100000001000000384604088C4C0408A9
:10F7F00002000000020000003C460408904C04088F
:10F800000100000003000000944C0408984C040818
:10F8100002000000020000009C4C0408A04C0408F8
:10F820000300000002000000A44C0408A84C0408D7
:10F830001000000002000000BC4C0408C04C04088A
:10F840000100000002000000C44C0408C84C040879
:10F8500002000000020000002C460408CC4C040802
:10F86000090000000100000024480408CC4C0408F2
:10F870000900000001000000D84C0408DC4C04081A
:10F880000B00000002000000484B0408E84C04088C
:10F890000700000001000000F04C0408E84C0408D8
:10F8A0000700000001000000F44C0408F84C0408B4
:10F8B0000500000000000000004D0408044D04088D
:10F8C0000600000001000000000000000000000031
:10F8D0000000000000000000000000000000000028
:10F8E000AF8F0008AF8F0008A98F0008C18F0008F4
:10F8F000B18F0008FCFFFFFF00000000AB8F000885
:10F90000CF8F0008B98F0008000000000000000041
:10F91000F98F00080D900008BB6F020845900008A1
:10F92000F18F0008F78F0008956A02083D6B020806
:10F930003D6A0208F38F0008F58F0008499000081F
:10F940000000000000000000994D0208114E02085E
:10F95000254E0208414E0208C9900008DF900008B9
:10F96000B3900008B9900008B590000885500208CF
:10F97000A5900008754D0208A7900008394E0208AE
:10F9800059590208E14D02086D520208B14D0208B2
:10F99000F54E0208000000000000000085910008FC
:10F9A0001192000800000000000000000F92000803
:10F9B0001F9200084D270208CF910008B961020884
:10F9C00017610208FF9100082791000839610208B9
:10F9D0007191000879610208536102082B910008B7
:10F9E0002F91000887910008AB9100083B91000817
:10F9F0003D9100083F9100084191000843910008A3
:10FA000019620208459100085D910008DB91000829
:10FA10003D920008E19100089D240208C5240208D7
:10FA2000152502088925020807920008FB910008A5
:10FA3000A992000874797065645465787473202104
:10FA40003D20302026262022547970656454657844
:10FA50007420646174616261736520686173206EF3
:10FA60006F74206265656E20696E697469616C6986
:10FA70007A65642E22004D6964646C6577617265F5
:10FA8000732F53542F746F7563686766782F66728F
:10FA9000616D65776F726B2F696E636C7564652F2E
:10FAA000746F7563686766782F5479706564546500
:10FAB00078742E6870700068617356616C6964496F
:10FAC000642829202626202274797065645465787C
:10FAD000744964206C6172676572207468616E207D
:10FAE0006E756D6265724F665479706564546578A1
:10FAF00074732E22000000000000000000000000CF
:10FB00000B9200082D920008BB6F02080D920008AE
:10FB1000F18F000883910008956A02083D6B020886
:10FB20003D6A0208F38F0008F58F0008636F6E735B
:10FB30007420746F7563686766783A3A466F6E74BE
:10FB40002A20746F7563686766783A3A54797065ED
:10FB500064546578743A3A676574466F6E74282900
:10FB600020636F6E737400636F6E737420556E69DB
:10FB7000636F6465436861722A20746F7563686798
:10FB800066783A3A5479706564546578743A3A679D
:10FB9000657454657874282920636F6E737400004F
:10FBA00000000000000000000995000861950008B1
:10FBB0000B9500082B9500080000000000000000D5
:10FBC000994D0208114E0208254E0208414E0208C6
:10FBD00029510208DF900008FF94000851950008A1
:10FBE000B590000885500208A5900008754D0208E0
:10FBF000A7900008394E020859590208E14D020841
:10FC00006D520208B14D0208F54E020800000000D6
:10FC100000000000079500084395000801950008C2
:10FC2000F7940008F99400086F950008FB94000809
:10FC300073697A656F662853637265656E5479706F
:10FC40006529203C3D20686561702E73637265658F
:10FC50006E53746F726167652E656C656D656E7449
:10FC60005F73697A652829202626202256696577E0
:10FC700020616C6C6F636174696F6E206572726F66
:10FC8000723A20436865636B207468617420616C0C
:10FC90006C207669657773206172652061646465A4
:10FCA0006420746F2046726F6E74656E644865617F
:10FCB000703A3A56696577547970657322004D69D8
:10FCC00064646C6577617265732F53542F746F751C
:10FCD00063686766782F6672616D65776F726B2FE8
:10FCE000696E636C7564652F6D76702F4D5650414B
:10FCF00070706C69636174696F6E2E6870700073E8
:10FD0000697A656F662850726573656E74657254A2
:10FD100079706529203C3D20686561702E707265A0
:10FD200073656E74657253746F726167652E656C6E
:10FD3000656D656E745F73697A65282920262620B3
:10FD40002250726573656E74657220616C6C6F63AE
:10FD50006174696F6E206572726F723A20436865D4
:10FD6000636B207468617420616C6C2070726573C1
:10FD7000656E746572732061726520616464656488
:10FD800020746F2046726F6E74656E644865617092
:10FD90003A3A50726573656E746572547970657322
:10FDA000220073697A656F66285472616E735479A4
:10FDB000706529203C3D20686561702E7472616E0B
:10FDC000736974696F6E53746F726167652E656CC9
:10FDD000656D656E745F73697A6528292026262013
:10FDE000225472616E736974696F6E20616C6C6FFE
:10FDF000636174696F6E206572726F723A20436836
:10FE000065636B207468617420616C6C207472612E
:10FE10006E736974696F6E732061726520616464CA
:10FE2000656420746F2046726F6E74656E644865F9
:10FE300061703A3A5472616E736974696F6E547985
:10FE4000706573220050726573656E7465725479C3
:10FE500070652A20746F7563686766783A3A6D61D9
:10FE60006B655472616E736974696F6E28746F7517
:10FE700063686766783A3A53637265656E2A2A2C1E
:10FE800020746F7563686766783A3A507265736577
:10FE90006E7465722A2A2C20746F756368676678A1
:10FEA0003A3A4D565048656170262C20746F756340
:10FEB000686766783A3A5472616E736974696F6EF6
:10FEC0002A2A2C204D6F64656C547970652A29208C
:10FED0005B776974682053637265656E54797065E9
:10FEE000203D2053637265656E31566965773B200E
:10FEF00050726573656E74657254797065203D202B
:10FF000053637265656E3150726573656E746572A8
:10FF10003B205472616E7354797065203D20746F7C
:10FF20007563686766783A3A4E6F5472616E7369AA
:10FF300074696F6E3B204D6F64656C5479706520F9
:10FF40003D204D6F64656C5D000000000000000006
:10FF500000000000DD970008299800089769020852
:10FF600091970008AF970008B3970008959A00088A
:10FF7000B19A0008655F0208856002087D5F02088B
:10FF800021600208B797000817600208BB970008B5
:10FF9000BF970008C7970008EF970008276002087E
:10FFA000D5970008D9970008CD970008D197000889
:10FFB000DF9700080000000000000000319A0008F0
:10FFC000219A0008239A0008000000900000000019
:10FFD000E001100100000000E0011001757365648C
:10FFE000203E2030004D6964646C657761726573F2
:10FFF0002F53542F746F7563686766782F6672612C
:020000040804EE
:100000006D65776F726B2F696E636C7564652F74A5
:100010006F7563686766782F5465787450726F7671
:10002000696465722E687070006F6666736574200F
:100030003C207573656400746F7563686766783A11
:100040003A556E69636F64653A3A556E69636F64D9
:10005000654368617220746F7563686766783A3AC1
:100060005465787450726F76696465723A3A636960
:100070007263756C61724275666665723C73697A0B
:10008000653E3A3A7065656B436861722875696EC2
:100090007431365F7429205B7769746820756E73DC
:1000A00069676E656420696E742073697A65203DA6
:1000B0002031303B20746F7563686766783A3A5533
:1000C0006E69636F64653A3A556E69636F64654340
:1000D000686172203D2073686F727420756E736959
:1000E000676E656420696E743B2075696E74313685
:1000F0005F74203D2073686F727420756E7369673A
:100100006E656420696E745D00746F756368676600
:10011000783A3A556E69636F64653A3A556E696329
:100120006F64654368617220746F75636867667891
:100130003A3A5465787450726F76696465723A3AE7
:1001400063697263756C61724275666665723C7351
:10015000697A653E3A3A7065656B43686172282931
:10016000205B7769746820756E7369676E656420BB
:10017000696E742073697A65203D2031303B2074AC
:100180006F7563686766783A3A556E69636F646540
:100190003A3A556E69636F646543686172203D2029
:1001A00073686F727420756E7369676E6564206919
:1001B0006E745D0000000000000000000000000000
:1001C00000000000499C00084D9C0008579C000856
:1001D000A96F030800000000000000006D9D0008EA
:1001E0009D9D00083D2302087B9C0008B961020820
:1001F0002D2402081991000827910008396102088E
:100200007191000879610208536102082B9100087E
:100210002F91000833910008379100083B910008A6
:100220003D9100083F91000841910008439100086A
:1002300019620208459100085D910008599C000868
:100240005F9C0008659C00089B9C00080000000063
:10025000000000006B9D0008AB9D0008FD11020826
:10026000879C00088B9C00088F9C0008959C0008C8
:10027000A5110208B3220208BB110208BF1102082F
:10028000E311020839120208E71102089F9C0008D6
:10029000A39C0008A79C00080000000000000000CC
:1002A000699D00088F9D000869A10008719D0008E4
:1002B000AD9E000851A00008879D0008D3A4000847
:1002C000B5A40008A19F00088D9E0008619E00084B
:1002D0003D9E0008899D000868616E646C65203C45
:1002E000206E6F5F73747265616D7300546F756318
:1002F000684746582F7461726765742F67656E652D
:1003000072617465642F446F75626C6542756666D0
:1003100065726564566964656F436F6E74726F6C65
:100320006C65722E68707000302026262022556E73
:1003300061626C6520746F2066696E642066726508
:100340006520766964656F2073747265616D2068DD
:10035000616E646C652122003020262620227265A1
:10036000676973746572566964656F576964676518
:10037000743A20556E61626C6520746F20616C6CFC
:100380006F636174652074776F20524742206275F5
:100390006666657273212200636F6D7061746962B5
:1003A0006C654672616D6562756666657228426944
:1003B000746D61703A3A5247423536352920262607
:1003C00020225468652063686F73656E20706169D0
:1003D0006E746572206F6E6C7920776F726B73200C
:1003E00077697468205247423536352064697370E6
:1003F0006C61797322004D6964646C657761726524
:10040000732F53542F746F7563686766782F667205
:10041000616D65776F726B2F696E636C7564652FA4
:10042000746F7563686766782F776964676574733E
:100430002F63616E7661732F4162737472616374AE
:100440005061696E7465725247423536352E687058
:1004500070007769647468203E3D20444953504CD5
:1004600041595F57494454482026262068656967EA
:100470006874203E3D20444953504C41595F4845E3
:100480004947485420262620224672616D656275D0
:10049000666665722063616E6E6F7420626520739C
:1004A0006D616C6C6572207468616E206469737034
:1004B0006C617922006672616D654275666665726F
:1004C00020213D2030202626202241206672616DA9
:1004D0006562756666657220616464726573732017
:1004E0006D7573742062652073657422004D6964B4
:1004F000646C6577617265732F53542F746F7563E5
:10050000686766782F6672616D65776F726B2F69A9
:100510006E636C7564652F746F7563686766782F9A
:1005200068616C2F48414C2E68707000766F69646A
:1005300020446F75626C65427566666572656456C7
:100540006964656F436F6E74726F6C6C65723C6E3C
:100550006F5F73747265616D732C20776964746862
:100560002C206865696768742C20737472696465EF
:100570002C206F75747075745F666F726D61743E58
:100580003A3A736574436F6D6D616E6428746F756C
:1005900063686766783A3A566964656F436F6E744C
:1005A000726F6C6C65723A3A48616E646C652C20AF
:1005B000746F7563686766783A3A566964656F4325
:1005C0006F6E74726F6C6C65723A3A436F6D6D61E9
:1005D0006E642C2075696E7433325F7429205B77EA
:1005E000697468206C6F6E6720756E7369676E65DD
:1005F0006420696E74206E6F5F73747265616D73D1
:10060000203D20313B206C6F6E6720756E736967EB
:100610006E656420696E74207769647468203D207B
:100620003438303B206C6F6E6720756E7369676E6F
:10063000656420696E7420686569676874203D2070
:100640003237323B206C6F6E6720756E7369676E50
:10065000656420696E7420737472696465203D203E
:100660003936303B20746F7563686766783A3A4272
:1006700069746D61703A3A4269746D6170466F7267
:100680006D6174206F75747075745F666F726D61E3
:1006900074203D2028746F7563686766783A3A4223
:1006A00069746D61703A3A4269746D6170466F7237
:1006B0006D617429303B20746F7563686766783AA2
:1006C0003A566964656F436F6E74726F6C6C6572D5
:1006D0003A3A48616E646C65203D206C6F6E67200D
:1006E000756E7369676E656420696E743B20756909
:1006F0006E7433325F74203D206C6F6E6720756EB0
:100700007369676E656420696E745D00626F6F6CFB
:1007100020446F75626C65427566666572656456E5
:100720006964656F436F6E74726F6C6C65723C6E5A
:100730006F5F73747265616D732C20776964746880
:100740002C206865696768742C207374726964650D
:100750002C206F75747075745F666F726D61743E76
:100760003A3A7570646174654672616D6528746F9C
:100770007563686766783A3A566964656F436F6E69
:1007800074726F6C6C65723A3A48616E646C652C79
:1007900020746F7563686766783A3A566964656F66
:1007A0005769646765742629205B77697468206CD3
:1007B0006F6E6720756E7369676E656420696E740D
:1007C000206E6F5F73747265616D73203D20313BE5
:1007D000206C6F6E6720756E7369676E6564206943
:1007E0006E74207769647468203D203438303B2073
:1007F0006C6F6E6720756E7369676E656420696ED5
:100800007420686569676874203D203237323B2068
:100810006C6F6E6720756E7369676E656420696EB4
:100820007420737472696465203D203936303B2032
:10083000746F7563686766783A3A4269746D61707F
:100840003A3A4269746D6170466F726D6174206FDF
:1008500075747075745F666F726D6174203D2028C9
:10086000746F7563686766783A3A4269746D61704F
:100870003A3A4269746D6170466F726D61742930E5
:100880003B20746F7563686766783A3A56696465A9
:100890006F436F6E74726F6C6C65723A3A48616E3A
:1008A000646C65203D206C6F6E6720756E736967A0
:1008B0006E656420696E745D00626F6F6C20446FBA
:1008C00075626C65427566666572656456696465D5
:1008D0006F436F6E74726F6C6C65723C6E6F5F739A
:1008E000747265616D732C2077696474682C20685C
:1008F00065696768742C207374726964652C206F55
:1009000075747075745F666F726D61743E3A3A67A4
:1009100065744973506C6179696E6728746F75638B
:10092000686766783A3A566964656F436F6E7472A9
:100930006F6C6C65723A3A48616E646C6529205B35
:1009400077697468206C6F6E6720756E7369676E67
:10095000656420696E74206E6F5F73747265616D7B
:1009600073203D20313B206C6F6E6720756E73697C
:10097000676E656420696E74207769647468203DD1
:10098000203438303B206C6F6E6720756E7369675A
:100990006E656420696E7420686569676874203DBF
:1009A000203237323B206C6F6E6720756E7369673B
:1009B0006E656420696E7420737472696465203D8D
:1009C000203936303B20746F7563686766783A3A31
:1009D0004269746D61703A3A4269746D6170466F34
:1009E000726D6174206F75747075745F666F726D6F
:1009F0006174203D2028746F7563686766783A3AA1
:100A00004269746D61703A3A4269746D6170466F03
:100A1000726D617429303B20746F75636867667806
:100A20003A3A566964656F436F6E74726F6C6C65A9
:100A3000723A3A48616E646C65203D206C6F6E6757
:100A400020756E7369676E656420696E745D0076EB
:100A50006F696420446F75626C6542756666657285
:100A60006564566964656F436F6E74726F6C6C6514
:100A7000723C6E6F5F73747265616D732C20776961
:100A80006474682C206865696768742C20737472BC
:100A90006964652C206F75747075745F666F726D14
:100AA00061743E3A3A7365744672616D6552617461
:100AB0006528746F7563686766783A3A5669646545
:100AC0006F436F6E74726F6C6C65723A3A48616E08
:100AD000646C652C2075696E7433325F742C2075DC
:100AE000696E7433325F7429205B77697468206C97
:100AF0006F6E6720756E7369676E656420696E74CA
:100B0000206E6F5F73747265616D73203D20313BA1
:100B1000206C6F6E6720756E7369676E65642069FF
:100B20006E74207769647468203D203438303B202F
:100B30006C6F6E6720756E7369676E656420696E91
:100B40007420686569676874203D203237323B2025
:100B50006C6F6E6720756E7369676E656420696E71
:100B60007420737472696465203D203936303B20EF
:100B7000746F7563686766783A3A4269746D61703C
:100B80003A3A4269746D6170466F726D6174206F9C
:100B900075747075745F666F726D6174203D202886
:100BA000746F7563686766783A3A4269746D61700C
:100BB0003A3A4269746D6170466F726D61742930A2
:100BC0003B20746F7563686766783A3A5669646566
:100BD0006F436F6E74726F6C6C65723A3A48616EF7
:100BE000646C65203D206C6F6E6720756E7369675D
:100BF0006E656420696E743B2075696E7433325F74
:100C000074203D206C6F6E6720756E7369676E652A
:100C10006420696E745D00746F7563686766783A06
:100C20003A566964656F436F6E74726F6C6C65726F
:100C30003A3A48616E646C6520446F75626C654237
:100C400075666665726564566964656F436F6E7438
:100C5000726F6C6C65723C6E6F5F73747265616D00
:100C6000732C2077696474682C20686569676874E0
:100C70002C207374726964652C206F7574707574A0
:100C80005F666F726D61743E3A3A6765744672656D
:100C90006548616E646C652829205B7769746820FB
:100CA0006C6F6E6720756E7369676E656420696E20
:100CB00074206E6F5F73747265616D73203D2031B7
:100CC0003B206C6F6E6720756E7369676E6564207C
:100CD000696E74207769647468203D203438303B35
:100CE000206C6F6E6720756E7369676E656420692E
:100CF0006E7420686569676874203D203237323B26
:100D0000206C6F6E6720756E7369676E656420690D
:100D10006E7420737472696465203D203936303BEF
:100D200020746F7563686766783A3A4269746D61DA
:100D3000703A3A4269746D6170466F726D617420E9
:100D40006F75747075745F666F726D6174203D208D
:100D500028746F7563686766783A3A4269746D61A2
:100D6000703A3A4269746D6170466F726D617429B0
:100D7000303B20746F7563686766783A3A566964E9
:100D8000656F436F6E74726F6C6C65723A3A48614E
:100D90006E646C65203D206C6F6E6720756E7369A4
:100DA000676E656420696E745D00766F69642044C7
:100DB0006F75626C654275666665726564566964D6
:100DC000656F436F6E74726F6C6C65723C6E6F5FB3
:100DD00073747265616D732C2077696474682C205C
:100DE0006865696768742C207374726964652C2067
:100DF0006F75747075745F666F726D61743E3A3AA8
:100E0000676574566964656F496E666F726D61746B
:100E1000696F6E28746F7563686766783A3A5669C9
:100E200064656F436F6E74726F6C6C65723A3A48AA
:100E3000616E646C652C20746F7563686766783AC0
:100E40003A566964656F496E666F726D6174696F59
:100E50006E2A29205B77697468206C6F6E67207535
:100E60006E7369676E656420696E74206E6F5F7360
:100E7000747265616D73203D20313B206C6F6E672D
:100E800020756E7369676E656420696E742077697A
:100E9000647468203D203438303B206C6F6E6720CE
:100EA000756E7369676E656420696E742068656924
:100EB000676874203D203237323B206C6F6E6720AC
:100EC000756E7369676E656420696E7420737472E1
:100ED000696465203D203936303B20746F75636846
:100EE0006766783A3A4269746D61703A3A42697459
:100EF0006D6170466F726D6174206F75747075747A
:100F00005F666F726D6174203D2028746F75636831
:100F10006766783A3A4269746D61703A3A42697428
:100F20006D6170466F726D617429303B20746F750E
:100F300063686766783A3A566964656F436F6E74A2
:100F4000726F6C6C65723A3A48616E646C65203DF4
:100F5000206C6F6E6720756E7369676E65642069BB
:100F60006E745D00746F7563686766783A3A5669A7
:100F700064656F436F6E74726F6C6C65723A3A4859
:100F8000616E646C6520446F75626C65427566665F
:100F900065726564566964656F436F6E74726F6CD9
:100FA0006C65723C6E6F5F73747265616D732C203B
:100FB00077696474682C206865696768742C20738D
:100FC00074726964652C206F75747075745F666FD8
:100FD000726D61743E3A3A726567697374657256F0
:100FE0006964656F57696467657428746F756368B1
:100FF0006766783A3A566964656F576964676574DD
:101000002629205B77697468206C6F6E6720756E87
:101010007369676E656420696E74206E6F5F7374A8
:101020007265616D73203D20313B206C6F6E6720CF
:10103000756E7369676E656420696E742077696484
:101040007468203D203438303B206C6F6E6720750B
:101050006E7369676E656420696E74206865696780
:101060006874203D203237323B206C6F6E672075EC
:101070006E7369676E656420696E7420737472693B
:101080006465203D203936303B20746F7563686796
:1010900066783A3A4269746D61703A3A4269746DA1
:1010A0006170466F726D6174206F75747075745FD6
:1010B000666F726D6174203D2028746F7563686778
:1010C00066783A3A4269746D61703A3A4269746D71
:1010D0006170466F726D617429303B20746F756367
:1010E000686766783A3A566964656F436F6E7472E2
:1010F0006F6C6C65723A3A48616E646C65203D2095
:101100006C6F6E6720756E7369676E656420696EBB
:10111000745D0075696E7433325F7420446F75625C
:101120006C654275666665726564566964656F4391
:101130006F6E74726F6C6C65723C6E6F5F737472FD
:1011400065616D732C2077696474682C206865690B
:101150006768742C207374726964652C206F7574D1
:101160007075745F666F726D61743E3A3A6765744C
:1011700043757272656E744672616D654E756D620F
:10118000657228746F7563686766783A3A56696461
:10119000656F436F6E74726F6C6C65723A3A48613A
:1011A0006E646C6529205B77697468206C6F6E676C
:1011B00020756E7369676E656420696E74206E6F4A
:1011C0005F73747265616D73203D20313B206C6FDD
:1011D0006E6720756E7369676E656420696E742032
:1011E0007769647468203D203438303B206C6F6E22
:1011F0006720756E7369676E656420696E74206818
:101200006569676874203D203237323B206C6F6E11
:101210006720756E7369676E656420696E742073EC
:101220007472696465203D203936303B20746F75D7
:1012300063686766783A3A4269746D61703A3A4217
:1012400069746D6170466F726D6174206F75747032
:1012500075745F666F726D6174203D2028746F75C0
:1012600063686766783A3A4269746D61703A3A42E7
:1012700069746D6170466F726D617429303B2075C1
:10128000696E7433325F74203D206C6F6E67207519
:101290006E7369676E656420696E743B20746F7548
:1012A00063686766783A3A566964656F436F6E742F
:1012B000726F6C6C65723A3A48616E646C65203D81
:1012C000206C6F6E6720756E7369676E6564206948
:1012D0006E745D00746F7563686766783A3A416250
:1012E0007374726163745061696E746572524742BF
:1012F0003536353A3A41627374726163745061698C
:101300006E74657252474235363528290076697207
:101310007475616C20766F696420746F756368679B
:1013200066783A3A48414C3A3A7365744672616D50
:101330006542756666657253697A652875696E746B
:1013400031365F742C2075696E7431365F742900F4
:101350007669727475616C20766F696420746F753C
:1013600063686766783A3A48414C3A3A736574461E
:1013700072616D654275666665725374617274411F
:10138000646472657373657328766F69642A2C20B0
:10139000766F69642A2C20766F69642A29003020D0
:1013A00026262022556E737570706F7274656420E6
:1013B000666F726D61742200302026262022556EE1
:1013C000737570706F7274656420466F726D6174AE
:1013D000212200546F7563684746582F7461726705
:1013E00065742F67656E6572617465642F53544D23
:1013F0003332444D412E6370700000000000000045
:1014000000000000F1A50008D50A020899A500080F
:10141000A9A500083D0B0208A3A500089FA5000888
:1014200079A8000899A80008EB090208610B0208D6
:10143000E509020885A60008EDA70008770A02085A
:10144000790A0208770A0208210B02087669727489
:1014500075616C20766F69642053544D3332444D6E
:10146000413A3A736574757044617461436F707981
:1014700028636F6E737420746F7563686766783A5B
:101480003A426C69744F7026290075696E74333264
:101490005F742053544D3332444D413A3A6765747A
:1014A0004368726F6D415254496E707574466F7225
:1014B0006D617428746F7563686766783A3A42693B
:1014C000746D61703A3A4269746D6170466F726D05
:1014D0006174290075696E7433325F742053544D02
:1014E0003332444D413A3A6765744368726F6D41D7
:1014F00052544F7574707574466F726D61742874B0
:101500006F7563686766783A3A4269746D61703ADC
:101510003A4269746D6170466F726D61742900287A
:101520006672616D655F6275666665725F73656D33
:1015300020213D204E554C4C292026262022437246
:10154000656174696F6E206F66206672616D656299
:1015500075666665722073656D6170686F7265206F
:101560006661696C65642200546F7563684746580C
:101570002F7461726765742F67656E65726174653B
:10158000642F4F5357726170706572732E63707061
:1015900000287673796E635F717565756520213DEE
:1015A000204E554C4C29202626202243726561741A
:1015B000696F6E206F66207673796E63206D657338
:1015C00073616765207175657565206661696C6515
:1015D00064220073746174696320766F6964207497
:1015E0006F7563686766783A3A4F535772617070E7
:1015F0006572733A3A696E697469616C697A6528D3
:10160000290000000000000000000000C5AA00083A
:10161000D9AA00080BF801081FF80108DFF7010834
:10162000E3F7010805F8010853AA000857AA0008C3
:101630005BAA000863AA0008000000000000000088
:1016400099AA0008ADAA00080BF801081FF80108C4
:10165000DFF70108E3F7010805F8010831AA0008DF
:1016600035AA00083BAA000847AA000800000000AD
:101670000000000071AA000885AA00080BF8010804
:101680001FF80108DFF70108E3F7010805F8010872
:1016900015AA000819AA00081DAA000827AA000810
:1016A0000000000000000000EDAA000815AB0008D3
:1016B0006BAA00086C696E654275666665722026C5
:1016C0002620224C696E65427566666572206D75CE
:1016D00073742062652061737369676E656420703E
:1016E00072696F7220746F206465636F64696E67DE
:1016F000206469726563746C7920746F206672610E
:101700006D656275666665722200286672616D6538
:101710004E756D626572203E2030292026262022DB
:10172000536F6674776172654D4A504547446563EF
:101730006F646572206465636F64696E67207769A2
:1017400074686F7574206672616D65206461746180
:10175000212200546F7563684746582F7461726781
:1017600065742F67656E6572617465642F536F666B
:1017700074776172654D4A5045474465636F64658F
:10178000722E63707000524946460021225249462B
:101790004620686561646572206E6F7420666F759F
:1017A0006E6422004156492000212241564920689A
:1017B0006561646572206E6F7420666F756E642259
:1017C000004C495354002122415649204C4953545E
:1017D000206E6F7420666F756E6422006176694CAE
:1017E00069737453697A65006864726C0061766924
:1017F00068006D6F76690069647831002122427556
:101800006666657220746F20736D616C6C220000D7
:1018100000000000000000006F9D000865A40008A3
:10182000C5B30008D1B30008CFAD00080DB400085F
:10183000C9AF000865B00008F5AD00089DB100080B
:10184000C5AD0008E1AD0008E5AD0008C9AD000870
:101850007669727475616C20626F6F6C20536F666D
:1018600074776172654D4A5045474465636F64659E
:10187000723A3A6465636F64654672616D652863A8
:101880006F6E737420746F7563686766783A3A5246
:10189000656374262C2075696E74385F742A2C2059
:1018A00075696E7433325F7429007669727475617C
:1018B0006C20626F6F6C20536F6674776172654D38
:1018C0004A5045474465636F6465723A3A676F747E
:1018D0006F4E6578744672616D652829007669726D
:1018E0007475616C20626F6F6C20536F66747761E2
:1018F00072654D4A5045474465636F6465723A3A74
:101900006465636F64654E6578744672616D6528C1
:1019100075696E74385F742A2C2075696E7431365F
:101920005F742C2075696E7431365F742C20756974
:101930006E7433325F7429007669727475616C203D
:10194000626F6F6C20536F6674776172654D4A5099
:1019500045474465636F6465723A3A6465636F64D2
:10196000655468756D626E61696C2875696E743353
:10197000325F742C2075696E74385F742A2C207560
:10198000696E7431365F742C2075696E7431365F00
:10199000742900766F696420536F6674776172658D
:1019A0004D4A5045474465636F6465723A3A7265C3
:1019B0006164566964656F486561646572282900D1
:1019C000636F6E73742075696E74385F742A205368
:1019D0006F6674776172654D4A5045474465636F21
:1019E0006465723A3A72656164446174612875692C
:1019F0006E7433325F742C2075696E7433325F7489
:101A000029000000000000000000000013AA0008E8
:101A10005FAC0008099C0008F99D0008D9B40008D3
:101A20004BFE010881B5000815B5000891FD0108BD
:101A30009FFD010845090208E9FF01080DB50008EE
:101A40006DB50008479F000859050208A7FD010869
:101A50008D01020885040208EF040208E90102086A
:101A6000E9060208210602087D0802084D02020864
:101A7000F9FF01086D070208F1070208319F00080D
:101A800071B5000875B5000879B500087DB5000886
:101A9000159C0008B99D0008199C00082101020846
:101AA0002D9C0008319C00083B9C0008419C0008CC
:101AB00063FD0108A102020869FE0108219F0008D8
:101AC000259F000811B5000801000208FF00020868
:101AD000599F0008119D0008119D0008000000009A
:101AE000000000000DAA000835AC000831B700085E
:101AF00045B700080000000000000000F5B700082E
:101B0000D5B40008A1B5000825B8000831B8000810
:101B10003DB80008EDB70008F1B70008000000006C
:101B2000000000000102030406070809000000008D
:101B300001020304CD1B04080000000000000000A7
:101B40000000000000000000000400000800000089
:101B50000000000000000000DF1B0408000000007F
:101B60000000000000000000000000000040000035
:101B7000180000000000000000000000EC1B04083A
:101B80000000000000000000000000000000000055
:101B9000000200001800000000000000000000002B
:101BA000B81B040800000000000000000000000056
:101BB000000000000000000064697374616E6365DA
:101BC0005F73656E736F725F646174610047657403
:101BD0004461746100766964656F5461736B00548D
:101BE0006F7563684746585461736B00646566613E
:101BF000756C745461736B00D51B04080000000001
:101C0000000000000000000000000000A00F000025
:101C100008000000000000000000000049444C459E
:101C200000546D725100546D722053766300040AA3
:101C300010161C22282E343A03090F151B21272DBC
:101C40003339060C12181E242A30363C050B1117A6
:101C50001D23292F353B000081011D5A0E028625C8
:101C60001003141112040B081405D8031706DA0127
:101C70001907E5001C086F001E093600210A1A002A
:101C8000230B0D00090C06000A0D03000C0D0100CA
:101C90008F0F7F5A2410253F2611F22C27127C200B
:101CA0002813B9172A1482112B15EF0C2D16A10930
:101CB0002E172F0730185C0531190604331A030359
:101CC000341B4002361CB101381D4401391EF50099
:101CD0003B1FB7003C208A003E2168003F224E0097
:101CE00020233B0021092C00A525E15A40264C4821
:101CF00041270D3A4328F12E44291F26452A331F38
:101D0000462BA819482C1815492D77114A2E740E08
:101D10004B2FFB0B4D30F8094E3161084F3206074F
:101D20003033CD053234DE0432350F0433366303ED
:101D30003437D40235385C023639F801373AA40119
:101D4000383B6001393C25013A3DF6003B3ECB0073
:101D50003D3FAB003D208F00C141125B5042044D1E
:101D600051432C415244D8375345E82F54463C291F
:101D7000564779235748DF1E5749A91A484A4E1734
:101D8000484B24144A4C9C114A4D6B0F4B4E510D3D
:101D90004D4FB60B4D30400AD051325858521C4D61
:101DA00059538E435A54DD3B5B55EE345C56AE2E90
:101DB0005D579A2956471625D85970555F5AA94C30
:101DC000605BD944615C223E635D2438635EB4325B
:101DD0005D56172EDF60A8566561464F6662E5477F
:101DE0006763CF4168643D3C635D5E37696631522D
:101DF0006A670F4C6B68394667635E41E96A27562C
:101E00006C6BE7506D67854B6E6D97556F6B4F50E0
:101E1000EE6F105A706D2255F06FEB5971711D5AAB
:101E2000FFD9000000000000000000000000F03FAB
:101E3000EF6148B15031F63FCA6F4D91AEE7F43FC4
:101E4000AA116CEF62D0F23F000000000000F03FEA
:101E50003BBFA7C06924E93FBB20C77B7A51E13F64
:101E60005DAB72DE55A8D13F0040C5589F53424B31
:101E700000404932A322A811C558217BFC73626837
:101E8000C558BF450B307E189F53FC73416D54629B
:101E90009F53B341412D1217424B626854627E58E2
:101EA000424B213BBA28C3140040C5589F53424BB4
:101EB00000404932A322A8114932BF45B341213B1A
:101EC00049328227371BE00DA3220B30412DBA285F
:101ED000A322371BBF128E09A8117E181217C31434
:101EE000A811E00D8E09DF040000000001000000D1
:101EF00003000000070000000F0000001F000000AA
:101F00003F0000007F000000FF000000FF01000014
:101F1000FF030000FF070000FF0F0000FF1F00008D
:101F2000FF3F0000FF7F00000000000001000000F4
:101F300005000000060000000E0000000F00000079
:101F40001B0000001C000000020000000400000054
:101F5000070000000D000000100000001A00000043
:101F60001D0000002A00000003000000080000001F
:101F70000C00000011000000190000001E0000000D
:101F8000290000002B000000090000000B000000E9
:101F900012000000180000001F00000028000000D0
:101FA0002C000000350000000A00000013000000B3
:101FB0001700000020000000270000002D00000096
:101FC000340000003600000014000000160000007D
:101FD00021000000260000002E0000003300000059
:101FE000370000003C000000150000002200000047
:101FF000250000002F000000320000003800000023
:102000003B0000003D000000230000002400000011
:102010003000000031000000390000003A000000EC
:102020003E0000003F000000000000000100000032
:10203000020000000300000000000000010000009A
:10204000050000000200000004000000060000007F
:10205000030000000700000008000000000000006E
:102060000100000005000000060000000200000062
:1020700004000000070000000C0000000300000046
:10208000080000000B0000000D0000000900000027
:102090000A0000000E0000000F0000000000000019
:1020A0000100000005000000060000000E00000016
:1020B0000200000004000000070000000D00000006
:1020C0000F00000003000000080000000C000000EA
:1020D0001000000015000000090000000B000000C7
:1020E0001100000014000000160000000A000000AB
:1020F000120000001300000017000000180000008C
:1021000000000000010000000500000006000000C3
:102110000E0000000F00000002000000040000009C
:10212000070000000D000000100000001900000072
:1021300003000000080000000C0000001100000077
:10214000180000001A000000090000000B00000049
:1021500012000000170000001B000000200000001B
:102160000A00000013000000160000001C00000020
:102170001F000000210000001400000015000000F6
:102180001D0000001E0000002200000023000000CF
:102190000000000001000000050000000600000033
:1021A0000E0000000F0000001B00000002000000F5
:1021B00004000000070000000D00000010000000F7
:1021C0001A0000001C0000000300000008000000CE
:1021D0000C00000011000000190000001D000000AC
:1021E00026000000090000000B00000012000000A3
:1021F000180000001E00000025000000270000005D
:102200000A00000013000000170000001F0000007B
:1022100024000000280000002D0000001400000031
:10222000160000002000000023000000290000002C
:102230002C0000002E00000015000000210000000E
:10224000220000002A0000002B0000002F000000E8
:1022500030000000542404086A2404088A24040876
:10226000AF240408C9240408E8240408FD24040851
:102270001A2504084425040884250408A325040815
:10228000BA250408D0250408E425040821260408FA
:10229000512604086D26040890260408C726040861
:1022A000FE26040815270408352704085F270408BC
:1022B000AC270408C7270408F22704080E280408DE
:1022C00033280408592804087E28040891280408A3
:1022D000A6280408B9280408CC280408F128040812
:1022E000062904081A2904083B290408512904086E
:1022F00080290408A8290408C9290408EA2904082F
:10230000192A04082A2A0408462A0408842A0408E8
:10231000AB2A0408D22A0408E62A0408142B04086D
:102320003C2B0408582B04087D2B04089F2B040821
:10233000C92B0408F42B0408122C0408402C0408B0
:10234000682C04088F2C0408BC2C0408EC2C04080E
:10235000162D0408432D04086F2D0408922D04083F
:10236000B02D0408CE2D0408042E04082E2E0408D7
:102370004D2E0408702E0408972E0408AC2E040875
:10238000C02E0408F52E0408052F0408432F040866
:10239000852F0408AF2F0408DB2F0408023004083F
:1023A0001E300408493004086430040878300408FA
:1023B0008F3004089C300408C4300408F930040845
:1023C000353104086331040884310408AB31040852
:1023D000C4310408EC3104080F3204082732040821
:1023E0004B3204084736040870320408A932040846
:1023F000E332040802330408113304082E330408BE
:102400004C33040869330408823304089B330408FE
:10241000DD330408173404084D34040881340408FB
:1024200095340408AC340408D2340408F9340408A0
:102430003B35040877350408A8350408CC35040872
:10244000FA350408153604084D36040878360408B1
:1024500000000000426F677573206D6573736167DC
:102460006520636F646520256400414C49474E5FD9
:10247000545950452069732077726F6E672C207015
:102480006C6561736520666978004D41585F414C09
:102490004C4F435F4348554E4B2069732077726F12
:1024A0006E672C20706C65617365206669780042E8
:1024B0006F6775732062756666657220636F6E74F0
:1024C000726F6C206D6F646500496E76616C696433
:1024D00020636F6D706F6E656E74204944202564B3
:1024E00020696E20534F5300496E76616C696420F9
:1024F00063726F7020726571756573740044435424
:1025000020636F656666696369656E74206F7574B4
:10251000206F662072616E676500444354207363C8
:10252000616C656420626C6F636B2073697A6520EF
:102530002564782564206E6F7420737570706F72D7
:1025400074656400436F6D706F6E656E7420696EA4
:102550006465782025643A206D69736D61746368E1
:10256000696E672073616D706C696E67207261744B
:10257000696F2025643A25642C2025643A25642C53
:1025800020256300426F67757320487566666D612C
:102590006E207461626C6520646566696E69746939
:1025A0006F6E00426F67757320696E70757420637B
:1025B0006F6C6F72737061636500426F6775732033
:1025C0004A50454720636F6C6F727370616365009A
:1025D000426F677573206D61726B6572206C656EFA
:1025E0006774680057726F6E67204A504547206CC9
:1025F0006962726172792076657273696F6E3A20D2
:102600006C6962726172792069732025642C206381
:10261000616C6C65722065787065637473202564E5
:102620000053616D706C696E6720666163746F72D0
:102630007320746F6F206C6172676520666F722003
:10264000696E7465726C6561766564207363616E32
:1026500000496E76616C6964206D656D6F727920DA
:10266000706F6F6C20636F646520256400556E7316
:102670007570706F72746564204A504547206461BC
:10268000746120707265636973696F6E20256400E0
:10269000496E76616C69642070726F6772657373DE
:1026A00069766520706172616D657465727320531F
:1026B000733D25642053653D25642041683D2564B4
:1026C00020416C3D256400496E76616C6964207020
:1026D000726F677265737369766520706172616D80
:1026E0006574657273206174207363616E20736317
:1026F0007269707420656E74727920256400426F6F
:102700006775732073616D706C696E6720666163B5
:10271000746F727300496E76616C696420736361D3
:102720006E2073637269707420617420656E7472B8
:102730007920256400496D70726F70657220636145
:102740006C6C20746F204A504547206C696272613E
:10275000727920696E207374617465202564004A63
:1027600050454720706172616D65746572207374A5
:1027700072756374206D69736D617463683A206C5F
:10278000696272617279207468696E6B7320736913
:102790007A652069732025752C2063616C6C6572E5
:1027A000206578706563747320257500426F6775C6
:1027B00073207669727475616C2061727261792020
:1027C000616363657373004275666665722070614C
:1027D0007373656420746F204A504547206C6962AA
:1027E0007261727920697320746F6F20736D616CF0
:1027F0006C0053757370656E73696F6E206E6F74C5
:1028000020616C6C6F776564206865726500434376
:1028100049523630312073616D706C696E67206E7D
:102820006F7420696D706C656D656E746564207978
:10283000657400546F6F206D616E7920636F6C6FEB
:102840007220636F6D706F6E656E74733A202564CD
:102850002C206D617820256400556E737570706F43
:102860007274656420636F6C6F7220636F6E76653F
:102870007273696F6E207265717565737400426F53
:102880006775732044414320696E64657820256430
:1028900000426F677573204441432076616C756513
:1028A000203078257800426F6775732044485420A3
:1028B000696E64657820256400426F6775732044F3
:1028C000515420696E64657820256400456D7074EC
:1028D00079204A50454720696D6167652028444E3C
:1028E0004C206E6F7420737570706F7274656429FC
:1028F00000526561642066726F6D20454D532066FD
:1029000061696C656400577269746520746F204555
:102910004D53206661696C6564004469646E277478
:1029200020657870656374206D6F726520746861CE
:102930006E206F6E65207363616E00496E707574F2
:102940002066696C652072656164206572726F72C1
:10295000004F75747075742066696C6520777269B4
:102960007465206572726F72202D2D2D206F757425
:10297000206F66206469736B2073706163653F002C
:102980004672616374696F6E616C2073616D706C07
:10299000696E67206E6F7420696D706C656D656E11
:1029A0007465642079657400487566666D616E2093
:1029B000636F64652073697A65207461626C652059
:1029C0006F766572666C6F77004D697373696E67B9
:1029D00020487566666D616E20636F646520746162
:1029E000626C6520656E747279004D6178696D75F1
:1029F0006D20737570706F7274656420696D6167A6
:102A0000652064696D656E73696F6E20697320253A
:102A10007520706978656C7300456D7074792069F4
:102A20006E7075742066696C65005072656D6174B6
:102A300075726520656E64206F6620696E707574AE
:102A40002066696C650043616E6E6F7420747261FC
:102A50006E73636F64652064756520746F206D7597
:102A60006C7469706C6520757365206F6620717574
:102A7000616E74697A6174696F6E207461626C65ED
:102A8000202564005363616E207363726970742043
:102A9000646F6573206E6F74207472616E736D69FC
:102AA0007420616C6C206461746100496E76616CA5
:102AB000696420636F6C6F72207175616E74697ADE
:102AC0006174696F6E206D6F6465206368616E6705
:102AD00065004E6F7420696D706C656D656E746510
:102AE000642079657400526571756573746564203E
:102AF0006665617475726520776173206F6D6974A6
:102B000074656420617420636F6D70696C652074F6
:102B1000696D650041726974686D657469632074DC
:102B200061626C65203078253032782077617320BF
:102B30006E6F7420646566696E6564004261636BE4
:102B4000696E672073746F7265206E6F7420737581
:102B500070706F7274656400487566666D616E2092
:102B60007461626C6520307825303278207761732B
:102B7000206E6F7420646566696E6564004A504516
:102B800047206461746173747265616D20636F6E58
:102B90007461696E73206E6F20696D6167650051A5
:102BA00075616E74697A6174696F6E207461626CAC
:102BB000652030782530327820776173206E6F740D
:102BC00020646566696E6564004E6F742061204AFA
:102BD0005045472066696C653A207374617274735E
:102BE0002077697468203078253032782030782555
:102BF00030327800496E73756666696369656E7414
:102C0000206D656D6F72792028636173652025647E
:102C1000290043616E6E6F74207175616E74697AFC
:102C200065206D6F7265207468616E202564206375
:102C30006F6C6F7220636F6D706F6E656E74730072
:102C400043616E6E6F74207175616E74697A652070
:102C5000746F206665776572207468616E202564E4
:102C600020636F6C6F72730043616E6E6F742071BE
:102C700075616E74697A6520746F206D6F7265205E
:102C80007468616E20256420636F6C6F72730049F5
:102C90006E76616C6964204A5045472066696C65B0
:102CA000207374727563747572653A2074776F203F
:102CB000534F46206D61726B65727300496E766189
:102CC0006C6964204A5045472066696C65207374BE
:102CD000727563747572653A206D697373696E6796
:102CE00020534F53206D61726B657200556E737582
:102CF00070706F72746564204A5045472070726F1F
:102D0000636573733A20534F4620747970652030A1
:102D1000782530327800496E76616C6964204A50BB
:102D200045472066696C65207374727563747572AB
:102D3000653A2074776F20534F49206D61726B653F
:102D4000727300496E76616C6964204A5045472071
:102D500066696C65207374727563747572653A2068
:102D6000534F53206265666F726520534F4600468D
:102D700061696C656420746F20637265617465209D
:102D800074656D706F726172792066696C6520255B
:102D9000730052656164206661696C6564206F6EC2
:102DA0002074656D706F726172792066696C650060
:102DB0005365656B206661696C6564206F6E207475
:102DC000656D706F726172792066696C650057720B
:102DD000697465206661696C6564206F6E20746536
:102DE0006D706F726172792066696C65202D2D2D72
:102DF000206F7574206F66206469736B2073706137
:102E000063653F004170706C69636174696F6E2027
:102E10007472616E7366657272656420746F6F2080
:102E2000666577207363616E6C696E657300556EBD
:102E3000737570706F72746564206D61726B65720A
:102E400020747970652030782530327800566972A8
:102E50007475616C20617272617920636F6E747237
:102E60006F6C6C6572206D6573736564207570009E
:102E7000496D61676520746F6F20776964652066AE
:102E80006F72207468697320696D706C656D656E12
:102E9000746174696F6E00526561642066726F6D53
:102EA00020584D53206661696C65640057726974DF
:102EB0006520746F20584D53206661696C6564000D
:102EC000436F707972696768742028432920323013
:102ED00031322C2054686F6D617320472E204C6175
:102EE0006E652C20477569646F20566F6C6C626547
:102EF00064696E67003864202031352D4A616E2D7B
:102F0000323031320043617574696F6E3A207175E9
:102F1000616E74697A6174696F6E207461626C6548
:102F2000732061726520746F6F20636F61727365C7
:102F300020666F7220626173656C696E65204A500D
:102F400045470041646F6265204150503134206D27
:102F500061726B65723A2076657273696F6E2025B7
:102F6000642C20666C6167732030782530347820BB
:102F70003078253034782C207472616E73666F72ED
:102F80006D20256400556E6B6E6F776E204150503A
:102F900030206D61726B657220286E6F74204A4616
:102FA0004946292C206C656E67746820257500558C
:102FB0006E6B6E6F776E204150503134206D6172B0
:102FC0006B657220286E6F742041646F6265292CD6
:102FD000206C656E67746820257500446566696EAF
:102FE000652041726974686D65746963205461621B
:102FF0006C65203078253032783A203078253032B0
:103000007800446566696E6520487566666D616E18
:10301000205461626C652030782530327800446538
:1030200066696E65205175616E74697A6174696F45
:103030006E205461626C6520256420207072656387
:103040006973696F6E20256400446566696E65204A
:103050005265737461727420496E74657276616C26
:1030600020257500467265656420454D53206861D2
:103070006E646C65202575004F627461696E6564CD
:1030800020454D532068616E646C652025750045B0
:103090006E64204F6620496D616765002020202006
:1030A000202020202533642025336420253364200C
:1030B00025336420253364202533642025336420A0
:1030C000253364004A4649462041505030206D6106
:1030D000726B65723A2076657273696F6E20256433
:1030E0002E253032642C2064656E73697479202536
:1030F0006478256420202564005761726E696E67CC
:103100003A207468756D626E61696C20696D6167E3
:10311000652073697A6520646F6573206E6F742013
:103120006D617463682064617461206C656E67749E
:1031300068202575004A46494620657874656E7397
:10314000696F6E206D61726B65723A20747970657B
:10315000203078253032782C206C656E67746820BA
:103160002575002020202077697468202564207848
:10317000202564207468756D626E61696C20696DCC
:10318000616765004D697363656C6C616E656F7531
:1031900073206D61726B6572203078253032782C27
:1031A000206C656E67746820257500556E657870B3
:1031B0006563746564206D61726B6572203078257B
:1031C0003032780020202020202020202534752037
:1031D0002534752025347520253475202534752037
:1031E0002534752025347520253475005175616EA0
:1031F00074697A696E6720746F202564203D2025EC
:10320000642A25642A256420636F6C6F72730051F1
:1032100075616E74697A696E6720746F2025642009
:10322000636F6C6F72730053656C656374656420C3
:10323000256420636F6C6F727320666F72207175E6
:10324000616E74697A6174696F6E004174206D619A
:10325000726B6572203078253032782C207265636D
:103260006F7665727920616374696F6E20256400E2
:10327000536D6F6F7468696E67206E6F742073751D
:1032800070706F727465642077697468206E6F6EF9
:103290007374616E646172642073616D706C696EC9
:1032A0006720726174696F73005374617274204F88
:1032B00066204672616D65203078253032783A207C
:1032C00077696474683D25752C2068656967687442
:1032D0003D25752C20636F6D706F6E656E74733D48
:1032E00025640020202020436F6D706F6E656E7422
:1032F0002025643A202564687825647620713D2570
:1033000064005374617274206F6620496D61676553
:10331000005374617274204F66205363616E3A20CB
:10332000256420636F6D706F6E656E74730020206E
:103330002020436F6D706F6E656E742025643A2097
:1033400064633D25642061633D2564002020537340
:103350003D25642C2053653D25642C2041683D2586
:10336000642C20416C3D256400436C6F73656420C0
:1033700074656D706F726172792066696C65202565
:1033800073004F70656E65642074656D706F726157
:1033900072792066696C65202573004A464946208B
:1033A000657874656E73696F6E206D61726B65729E
:1033B0003A204A5045472D636F6D7072657373658F
:1033C00064207468756D626E61696C20696D6167F7
:1033D000652C206C656E677468202575004A464927
:1033E0004620657874656E73696F6E206D61726BCF
:1033F00065723A2070616C65747465207468756DCF
:10340000626E61696C20696D6167652C206C656E08
:10341000677468202575004A4649462065787465BA
:103420006E73696F6E206D61726B65723A205247E0
:1034300042207468756D626E61696C20696D6167A8
:10344000652C206C656E67746820257500556E725A
:1034500065636F676E697A656420636F6D706F6E08
:10346000656E7420494473202564202564202564FA
:103470002C20617373756D696E67205943624372C6
:1034800000467265656420584D532068616E646C17
:1034900065202575004F627461696E656420584D22
:1034A000532068616E646C6520257500556E6B6EE7
:1034B0006F776E2041646F626520636F6C6F72205E
:1034C0007472616E73666F726D20636F6465202520
:1034D0006400436F7272757074204A5045472064CF
:1034E0006174613A206261642061726974686D651B
:1034F00074696320636F646500496E636F6E7369FE
:103500007374656E742070726F6772657373696F20
:103510006E2073657175656E636520666F722063DA
:103520006F6D706F6E656E7420256420636F6566C5
:1035300066696369656E7420256400436F727275F5
:103540007074204A50454720646174613A202575A3
:103550002065787472616E656F7573206279746529
:1035600073206265666F7265206D61726B65722093
:1035700030782530327800436F7272757074204A4B
:1035800050454720646174613A207072656D6174C2
:1035900075726520656E64206F66206461746120B9
:1035A0007365676D656E7400436F72727570742019
:1035B0004A50454720646174613A20626164204842
:1035C0007566666D616E20636F6465005761726E2B
:1035D000696E673A20756E6B6E6F776E204A46494A
:1035E00046207265766973696F6E206E756D6265CF
:1035F000722025642E25303264005072656D61742E
:1036000075726520656E64206F66204A50454720BC
:1036100066696C6500436F7272757074204A50451C
:103620004720646174613A20666F756E64206D6135
:10363000726B65722030782530327820696E737431
:10364000656164206F6620525354256400496E768C
:10365000616C696420534F5320706172616D6574B1
:1036600065727320666F722073657175656E74691B
:10367000616C204A504547004170706C6963617409
:10368000696F6E207472616E736665727265642014
:10369000746F6F206D616E79207363616E6C696EFB
:1036A0006573000000000000881300004006000061
:1036B000803E000001000000020000000000000049
:1036C00000C030F00CCC3CFC03C333F30FCF3FFF02
:1036D0008040B0708C4CBC7C8343B3738F4FBF7FF2
:1036E00020E010D02CEC1CDC23E313D32FEF1FDFE2
:1036F000A0609050AC6C9C5CA3639353AF6F9F5FD2
:1037000008C838F804C434F40BCB3BFB07C737F7C1
:103710008848B8788444B4748B4BBB7B8747B777B1
:1037200028E818D824E414D42BEB1BDB27E717D7A1
:10373000A8689858A4649454AB6B9B5BA767975791
:1037400002C232F20ECE3EFE01C131F10DCD3DFD81
:103750008242B2728E4EBE7E8141B1718D4DBD7D71
:1037600022E212D22EEE1EDE21E111D12DED1DDD61
:10377000A2629252AE6E9E5EA1619151AD6D9D5D51
:103780000ACA3AFA06C636F609C939F905C535F541
:103790008A4ABA7A8646B6768949B9798545B57531
:1037A0002AEA1ADA26E616D629E919D925E515D521
:1037B000AA6A9A5AA6669656A9699959A565955511
:1037C00000000000010000000800000010000000E0
:1037D0000900000002000000030000000A000000D1
:1037E0001100000018000000200000001900000077
:1037F000120000000B0000000400000005000000A3
:103800000C000000130000001A000000210000005E
:103810002800000030000000290000002200000005
:103820001B000000140000000D0000000600000056
:10383000070000000E000000150000001C00000042
:10384000230000002A0000003100000038000000C2
:1038500039000000320000002B00000024000000AE
:103860001D000000160000000F00000017000000FF
:103870001E000000250000002C00000033000000A6
:103880003A0000003B000000340000002D00000062
:10389000260000001F000000270000002E0000008E
:1038A000350000003C0000003D0000003600000034
:1038B0002F000000370000003E0000003F00000025
:1038C0003F0000003F0000003F0000003F000000FC
:1038D0003F0000003F0000003F0000003F000000EC
:1038E0003F0000003F0000003F0000003F000000DC
:1038F0003F0000003F0000003F0000003F000000CC
:1039000000000000010000000800000009000000A5
:103910003F0000003F0000003F0000003F000000AB
:103920003F0000003F0000003F0000003F0000009B
:103930003F0000003F0000003F0000003F0000008B
:103940003F0000003F0000003F0000003F0000007B
:10395000000000000100000008000000100000004E
:1039600009000000020000000A0000001100000031
:10397000120000003F0000003F0000003F00000078
:103980003F0000003F0000003F0000003F0000003B
:103990003F0000003F0000003F0000003F0000002B
:1039A0003F0000003F0000003F0000003F0000001B
:1039B0003F000000000000000100000008000000BF
:1039C00010000000090000000200000003000000D9
:1039D0000A0000001100000018000000190000009B
:1039E000120000000B000000130000001A0000008D
:1039F0001B0000003F0000003F0000003F000000EF
:103A00003F0000003F0000003F0000003F000000BA
:103A10003F0000003F0000003F0000003F000000AA
:103A20003F0000003F0000003F0000003F0000009A
:103A30003F0000000000000001000000080000003E
:103A40001000000009000000020000000300000058
:103A50000A00000011000000180000002000000013
:103A600019000000120000000B000000040000001C
:103A70000C000000130000001A00000021000000EC
:103A8000220000001B000000140000001C000000C9
:103A900023000000240000003F0000003F00000061
:103AA0003F0000003F0000003F0000003F0000001A
:103AB0003F0000003F0000003F0000003F0000000A
:103AC0003F0000003F0000003F0000003F000000FA
:103AD0003F0000003F000000000000000100000067
:103AE00008000000100000000900000002000000B3
:103AF000030000000A000000110000001800000090
:103B00002000000019000000120000000B0000005F
:103B100004000000050000000C000000130000007D
:103B20001A00000021000000280000002900000009
:103B3000220000001B000000140000000D00000027
:103B4000150000001C000000230000002A000000F7
:103B50002B000000240000001D00000025000000D4
:103B60002C0000002D0000003F0000003F0000007E
:103B70003F0000003F0000003F0000003F00000049
:103B80003F0000003F0000003F0000003F00000039
:103B90003F0000003F0000003F0000003F00000029
:103BA0003F0000003F000000000000000100000096
:103BB00008000000100000000900000002000000E2
:103BC000030000000A0000001100000018000000BF
:103BD0002000000019000000120000000B0000008F
:103BE00004000000050000000C00000013000000AD
:103BF0001A00000021000000280000003000000032
:103C000029000000220000001B000000140000003A
:103C10000D000000060000000E000000150000006E
:103C20001C000000230000002A00000031000000FA
:103C3000320000002B000000240000001D000000E6
:103C4000160000001E000000250000002C000000EF
:103C500033000000340000002D00000026000000AA
:103C60002E00000035000000360000003F0000007C
:103C70003F0000003F0000003F0000003F00000048
:103C80003F0000003F0000003F0000003F00000038
:103C90003F0000003F0000003F0000003F00000028
:103CA0003F0000003F0000003F0000000000000057
:103CB0000000000000000000000000000BF80108F8
:103CC0001FF80108DFF70108E3F7010805F801080C
:103CD000A96F0308A96F0308A96F0308A96F030858
:103CE0000000000000000000C3F80108C5F801084A
:103CF00097FC010883F80108B961020817610208FE
:103D00001991000839F801083961020835F90108EC
:103D100079610208536102082B9100082F91000875
:103D200033910008379100083B9100083D9100084D
:103D30003F91000841910008439100081962020870
:103D40004591000809FD010851F80108D3F8010860
:103D50006BF801087DF801083DF8010801F9010838
:103D600095F90108ABF80108F9FB01088FF8010883
:103D700010182000000000080808080800000000D3
:103D800000000000B5090208C10902087D0A020806
:103D90007B0A02082F0B0208C10A0208D90902088F
:103DA00000000000000000001311020815110208B5
:103DB000499C00084D9C000811110208590C02088A
:103DC00000000000000000006911020891110208C3
:103DD0004D1102084D9C00088D1102086F11020858
:103DE00025110208F8FFFFFF000000006B11020818
:103DF0009F110208451102080000000000000000A9
:103E0000991D020879200208611B020800000000C9
:103E1000000000000000000000000000FD1102088A
:103E2000879C00088B9C00088F9C0008959C0008CC
:103E3000A5110208B3220208BB110208BF11020833
:103E4000E311020839120208E7110208A96F0308FA
:103E5000A96F0308A96F030800000000000000001C
:103E600000000000000000003D2302087B9C0008C9
:103E7000B96102082D240208199100082791000851
:103E800039610208719100087961020853610208E2
:103E90002B9100082F9100083391000837910008FA
:103EA0003B9100083D9100083F91000841910008B6
:103EB0004391000819620208459100085D910008CD
:103EC000599C00085F9C0008659C0008A96F0308C6
:103ED0000000000000000000292702082B2702082C
:103EE000ED260208CF260208B96102081761020810
:103EF00039270208279100083961020871910008EA
:103F000079610208536102082B9100082F91000883
:103F100033910008379100083B9100083D9100085B
:103F20003F9100084191000843910008196202087E
:103F3000459100085D9100080000000000000000AD
:103F400025280208592802089D2802086728020827
:103F5000B961020817610208892802082791000840
:103F60003961020871910008796102085361020801
:103F70002B9100082F910008339100083791000819
:103F80003B9100083D9100083F91000841910008D5
:103F90004391000819620208459100085D910008EC
:103FA0002728020800000000000000002129020864
:103FB000232902080000000000000000994D0208BB
:103FC000114E0208254E0208414E020829510208EE
:103FD000AD4D0208554E0208574E0208F5940008F0
:103FE00085500208A5900008754D0208A7900008AA
:103FF000394E020859590208E14D02086D52020873
:10400000B14D0208F54E020800000000000000005B
:104010000000000000000000A96F0308A96F03085A
:10402000B961020817610208199100082791000878
:1040300039610208A96F0308796102085361020817
:104040002B9100082F910008339100083791000848
:104050003B9100083D9100083F9100084191000804
:104060004391000819620208459100085D9100081B
:10407000000000000000000011AA000851AC000878
:104080000D650208000000000000000000000000B4
:10409000000000009769020891970008AF97000898
:1040A000B3970008959A0008B19A0008655F020866
:1040B000856002087D5F020821600208B79700084A
:1040C00017600208BB970008BF970008C797000851
:1040D000A96F0308276002088D9A0008919A0008CA
:1040E000CD970008D1970008A96F030800000000D1
:1040F00000000000036A0208056A0208F16902086C
:104100000000000000000000016A0208136A0208B3
:10411000F56902080000000000000000FF690208C5
:10412000216A0208F969020800000000000000008E
:10413000FD6902082F6A0208BB6F0208819100081E
:10414000F18F000883910008956A02083D6B020810
:104150003D6A0208F38F0008F58F00080000000098
:10416000000000008DB10208F9B40208B959030833
:10417000795C03085D5E0308000000000000000099
:104180008BB1020807B50208ADB6020801BD0208EE
:1041900079BF0208000000000000000089B1020899
:1041A00015B5020801B9020801C20208F1C50208EA
:1041B000000000000000000095B102089FB6020850
:1041C00009AB0208000000000000000093B10208E3
:1041D00091B6020851AE0208000000000000000085
:1041E00091B1020883B60208DD4C0308000000000C
:1041F000000000008FB1020875B6020809540308D8
:104200000000000000000000A9B1020813B6020877
:10421000B3A002080000000000000000A7B10208DF
:1042200005B6020861A302080000000000000000BB
:10423000C5B102084FB50208BB8B020800000000A0
:1042400000000000BDB1020887B502081F900208F7
:104250000000000000000000ADB102082FB6020807
:10426000D59A020800000000000000009DB102087D
:1042700067B60208F3A40208000000000000000076
:10428000C3B1020841B502087B8E0208000000009D
:1042900000000000BBB1020879B50208E9920208EB
:1042A0000000000000000000ABB1020821B60208C7
:1042B000C39D02080000000000000000A1B1020838
:1042C000DBB502088B2E0308000000000000000090
:1042D0009BB1020859B6020809A8020800000000B4
:1042E00000000000B5B10208BFB50208E994020859
:1042F00000000000000000009FB10208CDB50208D8
:10430000FB3303080000000000000000C1B10208F8
:1043100033B502085DED0208000000000000000057
:10432000B9B102086BB50208C7F802080000000026
:1043300000000000A5B10208F7B50208311A030811
:104340000000000000000000B3B10208B1B502088F
:10435000C5970208000000000000000099B10208A3
:104360004BB60208DF39030800000000000000001F
:10437000BFB1020825B5020823F3020800000000BF
:1043800000000000B7B102085DB5020835FF020861
:104390000000000000000000A3B10208E9B5020817
:1043A00029250308000000000000000097B1020862
:1043B0003DB6020899430308000000000000000019
:1043C000B1B10208A3B50208D90503080000000036
:1043D00000000000AFB1020895B50208D50F030830
:1043E00000000000000000000FAA000843AC000815
:1043F0000DDC02081DB3020835D30208C7B102085C
:1044000019CA02080DB2020841CC0208D5CC020834
:104410005D8A0208618A0208658A02083536020848
:10442000493602080139020855360208758A020821
:1044300039370208DDDF020800000000000000003C
:10444000D16D0308E96D03081F6803087075726574
:10445000207669727475616C206D6574686F642074
:1044600063616C6C65640A00A44E0408744404081B
:10447000EC4404084E395F5F676E755F637878328D
:10448000307265637572736976655F696E69745FB2
:104490006572726F724500000000000068440408F5
:1044A000197303082D730308517303087374643A76
:1044B0003A6261645F657863657074696F6E00006D
:1044C0007374643A3A657863657074696F6E00005E
:1044D000184F0408F4440408184F0408144504084D
:1044E000A44E040838450408EC440408184F040896
:1044F0004C4504084E31305F5F63787861626976BD
:104500003131355F5F666F726365645F756E7769C1
:104510006E6445004E31305F5F6378786162697622
:104520003131395F5F666F726569676E5F657863A9
:10453000657074696F6E4500537431336261645FF6
:10454000657863657074696F6E0000005374396537
:104550007863657074696F6E0000000000000000F1
:10456000E04404084D73030861730308597303089A
:104570007465726D696E6174652063616C6C6564ED
:10458000207265637572736976656C790A00000044
:104590007465726D696E6174652063616C6C6564CD
:1045A000206166746572207468726F77696E672027
:1045B000616E20696E7374616E6365206F6620277B
:1045C00000000000270A00007465726D696E617456
:1045D000652063616C6C656420776974686F7574BD
:1045E00020616E206163746976652065786365700B
:1045F00074696F6E0A0000002020776861742829B2
:104600003A2020005F474C4F42414C5F00000000C1
:1046100028616E6F6E796D6F7573206E616D657355
:10462000706163652900000025640000735000007C
:10463000636C000064740000707400007175000009
:10464000737472696E67206C69746572616C0000C6
:10465000737464006175746F000000006465636CBE
:1046600074797065286175746F2900006C690000A9
:104670005B6162693A0000003A3A00007B6465665B
:1046800061756C7420617267230000007D3A3A0006
:104690004A417272617900005B5D00006175746F60
:1046A0003A000000767461626C6520666F722000CB
:1046B00056545420666F722000000000636F6E73C2
:1046C0007472756374696F6E20767461626C6520B4
:1046D000666F7220000000002D696E2D0000000042
:1046E00074797065696E666F20666F7220000000D5
:1046F00074797065696E666F206E616D6520666F96
:104700007220000074797065696E666F20666E2095
:10471000666F7220000000006E6F6E2D76697274F5
:1047200075616C207468756E6B20746F20000000DA
:10473000636F76617269616E742072657475726EF2
:10474000207468756E6B20746F2000006A6176615A
:1047500020436C61737320666F722000677561720D
:1047600064207661726961626C6520666F722000F8
:10477000544C5320696E69742066756E6374696F5A
:104780006E20666F72200000544C53207772617067
:104790007065722066756E6374696F6E20666F72E5
:1047A000200000007265666572656E636520746541
:1047B0006D706F7261727920230000006869646413
:1047C000656E20616C69617320666F722000000065
:1047D0006E6F6E2D7472616E73616374696F6E209B
:1047E000636C6F6E6520666F722000005F536174AA
:1047F000200000005F416363756D00005F467261D9
:10480000637400002C2000006F70657261746F7219
:10481000000000006F70657261746F72200000000C
:1048200061640000735A0000677300003E280000B6
:1048300069780000203A20006E65772000000000B3
:10484000756C00006C6C0000756C6C0066616C73BC
:104850006500000074727565000000006A61766191
:10486000207265736F757263652000006465636C08
:1048700074797065202800002E2E2E0074686973EC
:10488000000000007B7061726D230000676C6F6236
:10489000616C20636F6E7374727563746F727320D2
:1048A0006B6579656420746F20000000676C6F622F
:1048B000616C2064657374727563746F7273206BBE
:1048C0006579656420746F20000000007B6C616D69
:1048D0006264612800000000292300007B756E6E71
:1048E000616D65642074797065230000205B636CE2
:1048F0006F6E65200000000020726573747269633A
:104900007400000020766F6C6174696C65000000B3
:1049100020636F6E73740000207472616E73616344
:1049200074696F6E5F73616665000000206E6F656D
:104930007863657074000000207468726F770000FF
:1049400026260000636F6D706C6578200000000003
:10495000696D6167696E6172792000003A3A2A00D8
:10496000205F5F766563746F72280000282E2E2EFC
:10497000000000002E2E2E29000000007374643AFF
:104980003A616C6C6F6361746F720000616C6C6F84
:104990006361746F720000007374643A3A62617309
:1049A00069635F737472696E6700000062617369A6
:1049B000635F737472696E67000000007374643A19
:1049C0003A737472696E67007374643A3A62617321
:1049D00069635F737472696E673C636861722C20EF
:1049E0007374643A3A636861725F74726169747374
:1049F0003C636861723E2C207374643A3A616C6C5B
:104A00006F6361746F723C636861723E203E0000A8
:104A10007374643A3A6973747265616D00000000E2
:104A20007374643A3A62617369635F69737472653F
:104A3000616D3C636861722C207374643A3A6368F8
:104A400061725F7472616974733C636861723E2065
:104A50003E00000062617369635F6973747265612F
:104A60006D0000007374643A3A6F73747265616D1F
:104A7000000000007374643A3A62617369635F6FA7
:104A800073747265616D3C636861722C2073746429
:104A90003A3A636861725F7472616974733C636807
:104AA00061723E203E00000062617369635F6F7354
:104AB000747265616D0000007374643A3A696F73D3
:104AC000747265616D0000007374643A3A626173D8
:104AD00069635F696F73747265616D3C636861726D
:104AE0002C207374643A3A636861725F747261690E
:104AF00074733C636861723E203E000062617369BA
:104B0000635F696F73747265616D0000614E0000D0
:104B1000263D0000615300003D000000616100007F
:104B200026000000616E000061740000616C69671E
:104B30006E6F662000000000617A00006363000071
:104B4000636F6E73745F63617374000028290000E3
:104B5000636D00002C000000636F00007E00000009
:104B6000645600002F3D00006461000064656C65C0
:104B700074655B5D200000006463000064796E6111
:104B80006D69635F63617374000000006465000019
:104B90002A000000646C000064656C657465200088
:104BA000647300002E2A0000647600002F000000CD
:104BB000654F00005E3D0000656F00005E00000074
:104BC000657100003D3D0000664C0000665200002B
:104BD000666C000066720000676500003E3D0000E4
:104BE000677400006C5300003C3C3D003C3D0000FD
:104BF0006F70657261746F72222220006C73000006
:104C00003C3C00006C7400003C0000006D4900005A
:104C10002D3D00006D4C00002A3D00006D69000034
:104C20002D0000006D6C00006D6D00002D2D00004A
:104C30006E6100006E65775B5D0000006E650000D0
:104C4000213D00006E740000210000006E7700001E
:104C50006E6577006F5200007C3D00006F6F0000B2
:104C60007C7C00007C000000704C00002B3D0000AC
:104C7000706C00002B000000706D00002D3E2A00BB
:104C8000707000002B2B0000707300002D3E0000A0
:104C90003F000000724D0000253D000072530000EF
:104CA0003E3E3D00726300007265696E746572700D
:104CB0007265745F6361737400000000726D0000C0
:104CC00025000000727300003E3E000073697A65A3
:104CD0006F662E2E2E0000007363000073746174E3
:104CE00069635F636173740073697A656F6620003E
:104CF000737A0000747200007468726F77000000AD
:104D0000747700007468726F772000007369676EB3
:104D10006564206368617200626F6F6C0000000060
:104D2000626F6F6C65616E00636861720000000005
:104D30006279746500000000646F75626C65000044
:104D40006C6F6E6720646F75626C6500666C6F6176
:104D5000740000005F5F666C6F6174313238000070
:104D6000756E7369676E6564206368617200000028
:104D7000696E7400756E7369676E656420696E7420
:104D800000000000756E7369676E656400000000C6
:104D90006C6F6E6700000000756E7369676E656406
:104DA000206C6F6E670000005F5F696E743132388F
:104DB00000000000756E7369676E6564205F5F694F
:104DC0006E7431323800000073686F727400000036
:104DD000756E7369676E65642073686F7274000026
:104DE000766F69640000000077636861725F740029
:104DF0006C6F6E67206C6F6E67000000756E736974
:104E0000676E6564206C6F6E67206C6F6E67000064
:104E1000646563696D616C333200000064656369C9
:104E20006D616C3634000000646563696D616C31DE
:104E30003238000068616C660000000063686172CF
:104E400031365F74000000006368617233325F7452
:104E5000000000006465636C74797065286E756C81
:104E60006C70747229000000A44E0408744E04088B
:104E7000E04E04084E31305F5F6378786162697696
:104E80003132305F5F73695F636C6173735F747934
:104E900070655F696E666F450000000000000000ED
:104EA000684E0408457D0308597D0308617E0308A8
:104EB000617E0308617F0308917E0308317E030849
:104EC000B17D0308757D0308184F0408D04E04080F
:104ED000537439747970655F696E666F0000000005
:104EE000A44E0408EC4E0408C84E04084E31305F4E
:104EF0005F637878616269763131375F5F636C61D7
:104F000073735F747970655F696E666F450000004A
:104F100000000000E04E0408D57E0308E97E030887
:104F2000617E0308617E0308617F0308917E0308A8
:104F3000497F0308057F0308C97E030873717274F3
:104F400066000000000FC93F000F494000CB9640AB
:104F5000000FC9400053FB4000CB164100ED2F412C
:104F6000000F49410031624100537B41003A8A41C0
:104F700000CB9641005CA34100EDAF41007EBC41F7
:104F8000000FC94100A0D5410031E24100C2EE410D
:104F90000053FB4100F20342003A0A4200831042F0
:104FA00000CB164200141D42005C234200A529429A
:104FB00000ED2F4200363642007E3C4200C742429E
:104FC000000F4942A2000000F90000008300000029
:104FD0006E0000004E0000004400000015000000BC
:104FE00029000000FC00000027000000570000001E
:104FF000D1000000F500000034000000DD000000DA
:10500000C0000000DB00000062000000950000000E
:10501000990000003C0000004300000090000000E8
:1050200041000000FE00000051000000630000008D
:10503000AB000000DE000000BB000000C500000067
:1050400061000000B7000000240000006E000000B6
:105050003A000000420000004D000000D2000000B5
:10506000E000000006000000490000002E000000E3
:10507000EA00000009000000D100000092000000DA
:105080001C000000FE0000001D000000EB000000FE
:105090001C000000B100000029000000A700000073
:1050A0003E000000E8000000820000003500000023
:1050B000F50000002E000000BB00000044000000CE
:1050C00084000000E90000009C0000007000000067
:1050D00026000000B40000005F0000007E00000019
:1050E000410000003900000091000000D6000000DF
:1050F0003900000083000000530000003900000068
:10510000F40000009C000000840000005F0000002C
:105110008B000000BD000000F90000002800000026
:105120003B0000001F000000F80000009700000096
:10513000FF000000DE0000000500000098000000F5
:105140000F000000EF0000002F0000001100000021
:105150008B0000005A0000000A0000006D000000F3
:105160001F0000006D000000360000007E000000FF
:10517000CF00000027000000CB0000000900000065
:10518000B70000004F000000460000003F00000094
:10519000660000009E0000005F000000EA000000C2
:1051A0002D0000007500000027000000BA0000007C
:1051B000C7000000EB000000E5000000F100000067
:1051C0007B0000003D0000000700000039000000E7
:1051D000F70000008A00000052000000920000006A
:1051E000EA0000006B000000FB0000005F00000010
:1051F000B10000001F0000008D0000005D000000F5
:10520000080000005600000003000000300000000D
:1052100046000000FC0000007B0000006B00000066
:10522000AB000000F0000000CF000000BC00000058
:10523000200000009A000000F4000000360000008A
:105240001D000000A9000000E30000009100000024
:10525000610000005E000000E60000001B0000008E
:1052600008000000650000009900000085000000B3
:105270005F00000014000000A000000068000000B3
:10528000400000008D000000FF000000D80000007A
:10529000800000004D0000007300000027000000A7
:1052A00031000000060000000600000015000000AC
:1052B00056000000CA00000073000000A8000000B3
:1052C000C900000060000000E20000007B00000058
:1052D000C00000008C0000006B0000000000C93F0F
:1052E0000000F0390000DA370000A2330000842EFD
:1052F0000000502B0000C2270000D0220000C41F75
:105300000000C61B00004417040000000700000056
:10531000090000003863ED3EDA0F493F5E987B3F9D
:10532000DA0FC93F6937AC3168212233B40F143327
:105330006821A2332C2066756E6374696F6E3A2003
:1053400000000000617373657274696F6E2022251E
:105350007322206661696C65643A2066696C652019
:10536000222573222C206C696E6520256425732507
:10537000730A0000D0000020494E4600696E6600A6
:105380004E414E006E616E00303132333435363767
:105390003839616263646566000000003031323381
:1053A0003435363738394142434445460000000021
:1053B000286E756C6C290000300000002020202031
:1053C000202020202020202020202020303030309D
:1053D000303030303030303030303030202020200D
:1053E000202020202020202020202020303030307D
:1053F000303030303030303030303030496E6669E7
:105400006E697479000000004E614E004300000098
:10541000504F5349580000000080E03779C34143A2
:10542000176E05B5B5B89346F5F93FE9034F384D0A
:10543000321D30F94877825A3CBF737FDD4F1575B6
:10544000000000000000F03F0000000000002440C9
:1054500000000000000059400000000000408F40A4
:10546000000000000088C34000000000006AF8400F
:105470000000000080842E4100000000D012634133
:105480000000000084D797410000000065CDCD41A9
:10549000000000205FA00242000000E8764837428A
:1054A000000000A2941A6D42000040E59C30A24228
:1054B0000000901EC4BCD64200003426F56B0C439D
:1054C0000080E03779C3414300A0D8855734764344
:1054D00000C84E676DC1AB43003D9160E458E143A5
:1054E000408CB5781DAF154450EFE2D6E41A4B441A
:1054F00092D54D06CFF08044F64AE1C7022DB5445F
:10550000B49DD9794378EA440500000019000000F1
:105510007D0000000020202020202020202028289E
:105520002828282020202020202020202020202063
:1055300020202020208810101010101010101010A3
:1055400010101010100404040404040404040410D3
:105550001010101010104141414141410101010161
:10556000010101010101010101010101010101012B
:105570001010101010104242424242420202020237
:1055800002020202020202020202020202020202FB
:1055900010101010200000000000000000000000AB
:1055A00000000000000000000000000000000000FB
:1055B00000000000000000000000000000000000EB
:1055C00000000000000000000000000000000000DB
:1055D00000000000000000000000000000000000CB
:1055E00000000000000000000000000000000000BB
:1055F00000000000000000000000000000000000AB
:10560000000000000000000000000000000000009A
:08561000000000000000000092
:1056180000000000F4380490000000004C00FF0077
:10562800660001002E00FF004600FE005000FE004C
:105638005400FE005600FE005700FE005900FE0010
:105648006600FF007200FE007600FF007700FF0092
:105658007900FF002E00FF004B00FF004C00FF0008
:105668005200FF005400FF005800FF005900FF00DF
:105678006B00FF004600FE005000FE005400FE00D4
:105688005600FE005700FE005900FE006600FF00AD
:105698007200FE007600FF007700FF007900FF002F
:1056A8005400FE005600FF005700FF005900FE009E
:1056B8005400FE005600FF005700FF005900FE008E
:1056C800660001002700FF004600FF005400FF00AD
:1056D8005900FF002D00FF004C000100AD00FF0045
:1056E8002D00FF004100FF004C00FF005400FF00A8
:1056F8006500FF00AD00FF004C00FF004C00FF00FC
:105708002D00FF00AD00FF002D00FF004100FF004D
:105718004C00FF00AD00FF006600010066000100BC
:105728004600FF005400FE005600FF005700FF002F
:105738005900FF005400FE005900FF004B00FF0015
:105748005400FE005600FF005700FF005900FF00FC
:105758005400FE005900FF005900FF005900FF00E7
:105768004B00FF005400FE005600FF005700FF00EA
:105778005900FF005900FF005900FF005400FE00C7
:105788005900FF005400FF005900FF005400FE00BC
:105798005900FF004B00FF004C00FF005400FE00C2
:1057A8005900FF004B00FF005400FE004B00FF00B3
:1057B8004C00FF005400FE005600FF005700FF0099
:1057C8005800FF005A00FF005400FF006600010067
:1057D8002E00FF004B00FF004C00FF005200FF00AE
:1057E8005400FF005800FF005900FF006B00FF0045
:1057F8002700FF004600FF005000FF005400FF0094
:105808005600FF005900FF004600FF005400FE004C
:105818005600FF005700FF005900FF004B00FF0033
:105828005400FE005600FF005700FF005900FF001B
:0858380000FC039018FD039031
:1058400008B10181B0B000840000000008B10181FE
:10585000B0B0008400000000A91CFF7F8408B101E3
:10586000B0B0B000FF1019010C020608010C0410C2
:10587000051C0A000001007F00007D000000000000
:105880000000000008B10181B0B0008400000000F9
:1058900008B10181B0B000840000000008B10181AE
:1058A000B0B0008400000000591CFF7FB0AF1800AA
:1058B000FF1019011124A6070000EE0704D8090102
:1058C000BA08A8010000010000000000351CFF7F9D
:1058D000B0AF0400FF101D0112200436012A042E6F
:1058E000017646BC0100C401040000010000000074
:1058F000000000000D1CFF7FB0AA0100FF1029016D
:1059000018343000006804A8010372360000C40196
:1059100018EC0100E6010E00000200017D0000000D
:1059200000000000C8EBFFFFD91BFF7FA908B100F2
:10593000FFFF010008B10181B0B000840000000049
:0C59400008B10181B0B00084000000003C
:10594C001C1DFC7F010000007C20FC7FB0A90280A4
:10595C001821FC7FB0B0A8806821FC7F01000000FA
:10596C007421FC7FB0B0AA80AC21FC7FAE71B280F8
:10597C006C22FC7F010000006822FC7FAB3F38806A
:10598C00C022FC7F01000000CC22FC7FB0B0AA80BA
:10599C000823FC7F01000000AC23FC7FAB0EB2801F
:1059AC001424FC7FB0AF0880E026FC7F01000000CF
:1059BC00E426FC7FAC3F03805C29FC7F01000000E7
:1059CC00382BFC7F008404804C2BFC7F01000000F2
:1059DC00482BFC7FB0AD0480042EFC7FB0A8038064
:1059EC00242EFC7F44FFFF7F282EFC7F48FFFF7F87
:1059FC00342EFC7F01000000F813FF7F38FEFF7F80
:105A0C002814FF7F010000009415FF7F34FEFF7FF8
:105A1C00A015FF7F38FEFF7FC015FF7F010000003F
:105A2C00CC15FF7F54FEFF7FCC15FF7F58FEFF7F08
:105A3C00D815FF7F01000000FC15FF7FB0AB028082
:105A4C00A416FF7F010000008017FF7FB0B0A88074
:105A5C00BC17FF7F010000000C18FF7FAB08B18062
:105A6C003C18FF7FB0B0A880A418FF7F0100000095
:105A7C00F818FF7FAB08B180B019FF7F14FEFF7FD1
:105A8C00E019FF7FAB08B1806C1AFF7F10FEFF7F1F
:105A9C00481FFF7F010000009C1FFF7F24FEFF7F3B
:105AAC007020FF7F44FEFF7F7821FF7F70FEFF7F19
:105ABC00F021FF7F010000006C23FF7FB0B0AC80B1
:105ACC009023FF7F01000000BC23FF7FB0AA03805E
:085ADC00EC23FF7F0100000034
:105AE400FDD0030825020008719A0008F5A40008F7
:105AF4006DAC0008B1B50008514A0208AD5E020859
:045B0400816F0308A2
:045B0800010200088E
:105B0C00000000005A000000BCFF03080024F40051
:105B1C000201000010000000AAAAAAAA5520010840
:105B2C00ED1E0108E51E01084D200108311F01087A
:105B3C00751F01083920010851200108E71E0108D2
:105B4C0043200108E8030000644104088041040874
:105B5C00B8410408CC410408E0410408F4410408AD
:105B6C006C420408D0420408304204088042040805
:105B7C004442040894420408E442040848430408DC
:105B8C00084204081C4204085C430408AC430408A3
:105B9C000C4304087043040820430408844304089D
:105BAC0058420408A8420408C0430408D44304081B
:105BBC00BC420408F842040834430408984304081F
:105BCC001D7B0308E56F030801000000D0000020D6
:105BDC0000000000BC030020240400208C040020E2
:105BEC0000000000000000000000000000000000A9
:105BFC000000000000000000000000000000000099
:105C0C000000000000000000000000000000000088
:105C1C000000000000000000000000000000000078
:105C2C000000000000000000000000000000000068
:105C3C000000000000000000000000000000000058
:105C4C000000000000000000000000000000000048
:105C5C000000000000000000000000000000000038
:105C6C000000000000000000000000000000000028
:105C7C000000000000000000010000000000000017
:105C8C000E33CDAB34126DE6ECDE05000B000000DC
:105C9C0000000000000000000000000000000000F8
:105CAC0000000000000000000000000000000000E8
:105CBC0000000000000000000000000000000000D8
:105CCC0000000000000000000000000000000000C8
:105CDC0000000000000000000000000000000000B8
:105CEC0000000000000000000000000000000000A8
:105CFC000000000000000000000000000000000098
:105D0C000000000000000000000000000000000087
:105D1C000000000000000000000000000000000077
:105D2C000000000000000000000000000000000067
:105D3C000000000000000000000000000000000057
:105D4C000000000000000000000000000000000047
:105D5C000000000000000000000000000000000037
:105D6C000000000000000000000000000000000027
:105D7C000000000000000000000000000000000017
:105D8C000000000000000000000000000000000007
:105D9C0000000000000000000000000000000000F7
:105DAC0000000000000000000000000000000000E7
:105DBC0000000000000000000000000000000000D7
:105DCC0000000000000000000000000000000000C7
:105DDC0000000000000000000000000000000000B7
:105DEC0000000000000000000000000000000000A7
:105DFC000000000000000000000000000000000097
:105E0C000000000000000000000000000000000086
:105E1C000000000000000000000000000000000076
:105E2C000000000000000000000000000000000066
:105E3C000000000000000000000000000000000056
:105E4C000000000000000000000000000000000046
:105E5C000000000000000000000000000000000036
:105E6C000000000000000000000000000000000026
:105E7C000000000000000000000000000000000016
:105E8C000000000000000000000000000000000006
:105E9C0000000000000000000000000000000000F6
:105EAC0000000000000000000000000000000000E6
:105EBC0000000000000000000000000000000000D6
:105ECC0000000000000000000000000000000000C6
:105EDC0000000000000000000000000000000000B6
:105EEC0000000000000000000000000000000000A6
:105EFC000000000000000000000000000000000096
:105F0C000000000000000000000000000000000085
:105F1C000000000000000000000000000000000075
:105F2C000000000000000000000000000000000065
:105F3C000000000000000000000000000000000055
:105F4C000000000000000000000000000000000045
:105F5C000000000000000000000000000000000035
:105F6C000000000000000000000000000000000025
:105F7C000000000000000000000000000000000015
:105F8C000000000000000000000000000000000005
:105F9C0000000000000000000000000000000000F5
:105FAC0000000000000000000000000000000000E5
:105FBC0000000000000000000000000000000000D5
:105FCC0000000000000000000000000000000000C5
:105FDC0000000000000000000000000000000000B5
:105FEC0000000000000000000000000000000000A5
:105FFC000000000000000000000000000000000095
:10600C00F8040020F8040020000500200005002002
:10601C0008050020080500201005002010050020B0
:10602C001805002018050020200500202005002060
:10603C002805002028050020300500203005002010
:10604C0038050020380500204005002040050020C0
:10605C004805002048050020500500205005002070
:10606C005805002058050020600500206005002020
:10607C0068050020680500207005002070050020D0
:10608C007805002078050020800500208005002080
:10609C008805002088050020900500209005002030
:1060AC009805002098050020A0050020A0050020E0
:1060BC00A8050020A8050020B0050020B005002090
:1060CC00B8050020B8050020C0050020C005002040
:1060DC00C8050020C8050020D0050020D0050020F0
:1060EC00D8050020D8050020E0050020E0050020A0
:1060FC00E8050020E8050020F0050020F005002050
:10610C00F8050020F80500200006002000060020FD
:10611C0008060020080600201006002010060020AB
:10612C00180600201806002020060020200600205B
:10613C00280600202806002030060020300600200B
:10614C0038060020380600204006002040060020BB
:10615C00480600204806002050060020500600206B
:10616C00580600205806002060060020600600201B
:10617C0068060020680600207006002070060020CB
:10618C00780600207806002080060020800600207B
:10619C00880600208806002090060020900600202B
:1061AC009806002098060020A0060020A0060020DB
:1061BC00A8060020A8060020B0060020B00600208B
:1061CC00B8060020B8060020C0060020C00600203B
:1061DC00C8060020C8060020D0060020D0060020EB
:1061EC00D8060020D8060020E0060020E00600209B
:1061FC00E8060020E8060020F0060020F00600204B
:10620C00F8060020F80600200007002000070020F8
:10621C0008070020080700201007002010070020A6
:10622C001807002018070020200700202007002056
:10623C002807002028070020300700203007002006
:10624C0038070020380700204007002040070020B6
:10625C004807002048070020500700205007002066
:10626C005807002058070020600700206007002016
:10627C0068070020680700207007002070070020C6
:10628C007807002078070020800700208007002076
:10629C008807002088070020900700209007002026
:1062AC009807002098070020A0070020A0070020D6
:1062BC00A8070020A8070020B0070020B007002086
:1062CC00B8070020B8070020C0070020C007002036
:1062DC00C8070020C8070020D0070020D0070020E6
:1062EC00D8070020D8070020E0070020E007002096
:1062FC00E8070020E8070020F0070020F007002046
:10630C00F8070020F80700200008002000080020F3
:10631C0008080020080800201008002010080020A1
:10632C001808002018080020200800202008002051
:10633C002808002028080020300800203008002001
:10634C0038080020380800204008002040080020B1
:10635C004808002048080020500800205008002061
:10636C005808002058080020600800206008002011
:10637C0068080020680800207008002070080020C1
:10638C007808002078080020800800208008002071
:10639C008808002088080020900800209008002021
:1063AC009808002098080020A0080020A0080020D1
:1063BC00A8080020A8080020B0080020B008002081
:1063CC00B8080020B8080020C0080020C008002031
:1063DC00C8080020C8080020D0080020D0080020E1
:1063EC00D8080020D8080020E0080020E008002091
:1063FC00E8080020E8080020F0080020F008002041
:10640C00FFFFFFFF00000200386D01204300000079
:10641C000000000000000000000000000000000070
:10642C00000000000000000000000000430000001D
:10643C000000000000000000000000000000000050
:10644C0000000000000000000000000043000000FD
:10645C000000000000000000000000000000000030
:10646C0000000000000000000000000043000000DD
:10647C000000000000000000000000000000000010
:10648C0000000000000000000000000043000000BD
:10649C0000000000000000000000000000000000F0
:1064AC00000000000000000000000000430000009D
:1064BC0000000000000000000000000000000000D0
:1064CC00000000000000000000000000430000007D
:1064DC0000000000000000000000000000000000B0
:1064EC0000000000000000000000000029EE03087E
:1064FC005DE503080000000014550408D44C0408A2
:10650C004053040840530408405304084053040803
:10651C0040530408405304084053040840530408F3
:10652C0040530408FFFFFFFFFFFFFFFFFFFFFFFFCC
:10653C00FFFF0000010041534349490000000000E7
:10654C00000000000000000000000000000000003F
:10655C0000000000000041534349490000000000C6
:10656C00000000000000000000000000000000001F
:08657C00000000000000000017
:040000050801F78D6A
:00000001FF
